trade_index,entry_time,bucket_mean_mfe,cumulative_mfe,fact_log_return,cumulative_fact_log_return
0,2025-12-01 00:00:00,0.006103633318063704,-0.006103633318063623,-0.006103633318063623,-0.006103633318063623
1,2025-12-01 00:05:00,0.006103633318063704,-0.01220726663612747,-0.006103633318063847,-0.01220726663612747
2,2025-12-01 00:07:00,0.006103633318063704,-0.018310899954191204,-0.006103633318063735,-0.018310899954191204
3,2025-12-01 00:19:00,0.006103633318063704,-0.024414533272254825,-0.006103633318063623,-0.024414533272254825
4,2025-12-01 00:22:00,0.006103633318063704,-0.03051816659031856,-0.006103633318063735,-0.03051816659031856
5,2025-12-01 00:33:00,0.006103633318063704,-0.036621799908382296,-0.006103633318063735,-0.036621799908382296
6,2025-12-01 00:48:00,0.006103633318063704,-0.04272543322644603,-0.006103633318063735,-0.04272543322644603
7,2025-12-01 00:54:00,0.006103633318063704,-0.036621799908382324,0.006103633318063704,-0.036621799908382324
8,2025-12-01 01:04:00,0.006103633318063704,-0.03051816659031862,0.006103633318063704,-0.03051816659031862
9,2025-12-01 01:10:00,0.006103633318063704,-0.032233299153901586,-0.001715132563582967,-0.032233299153901586
10,2025-12-01 12:52:00,0.006103633318063704,-0.02612966583583788,0.006103633318063704,-0.02612966583583788
11,2025-12-01 13:04:00,0.006103633318063704,-0.032233299153901614,-0.006103633318063735,-0.032233299153901614
12,2025-12-01 13:34:00,0.006103633318063704,-0.038336932471965346,-0.006103633318063735,-0.038336932471965346
13,2025-12-01 14:33:00,0.006103633318063704,-0.03223329915390164,0.006103633318063704,-0.03223329915390164
14,2025-12-01 14:38:00,0.006103633318063704,-0.038336932471965374,-0.006103633318063735,-0.038336932471965374
15,2025-12-01 14:46:00,0.006103633318063704,-0.044440565790029106,-0.006103633318063735,-0.044440565790029106
16,2025-12-01 15:15:00,0.006103633318063704,-0.05054419910809284,-0.006103633318063735,-0.05054419910809284
17,2025-12-01 15:34:00,0.006103633318063704,-0.044440565790029134,0.006103633318063704,-0.044440565790029134
18,2025-12-01 15:37:00,0.006103633318063704,-0.03833693247196543,0.006103633318063704,-0.03833693247196543
19,2025-12-01 15:51:00,0.006103633318063704,-0.04444056579002916,-0.006103633318063735,-0.04444056579002916
20,2025-12-01 16:07:00,0.006103633318063704,-0.050544199108092894,-0.006103633318063735,-0.050544199108092894
21,2025-12-01 16:37:00,0.006103633318063704,-0.056647832426156626,-0.006103633318063735,-0.056647832426156626
22,2025-12-01 16:51:00,0.006103633318063704,-0.05054419910809292,0.006103633318063704,-0.05054419910809292
23,2025-12-01 17:35:00,0.006103633318063704,-0.04444056579002922,0.006103633318063704,-0.04444056579002922
24,2025-12-01 18:15:00,0.006103633318063704,-0.05054419910809295,-0.006103633318063735,-0.05054419910809295
25,2025-12-01 20:07:00,0.006103633318063704,-0.0515062772709724,-0.00096207816287945,-0.0515062772709724
26,2025-12-01 21:22:00,0.006103633318063704,-0.045402643952908696,0.006103633318063704,-0.045402643952908696
27,2025-12-01 22:05:00,0.006103633318063704,-0.03929901063484499,0.006103633318063704,-0.03929901063484499
28,2025-12-02 01:07:00,0.006103633318063704,-0.045402643952908724,-0.006103633318063735,-0.045402643952908724
29,2025-12-02 01:16:00,0.006103633318063704,-0.04163586558404235,0.0037667783688663725,-0.04163586558404235
30,2025-12-02 10:53:00,0.006103633318063704,-0.04163586558404235,0.0,-0.04163586558404235
31,2025-12-02 13:17:00,0.006103633318063704,-0.035532232265978646,0.006103633318063704,-0.035532232265978646
32,2025-12-02 13:28:00,0.006103633318063704,-0.02942859894791494,0.006103633318063704,-0.02942859894791494
33,2025-12-02 14:32:00,0.006103633318063704,-0.023324965629851237,0.006103633318063704,-0.023324965629851237
34,2025-12-02 14:39:00,0.006103633318063704,-0.017221332311787532,0.006103633318063704,-0.017221332311787532
35,2025-12-02 14:46:00,0.006103633318063704,-0.011117698993723828,0.006103633318063704,-0.011117698993723828
36,2025-12-02 14:50:00,0.006103633318063704,-0.017221332311787563,-0.006103633318063735,-0.017221332311787563
37,2025-12-02 14:55:00,0.006103633318063704,-0.011117698993723859,0.006103633318063704,-0.011117698993723859
38,2025-12-02 15:04:00,0.006103633318063704,-0.005014065675660155,0.006103633318063704,-0.005014065675660155
39,2025-12-02 15:09:00,0.006103633318063704,0.0010895676424035484,0.006103633318063704,0.0010895676424035484
40,2025-12-02 15:14:00,0.006103633318063704,0.007193200960467252,0.006103633318063704,0.007193200960467252
41,2025-12-02 15:16:00,0.006103633318063704,0.0010895676424035172,-0.006103633318063735,0.0010895676424035172
42,2025-12-02 15:30:00,0.006103633318063704,0.007193200960467221,0.006103633318063704,0.007193200960467221
43,2025-12-02 15:42:00,0.006103633318063704,0.013296834278530924,0.006103633318063704,0.013296834278530924
44,2025-12-02 15:44:00,0.006103633318063704,0.01940046759659463,0.006103633318063704,0.01940046759659463
45,2025-12-02 15:46:00,0.006103633318063704,0.013296834278530893,-0.006103633318063735,0.013296834278530893
46,2025-12-02 15:55:00,0.006103633318063704,0.019400467596594598,0.006103633318063704,0.019400467596594598
47,2025-12-02 16:11:00,0.006103633318063704,0.013296834278530862,-0.006103633318063735,0.013296834278530862
48,2025-12-02 16:16:00,0.006103633318063704,0.007193200960467015,-0.006103633318063847,0.007193200960467015
49,2025-12-02 16:23:00,0.006103633318063704,0.01329683427853072,0.006103633318063704,0.01329683427853072
50,2025-12-02 16:30:00,0.006103633318063704,0.019400467596594424,0.006103633318063704,0.019400467596594424
51,2025-12-02 16:57:00,0.006103633318063704,0.02550410091465813,0.006103633318063704,0.02550410091465813
52,2025-12-02 17:19:00,0.006103633318063704,0.03160773423272183,0.006103633318063704,0.03160773423272183
53,2025-12-02 17:32:00,0.006103633318063704,0.025504100914658212,-0.006103633318063623,0.025504100914658212
54,2025-12-02 17:52:00,0.006103633318063704,0.03160773423272192,0.006103633318063704,0.03160773423272192
55,2025-12-03 14:03:00,0.006103633318063704,0.03771136755078562,0.006103633318063704,0.03771136755078562
56,2025-12-03 14:11:00,0.006103633318063704,0.043815000868849326,0.006103633318063704,0.043815000868849326
57,2025-12-03 14:27:00,0.006103633318063704,0.04991863418691303,0.006103633318063704,0.04991863418691303
58,2025-12-03 14:42:00,0.006103633318063704,0.0438150008688493,-0.006103633318063735,0.0438150008688493
59,2025-12-03 14:47:00,0.006103633318063704,0.037711367550785455,-0.006103633318063847,0.037711367550785455
60,2025-12-03 14:53:00,0.006103633318063704,0.04381500086884916,0.006103633318063704,0.04381500086884916
61,2025-12-03 15:06:00,0.006103633318063704,0.03771136755078543,-0.006103633318063735,0.03771136755078543
62,2025-12-03 15:15:00,0.006103633318063704,0.03160773423272158,-0.006103633318063847,0.03160773423272158
63,2025-12-03 16:36:00,0.006103633318063704,0.02550410091465784,-0.006103633318063735,0.02550410091465784
64,2025-12-03 21:00:00,0.006103633318063704,0.03160773423272154,0.006103633318063704,0.03160773423272154
65,2025-12-03 21:57:00,0.006103633318063704,0.037711367550785246,0.006103633318063704,0.037711367550785246
66,2025-12-03 22:00:00,0.006103633318063704,0.031607734232721514,-0.006103633318063735,0.031607734232721514
67,2025-12-03 22:03:00,0.006103633318063704,0.03771136755078522,0.006103633318063704,0.03771136755078522
68,2025-12-03 22:07:00,0.006103633318063704,0.031607734232721486,-0.006103633318063735,0.031607734232721486
69,2025-12-03 22:26:00,0.006103633318063704,0.03771136755078519,0.006103633318063704,0.03771136755078519
70,2025-12-03 22:40:00,0.006103633318063704,0.043815000868848895,0.006103633318063704,0.043815000868848895
71,2025-12-03 23:02:00,0.006103633318063704,0.0499186341869126,0.006103633318063704,0.0499186341869126
72,2025-12-03 23:08:00,0.006103633318063704,0.04764363406744269,-0.0022750001194699106,0.04764363406744269
73,2025-12-04 01:13:00,0.006103633318063704,0.041540000749378844,-0.006103633318063847,0.041540000749378844
74,2025-12-04 01:20:00,0.006103633318063704,0.03543636743131522,-0.006103633318063623,0.03543636743131522
75,2025-12-04 01:47:00,0.006103633318063704,0.04154000074937893,0.006103633318063704,0.04154000074937893
76,2025-12-04 14:39:00,0.006103633318063704,0.035436367431315195,-0.006103633318063735,0.035436367431315195
77,2025-12-04 14:59:00,0.006103633318063704,0.0415400007493789,0.006103633318063704,0.0415400007493789
78,2025-12-04 15:06:00,0.006103633318063704,0.047643634067442604,0.006103633318063704,0.047643634067442604
79,2025-12-04 15:40:00,0.006103633318063704,0.04154000074937887,-0.006103633318063735,0.04154000074937887
80,2025-12-04 16:04:00,0.006103633318063704,0.047643634067442577,0.006103633318063704,0.047643634067442577
81,2025-12-04 16:20:00,0.006103633318063704,0.04154000074937873,-0.006103633318063847,0.04154000074937873
82,2025-12-04 19:15:00,0.006103633318063704,0.03543636743131511,-0.006103633318063623,0.03543636743131511
83,2025-12-04 19:21:00,0.006103633318063704,0.041540000749378816,0.006103633318063704,0.041540000749378816
84,2025-12-04 19:29:00,0.006103633318063704,0.04764363406744252,0.006103633318063704,0.04764363406744252
85,2025-12-04 19:34:00,0.006103633318063704,0.053747267385506226,0.006103633318063704,0.053747267385506226
86,2025-12-04 19:47:00,0.006103633318063704,0.055894112349178376,0.0021468449636721475,0.055894112349178376
87,2025-12-05 07:10:00,0.006103633318063704,0.049790479031114644,-0.006103633318063735,0.049790479031114644
88,2025-12-05 14:40:00,0.006103633318063704,0.05589411234917835,0.006103633318063704,0.05589411234917835
89,2025-12-05 15:03:00,0.006103633318063704,0.06199774566724205,0.006103633318063704,0.06199774566724205
90,2025-12-05 15:06:00,0.006103633318063704,0.05589411234917821,-0.006103633318063847,0.05589411234917821
91,2025-12-05 15:11:00,0.006103633318063704,0.04979047903111448,-0.006103633318063735,0.04979047903111448
92,2025-12-05 15:46:00,0.006103633318063704,0.043686845713050745,-0.006103633318063735,0.043686845713050745
93,2025-12-05 16:08:00,0.006103633318063704,0.04979047903111445,0.006103633318063704,0.04979047903111445
94,2025-12-05 16:20:00,0.006103633318063704,0.04368684571305061,-0.006103633318063847,0.04368684571305061
95,2025-12-05 16:33:00,0.006103633318063704,0.037583212394986874,-0.006103633318063735,0.037583212394986874
96,2025-12-05 16:37:00,0.006103633318063704,0.03147957907692314,-0.006103633318063735,0.03147957907692314
97,2025-12-05 16:50:00,0.006103633318063704,0.03758321239498685,0.006103633318063704,0.03758321239498685
98,2025-12-05 16:58:00,0.006103633318063704,0.031479579076923114,-0.006103633318063735,0.031479579076923114
99,2025-12-05 17:24:00,0.006103633318063704,0.02537594575885938,-0.006103633318063735,0.02537594575885938
100,2025-12-05 17:39:00,0.006103633318063704,0.03147957907692308,0.006103633318063704,0.03147957907692308
101,2025-12-05 17:53:00,0.006103633318063704,0.025375945758859344,-0.006103633318063735,0.025375945758859344
102,2025-12-07 14:25:00,0.006103633318063704,0.019272312440795608,-0.006103633318063735,0.019272312440795608
103,2025-12-07 14:34:00,0.006103633318063704,0.025375945758859313,0.006103633318063704,0.025375945758859313
104,2025-12-07 15:08:00,0.006103633318063704,0.03147957907692302,0.006103633318063704,0.03147957907692302
105,2025-12-07 15:13:00,0.006103633318063704,0.03758321239498672,0.006103633318063704,0.03758321239498672
106,2025-12-07 15:55:00,0.006103633318063704,0.0314795790769231,-0.006103633318063623,0.0314795790769231
107,2025-12-07 16:12:00,0.006103633318063704,0.037583212394986805,0.006103633318063704,0.037583212394986805
108,2025-12-07 17:00:00,0.006103633318063704,0.04368684571305051,0.006103633318063704,0.04368684571305051
109,2025-12-07 17:17:00,0.006103633318063704,0.049790479031114214,0.006103633318063704,0.049790479031114214
110,2025-12-07 17:22:00,0.006103633318063704,0.05589411234917792,0.006103633318063704,0.05589411234917792
111,2025-12-07 17:31:00,0.006103633318063704,0.06199774566724162,0.006103633318063704,0.06199774566724162
112,2025-12-07 17:36:00,0.006103633318063704,0.06810137898530533,0.006103633318063704,0.06810137898530533
113,2025-12-07 18:19:00,0.006103633318063704,0.0669942452411874,-0.0011071337441179274,0.0669942452411874
114,2025-12-07 21:49:00,0.006103633318063704,0.060890611923123665,-0.006103633318063735,0.060890611923123665
115,2025-12-07 21:57:00,0.006103633318063704,0.05478697860505993,-0.006103633318063735,0.05478697860505993
116,2025-12-07 22:06:00,0.006103633318063704,0.06089061192312364,0.006103633318063704,0.06089061192312364
117,2025-12-07 22:11:00,0.006103633318063704,0.054786978605059794,-0.006103633318063847,0.054786978605059794
118,2025-12-07 22:13:00,0.006103633318063704,0.0608906119231235,0.006103633318063704,0.0608906119231235
119,2025-12-07 22:34:00,0.006103633318063704,0.054786978605059655,-0.006103633318063847,0.054786978605059655
120,2025-12-07 22:56:00,0.006103633318063704,0.06089061192312336,0.006103633318063704,0.06089061192312336
121,2025-12-07 23:58:00,0.006103633318063704,0.05550589601893722,-0.005384715904186139,0.05550589601893722
122,2025-12-08 01:29:00,0.006103633318063704,0.06160952933700092,0.006103633318063704,0.06160952933700092
123,2025-12-08 01:40:00,0.006103633318063704,0.05550589601893719,-0.006103633318063735,0.05550589601893719
124,2025-12-08 09:06:00,0.006103633318063704,0.04940226270087357,-0.006103633318063623,0.04940226270087357
125,2025-12-08 09:16:00,0.006103633318063704,0.05316574691427094,0.0037634842133973685,0.05316574691427094
126,2025-12-08 14:36:00,0.006103633318063704,0.05926938023233464,0.006103633318063704,0.05926938023233464
127,2025-12-08 14:45:00,0.006103633318063704,0.05316574691427091,-0.006103633318063735,0.05316574691427091
128,2025-12-08 14:57:00,0.006103633318063704,0.04706211359620729,-0.006103633318063623,0.04706211359620729
129,2025-12-08 15:12:00,0.006103633318063704,0.040958480278143666,-0.006103633318063623,0.040958480278143666
130,2025-12-08 15:26:00,0.006103633318063704,0.04706211359620737,0.006103633318063704,0.04706211359620737
131,2025-12-08 15:34:00,0.006103633318063704,0.04095848027814364,-0.006103633318063735,0.04095848027814364
132,2025-12-08 15:38:00,0.006103633318063704,0.03485484696007979,-0.006103633318063847,0.03485484696007979
133,2025-12-08 16:03:00,0.006103633318063704,0.04095848027814349,0.006103633318063704,0.04095848027814349
134,2025-12-08 16:21:00,0.006103633318063704,0.03485484696007987,-0.006103633318063623,0.03485484696007987
135,2025-12-08 18:00:00,0.006103633318063704,0.028751213642016136,-0.006103633318063735,0.028751213642016136
136,2025-12-08 18:49:00,0.006103633318063704,0.0226475803239524,-0.006103633318063735,0.0226475803239524
137,2025-12-08 18:57:00,0.006103633318063704,0.028751213642016105,0.006103633318063704,0.028751213642016105
138,2025-12-08 19:11:00,0.006103633318063704,0.03069093373692147,0.001939720094905365,0.03069093373692147
139,2025-12-08 20:58:00,0.006103633318063704,0.034789452831535006,0.004098519094613534,0.034789452831535006
140,2025-12-09 14:37:00,0.006103633318063704,0.04089308614959871,0.006103633318063704,0.04089308614959871
141,2025-12-09 15:03:00,0.006103633318063704,0.03478945283153487,-0.006103633318063847,0.03478945283153487
142,2025-12-09 15:12:00,0.006103633318063704,0.04089308614959857,0.006103633318063704,0.04089308614959857
143,2025-12-09 15:30:00,0.006103633318063704,0.046996719467662276,0.006103633318063704,0.046996719467662276
144,2025-12-09 15:40:00,0.006103633318063704,0.05310035278572598,0.006103633318063704,0.05310035278572598
145,2025-12-09 15:45:00,0.006103633318063704,0.059203986103789685,0.006103633318063704,0.059203986103789685
146,2025-12-09 15:51:00,0.006103633318063704,0.06530761942185338,0.006103633318063704,0.06530761942185338
147,2025-12-09 16:01:00,0.006103633318063704,0.07141125273991708,0.006103633318063704,0.07141125273991708
148,2025-12-09 16:09:00,0.006103633318063704,0.07751488605798078,0.006103633318063704,0.07751488605798078
149,2025-12-09 16:12:00,0.006103633318063704,0.08361851937604448,0.006103633318063704,0.08361851937604448
150,2025-12-09 16:14:00,0.006103633318063704,0.07751488605798063,-0.006103633318063847,0.07751488605798063
151,2025-12-09 16:19:00,0.006103633318063704,0.08361851937604432,0.006103633318063704,0.08361851937604432
152,2025-12-09 16:26:00,0.006103633318063704,0.08972215269410802,0.006103633318063704,0.08972215269410802
153,2025-12-09 16:32:00,0.006103633318063704,0.09582578601217172,0.006103633318063704,0.09582578601217172
154,2025-12-09 16:35:00,0.006103633318063704,0.10192941933023542,0.006103633318063704,0.10192941933023542
155,2025-12-09 16:50:00,0.006103633318063704,0.09582578601217168,-0.006103633318063735,0.09582578601217168
156,2025-12-09 17:28:00,0.006103633318063704,0.08972215269410794,-0.006103633318063735,0.08972215269410794
157,2025-12-09 17:34:00,0.006103633318063704,0.09582578601217163,0.006103633318063704,0.09582578601217163
158,2025-12-09 17:41:00,0.006103633318063704,0.0897221526941079,-0.006103633318063735,0.0897221526941079
159,2025-12-09 18:08:00,0.006103633318063704,0.08683756913414928,-0.002884583559958616,0.08683756913414928
160,2025-12-09 20:24:00,0.006103633318063704,0.08073393581608554,-0.006103633318063735,0.08073393581608554
161,2025-12-09 21:46:00,0.006103633318063704,0.0746303024980218,-0.006103633318063735,0.0746303024980218
162,2025-12-09 21:48:00,0.006103633318063704,0.0807339358160855,0.006103633318063704,0.0807339358160855
163,2025-12-09 22:08:00,0.006103633318063704,0.0868375691341492,0.006103633318063704,0.0868375691341492
164,2025-12-09 22:39:00,0.006103633318063704,0.08073393581608557,-0.006103633318063623,0.08073393581608557
165,2025-12-09 23:17:00,0.006103633318063704,0.08683756913414926,0.006103633318063704,0.08683756913414926
166,2025-12-10 10:08:00,0.006103633318063704,0.08073393581608541,-0.006103633318063847,0.08073393581608541
167,2025-12-10 10:22:00,0.006103633318063704,0.07463030249802168,-0.006103633318063735,0.07463030249802168
168,2025-12-10 15:38:00,0.006103633318063704,0.08073393581608537,0.006103633318063704,0.08073393581608537
169,2025-12-10 16:27:00,0.006103633318063704,0.07463030249802152,-0.006103633318063847,0.07463030249802152
170,2025-12-10 16:32:00,0.006103633318063704,0.08073393581608522,0.006103633318063704,0.08073393581608522
171,2025-12-10 18:37:00,0.006103633318063704,0.07463030249802137,-0.006103633318063847,0.07463030249802137
172,2025-12-10 18:42:00,0.006103633318063704,0.06852666917995763,-0.006103633318063735,0.06852666917995763
173,2025-12-10 18:58:00,0.006103633318063704,0.07463030249802133,0.006103633318063704,0.07463030249802133
174,2025-12-10 19:01:00,0.006103633318063704,0.06852666917995759,-0.006103633318063735,0.06852666917995759
175,2025-12-10 19:03:00,0.006103633318063704,0.07463030249802129,0.006103633318063704,0.07463030249802129
176,2025-12-10 19:07:00,0.006103633318063704,0.08073393581608498,0.006103633318063704,0.08073393581608498
177,2025-12-10 19:11:00,0.006103633318063704,0.08683756913414868,0.006103633318063704,0.08683756913414868
178,2025-12-10 19:17:00,0.006103633318063704,0.08073393581608494,-0.006103633318063735,0.08073393581608494
179,2025-12-10 19:29:00,0.006103633318063704,0.08683756913414864,0.006103633318063704,0.08683756913414864
180,2025-12-10 19:33:00,0.006103633318063704,0.08073393581608479,-0.006103633318063847,0.08073393581608479
181,2025-12-10 19:38:00,0.006103633318063704,0.07463030249802105,-0.006103633318063735,0.07463030249802105
182,2025-12-10 19:41:00,0.006103633318063704,0.08073393581608475,0.006103633318063704,0.08073393581608475
183,2025-12-10 19:57:00,0.006103633318063704,0.08683756913414845,0.006103633318063704,0.08683756913414845
184,2025-12-10 20:10:00,0.006103633318063704,0.09294120245221214,0.006103633318063704,0.09294120245221214
185,2025-12-10 20:13:00,0.006103633318063704,0.09904483577027584,0.006103633318063704,0.09904483577027584
186,2025-12-10 20:16:00,0.006103633318063704,0.0929412024522121,-0.006103633318063735,0.0929412024522121
187,2025-12-10 20:20:00,0.006103633318063704,0.08683756913414836,-0.006103633318063735,0.08683756913414836
188,2025-12-10 20:23:00,0.006103633318063704,0.08073393581608451,-0.006103633318063847,0.08073393581608451
189,2025-12-10 20:52:00,0.006103633318063704,0.07463030249802066,-0.006103633318063847,0.07463030249802066
190,2025-12-10 20:55:00,0.006103633318063704,0.06852666917995681,-0.006103633318063847,0.06852666917995681
191,2025-12-10 21:06:00,0.006103633318063704,0.07463030249802051,0.006103633318063704,0.07463030249802051
192,2025-12-10 21:21:00,0.006103633318063704,0.06852666917995677,-0.006103633318063735,0.06852666917995677
193,2025-12-10 21:32:00,0.006103633318063704,0.07463030249802047,0.006103633318063704,0.07463030249802047
194,2025-12-10 21:45:00,0.006103633318063704,0.06852666917995673,-0.006103633318063735,0.06852666917995673
195,2025-12-10 22:14:00,0.006103633318063704,0.06242303586189288,-0.006103633318063847,0.06242303586189288
196,2025-12-10 22:19:00,0.006103633318063704,0.06852666917995658,0.006103633318063704,0.06852666917995658
197,2025-12-10 22:25:00,0.006103633318063704,0.07463030249802027,0.006103633318063704,0.07463030249802027
198,2025-12-10 22:40:00,0.006103633318063704,0.07148966521616137,-0.0031406372818589033,0.07148966521616137
199,2025-12-11 00:42:00,0.006103633318063704,0.06538603189809764,-0.006103633318063735,0.06538603189809764
200,2025-12-11 01:29:00,0.006103633318063704,0.0592823985800339,-0.006103633318063735,0.0592823985800339
201,2025-12-11 02:22:00,0.006103633318063704,0.05317876526197017,-0.006103633318063735,0.05317876526197017
202,2025-12-11 02:31:00,0.006103633318063704,0.04707513194390655,-0.006103633318063623,0.04707513194390655
203,2025-12-11 03:04:00,0.006103633318063704,0.04097149862584293,-0.006103633318063623,0.04097149862584293
204,2025-12-11 03:12:00,0.006103633318063704,0.03486786530777908,-0.006103633318063847,0.03486786530777908
205,2025-12-11 03:45:00,0.006103633318063704,0.04097149862584278,0.006103633318063704,0.04097149862584278
206,2025-12-11 04:14:00,0.006103633318063704,0.04707513194390649,0.006103633318063704,0.04707513194390649
207,2025-12-11 04:58:00,0.006103633318063704,0.047838199512409134,0.0007630675685026486,0.047838199512409134
208,2025-12-11 14:43:00,0.006103633318063704,0.04173456619434551,-0.006103633318063623,0.04173456619434551
209,2025-12-11 14:51:00,0.006103633318063704,0.04783819951240922,0.006103633318063704,0.04783819951240922
210,2025-12-11 14:59:00,0.006103633318063704,0.05394183283047292,0.006103633318063704,0.05394183283047292
211,2025-12-11 15:18:00,0.006103633318063704,0.060045466148536626,0.006103633318063704,0.060045466148536626
212,2025-12-11 15:24:00,0.006103633318063704,0.05394183283047278,-0.006103633318063847,0.05394183283047278
213,2025-12-11 15:31:00,0.006103633318063704,0.04783819951240893,-0.006103633318063847,0.04783819951240893
214,2025-12-11 15:50:00,0.006103633318063704,0.05394183283047264,0.006103633318063704,0.05394183283047264
215,2025-12-11 16:44:00,0.006103633318063704,0.06004546614853634,0.006103633318063704,0.06004546614853634
216,2025-12-11 18:08:00,0.006103633318063704,0.06614909946660004,0.006103633318063704,0.06614909946660004
217,2025-12-11 18:17:00,0.006103633318063704,0.07225273278466374,0.006103633318063704,0.07225273278466374
218,2025-12-11 18:43:00,0.006103633318063704,0.0661490994666,-0.006103633318063735,0.0661490994666
219,2025-12-11 18:53:00,0.006103633318063704,0.0722527327846637,0.006103633318063704,0.0722527327846637
220,2025-12-11 19:23:00,0.006103633318063704,0.06614909946659996,-0.006103633318063735,0.06614909946659996
221,2025-12-11 19:55:00,0.006103633318063704,0.07225273278466365,0.006103633318063704,0.07225273278466365
222,2025-12-11 20:41:00,0.006103633318063704,0.07835636610272735,0.006103633318063704,0.07835636610272735
223,2025-12-11 20:58:00,0.006103633318063704,0.08445999942079105,0.006103633318063704,0.08445999942079105
224,2025-12-11 21:09:00,0.006103633318063704,0.08497092968992563,0.0005109302691345846,0.08497092968992563
225,2025-12-11 22:25:00,0.006103633318063704,0.09107456300798933,0.006103633318063704,0.09107456300798933
226,2025-12-11 22:34:00,0.006103633318063704,0.08497092968992548,-0.006103633318063847,0.08497092968992548
227,2025-12-11 22:43:00,0.006103633318063704,0.08709648478344716,0.002125555093521678,0.08709648478344716
228,2025-12-12 01:04:00,0.006103633318063704,0.09320011810151085,0.006103633318063704,0.09320011810151085
229,2025-12-12 05:50:00,0.006103633318063704,0.09930375141957455,0.006103633318063704,0.09930375141957455
230,2025-12-12 06:01:00,0.006103633318063704,0.10540738473763825,0.006103633318063704,0.10540738473763825
231,2025-12-12 06:07:00,0.006103633318063704,0.10231596993154471,-0.003091414806093538,0.10231596993154471
232,2025-12-12 15:01:00,0.006103633318063704,0.09621233661348108,-0.006103633318063623,0.09621233661348108
233,2025-12-12 15:08:00,0.006103633318063704,0.09010870329541734,-0.006103633318063735,0.09010870329541734
234,2025-12-12 15:27:00,0.006103633318063704,0.0840050699773536,-0.006103633318063735,0.0840050699773536
235,2025-12-12 15:32:00,0.006103633318063704,0.07790143665928986,-0.006103633318063735,0.07790143665928986
236,2025-12-12 15:37:00,0.006103633318063704,0.07179780334122601,-0.006103633318063847,0.07179780334122601
237,2025-12-12 15:41:00,0.006103633318063704,0.07790143665928971,0.006103633318063704,0.07790143665928971
238,2025-12-12 15:48:00,0.006103633318063704,0.07179780334122597,-0.006103633318063735,0.07179780334122597
239,2025-12-12 15:54:00,0.006103633318063704,0.06569417002316234,-0.006103633318063623,0.06569417002316234
240,2025-12-12 15:59:00,0.006103633318063704,0.05959053670509861,-0.006103633318063735,0.05959053670509861
241,2025-12-12 16:12:00,0.006103633318063704,0.05348690338703488,-0.006103633318063735,0.05348690338703488
242,2025-12-12 16:22:00,0.006103633318063704,0.05959053670509858,0.006103633318063704,0.05959053670509858
243,2025-12-12 16:26:00,0.006103633318063704,0.05348690338703485,-0.006103633318063735,0.05348690338703485
244,2025-12-12 16:34:00,0.006103633318063704,0.04738327006897123,-0.006103633318063623,0.04738327006897123
245,2025-12-12 16:41:00,0.006103633318063704,0.053486903387034934,0.006103633318063704,0.053486903387034934
246,2025-12-12 17:07:00,0.006103633318063704,0.0473832700689712,-0.006103633318063735,0.0473832700689712
247,2025-12-12 17:28:00,0.006103633318063704,0.053486903387034906,0.006103633318063704,0.053486903387034906
248,2025-12-12 18:04:00,0.006103633318063704,0.047383270068971174,-0.006103633318063735,0.047383270068971174
249,2025-12-12 18:21:00,0.006103633318063704,0.05348690338703488,0.006103633318063704,0.05348690338703488
250,2025-12-12 18:33:00,0.006103633318063704,0.047383270068971146,-0.006103633318063735,0.047383270068971146
251,2025-12-12 19:47:00,0.006103633318063704,0.05348690338703485,0.006103633318063704,0.05348690338703485
252,2025-12-12 19:53:00,0.006103633318063704,0.057822664942916976,0.004335761555882126,0.057822664942916976
253,2025-12-14 11:56:00,0.006103633318063704,0.059267916782356614,0.001445251839439634,0.059267916782356614
254,2025-12-14 23:08:00,0.006103633318063704,0.053164283464292764,-0.006103633318063847,0.053164283464292764
255,2025-12-14 23:33:00,0.006103633318063704,0.05926791678235647,0.006103633318063704,0.05926791678235647
256,2025-12-15 00:02:00,0.006103633318063704,0.060421363794010204,0.0011534470116537356,0.060421363794010204
257,2025-12-15 01:36:00,0.006103633318063704,0.06652499711207391,0.006103633318063704,0.06652499711207391
258,2025-12-15 01:39:00,0.006103633318063704,0.0726286304301376,0.006103633318063704,0.0726286304301376
259,2025-12-15 02:19:00,0.006103633318063704,0.06652499711207398,-0.006103633318063623,0.06652499711207398
260,2025-12-15 13:20:00,0.006103633318063704,0.07262863043013768,0.006103633318063704,0.07262863043013768
261,2025-12-15 14:15:00,0.006103633318063704,0.07873226374820137,0.006103633318063704,0.07873226374820137
262,2025-12-15 14:17:00,0.006103633318063704,0.07262863043013752,-0.006103633318063847,0.07262863043013752
263,2025-12-15 14:23:00,0.006103633318063704,0.06652499711207367,-0.006103633318063847,0.06652499711207367
264,2025-12-15 14:35:00,0.006103633318063704,0.07262863043013737,0.006103633318063704,0.07262863043013737
265,2025-12-15 14:37:00,0.006103633318063704,0.06652499711207374,-0.006103633318063623,0.06652499711207374
266,2025-12-15 14:39:00,0.006103633318063704,0.06042136379401001,-0.006103633318063735,0.06042136379401001
267,2025-12-15 14:47:00,0.006103633318063704,0.05431773047594628,-0.006103633318063735,0.05431773047594628
268,2025-12-15 14:53:00,0.006103633318063704,0.048214097157882545,-0.006103633318063735,0.048214097157882545
269,2025-12-15 14:57:00,0.006103633318063704,0.0421104638398187,-0.006103633318063847,0.0421104638398187
270,2025-12-15 15:02:00,0.006103633318063704,0.048214097157882406,0.006103633318063704,0.048214097157882406
271,2025-12-15 15:06:00,0.006103633318063704,0.042110463839818674,-0.006103633318063735,0.042110463839818674
272,2025-12-15 15:15:00,0.006103633318063704,0.03600683052175482,-0.006103633318063847,0.03600683052175482
273,2025-12-15 15:19:00,0.006103633318063704,0.029903197203691088,-0.006103633318063735,0.029903197203691088
274,2025-12-15 15:21:00,0.006103633318063704,0.023799563885627352,-0.006103633318063735,0.023799563885627352
275,2025-12-15 15:26:00,0.006103633318063704,0.029903197203691056,0.006103633318063704,0.029903197203691056
276,2025-12-15 15:32:00,0.006103633318063704,0.02379956388562732,-0.006103633318063735,0.02379956388562732
277,2025-12-15 15:39:00,0.006103633318063704,0.029903197203691025,0.006103633318063704,0.029903197203691025
278,2025-12-15 15:45:00,0.006103633318063704,0.02379956388562729,-0.006103633318063735,0.02379956388562729
279,2025-12-15 15:53:00,0.006103633318063704,0.017695930567563554,-0.006103633318063735,0.017695930567563554
280,2025-12-15 16:14:00,0.006103633318063704,0.011592297249499818,-0.006103633318063735,0.011592297249499818
281,2025-12-15 16:40:00,0.006103633318063704,0.005488663931436083,-0.006103633318063735,0.005488663931436083
282,2025-12-15 17:34:00,0.006103633318063704,-0.0006149693866276517,-0.006103633318063735,-0.0006149693866276517
283,2025-12-15 17:52:00,0.006103633318063704,-0.006718602704691387,-0.006103633318063735,-0.006718602704691387
284,2025-12-15 18:44:00,0.006103633318063704,-0.0006149693866276829,0.006103633318063704,-0.0006149693866276829
285,2025-12-15 19:02:00,0.006103633318063704,-0.006718602704691418,-0.006103633318063735,-0.006718602704691418
286,2025-12-15 19:12:00,0.006103633318063704,-0.0006149693866277142,0.006103633318063704,-0.0006149693866277142
287,2025-12-15 19:20:00,0.006103633318063704,-0.006718602704691449,-0.006103633318063735,-0.006718602704691449
288,2025-12-15 20:02:00,0.006103633318063704,-0.012822236022755184,-0.006103633318063735,-0.012822236022755184
289,2025-12-16 01:40:00,0.006103633318063704,-0.00671860270469148,0.006103633318063704,-0.00671860270469148
290,2025-12-16 02:27:00,0.006103633318063704,-0.012822236022755215,-0.006103633318063735,-0.012822236022755215
291,2025-12-16 04:02:00,0.006103633318063704,-0.01892586934081895,-0.006103633318063735,-0.01892586934081895
292,2025-12-16 10:44:00,0.006103633318063704,-0.017833484712839305,0.0010923846279796462,-0.017833484712839305
293,2025-12-16 13:31:00,0.006103633318063704,-0.02393711803090304,-0.006103633318063735,-0.02393711803090304
294,2025-12-16 13:34:00,0.006103633318063704,-0.017833484712839336,0.006103633318063704,-0.017833484712839336
295,2025-12-16 13:41:00,0.006103633318063704,-0.023937118030903072,-0.006103633318063735,-0.023937118030903072
296,2025-12-16 13:59:00,0.006103633318063704,-0.017833484712839368,0.006103633318063704,-0.017833484712839368
297,2025-12-16 14:07:00,0.006103633318063704,-0.011729851394775663,0.006103633318063704,-0.011729851394775663
298,2025-12-16 14:23:00,0.006103633318063704,-0.005626218076711959,0.006103633318063704,-0.005626218076711959
299,2025-12-16 14:31:00,0.006103633318063704,-0.011729851394775583,-0.006103633318063623,-0.011729851394775583
300,2025-12-16 14:46:00,0.006103633318063704,-0.00562621807671188,0.006103633318063704,-0.00562621807671188
301,2025-12-16 14:51:00,0.006103633318063704,-0.011729851394775725,-0.006103633318063847,-0.011729851394775725
302,2025-12-16 14:58:00,0.006103633318063704,-0.01783348471283946,-0.006103633318063735,-0.01783348471283946
303,2025-12-16 15:04:00,0.006103633318063704,-0.011729851394775757,0.006103633318063704,-0.011729851394775757
304,2025-12-16 15:08:00,0.006103633318063704,-0.017833484712839492,-0.006103633318063735,-0.017833484712839492
305,2025-12-16 15:16:00,0.006103633318063704,-0.011729851394775788,0.006103633318063704,-0.011729851394775788
306,2025-12-16 15:46:00,0.006103633318063704,-0.005626218076712084,0.006103633318063704,-0.005626218076712084
307,2025-12-16 15:55:00,0.006103633318063704,-0.011729851394775708,-0.006103633318063623,-0.011729851394775708
308,2025-12-16 16:09:00,0.006103633318063704,-0.017833484712839444,-0.006103633318063735,-0.017833484712839444
309,2025-12-16 16:37:00,0.006103633318063704,-0.02393711803090318,-0.006103633318063735,-0.02393711803090318
310,2025-12-16 20:57:00,0.006103633318063704,-0.030040751348966915,-0.006103633318063735,-0.030040751348966915
311,2025-12-17 13:51:00,0.006103633318063704,-0.02393711803090321,0.006103633318063704,-0.02393711803090321
312,2025-12-17 14:46:00,0.006103633318063704,-0.017833484712839506,0.006103633318063704,-0.017833484712839506
313,2025-12-17 14:51:00,0.006103633318063704,-0.011729851394775802,0.006103633318063704,-0.011729851394775802
314,2025-12-17 14:53:00,0.006103633318063704,-0.005626218076712098,0.006103633318063704,-0.005626218076712098
315,2025-12-17 14:55:00,0.006103633318063704,0.0004774152413516055,0.006103633318063704,0.0004774152413516055
316,2025-12-17 15:00:00,0.006103633318063704,-0.005626218076712129,-0.006103633318063735,-0.005626218076712129
317,2025-12-17 15:02:00,0.006103633318063704,0.0004774152413515743,0.006103633318063704,0.0004774152413515743
318,2025-12-17 15:07:00,0.006103633318063704,-0.005626218076712161,-0.006103633318063735,-0.005626218076712161
319,2025-12-17 15:11:00,0.006103633318063704,-0.011729851394776006,-0.006103633318063847,-0.011729851394776006
320,2025-12-17 15:25:00,0.006103633318063704,-0.017833484712839742,-0.006103633318063735,-0.017833484712839742
321,2025-12-17 15:36:00,0.006103633318063704,-0.023937118030903478,-0.006103633318063735,-0.023937118030903478
322,2025-12-17 15:42:00,0.006103633318063704,-0.030040751348967214,-0.006103633318063735,-0.030040751348967214
323,2025-12-17 15:46:00,0.006103633318063704,-0.036144384667030946,-0.006103633318063735,-0.036144384667030946
324,2025-12-17 15:51:00,0.006103633318063704,-0.04224801798509468,-0.006103633318063735,-0.04224801798509468
325,2025-12-17 16:15:00,0.006103633318063704,-0.04835165130315841,-0.006103633318063735,-0.04835165130315841
326,2025-12-17 16:23:00,0.006103633318063704,-0.05445528462122214,-0.006103633318063735,-0.05445528462122214
327,2025-12-17 16:33:00,0.006103633318063704,-0.060558917939285875,-0.006103633318063735,-0.060558917939285875
328,2025-12-17 16:39:00,0.006103633318063704,-0.05445528462122217,0.006103633318063704,-0.05445528462122217
329,2025-12-17 17:02:00,0.006103633318063704,-0.0605589179392859,-0.006103633318063735,-0.0605589179392859
330,2025-12-17 17:05:00,0.006103633318063704,-0.0544552846212222,0.006103633318063704,-0.0544552846212222
331,2025-12-17 17:19:00,0.006103633318063704,-0.048351651303158494,0.006103633318063704,-0.048351651303158494
332,2025-12-17 17:26:00,0.006103633318063704,-0.054455284621222226,-0.006103633318063735,-0.054455284621222226
333,2025-12-17 17:41:00,0.006103633318063704,-0.06055891793928596,-0.006103633318063735,-0.06055891793928596
334,2025-12-17 18:42:00,0.006103633318063704,-0.0666625512573497,-0.006103633318063735,-0.0666625512573497
335,2025-12-17 18:49:00,0.006103633318063704,-0.07276618457541344,-0.006103633318063735,-0.07276618457541344
336,2025-12-17 19:35:00,0.006103633318063704,-0.06666255125734974,0.006103633318063704,-0.06666255125734974
337,2025-12-17 19:54:00,0.006103633318063704,-0.060558917939286035,0.006103633318063704,-0.060558917939286035
338,2025-12-17 20:20:00,0.006103633318063704,-0.06528551788877979,-0.004726599949493755,-0.06528551788877979
339,2025-12-18 13:32:00,0.006103633318063704,-0.07138915120684353,-0.006103633318063735,-0.07138915120684353
340,2025-12-18 13:36:00,0.006103633318063704,-0.06528551788877983,0.006103633318063704,-0.06528551788877983
341,2025-12-18 13:42:00,0.006103633318063704,-0.059181884570716124,0.006103633318063704,-0.059181884570716124
342,2025-12-18 13:50:00,0.006103633318063704,-0.05307825125265242,0.006103633318063704,-0.05307825125265242
343,2025-12-18 14:02:00,0.006103633318063704,-0.05918188457071615,-0.006103633318063735,-0.05918188457071615
344,2025-12-18 14:12:00,0.006103633318063704,-0.05307825125265245,0.006103633318063704,-0.05307825125265245
345,2025-12-18 14:18:00,0.006103633318063704,-0.04697461793458874,0.006103633318063704,-0.04697461793458874
346,2025-12-18 14:32:00,0.006103633318063704,-0.053078251252652475,-0.006103633318063735,-0.053078251252652475
347,2025-12-18 14:36:00,0.006103633318063704,-0.05918188457071621,-0.006103633318063735,-0.05918188457071621
348,2025-12-18 14:45:00,0.006103633318063704,-0.0530782512526525,0.006103633318063704,-0.0530782512526525
349,2025-12-18 14:55:00,0.006103633318063704,-0.0469746179345888,0.006103633318063704,-0.0469746179345888
350,2025-12-18 15:06:00,0.006103633318063704,-0.05307825125265253,-0.006103633318063735,-0.05307825125265253
351,2025-12-18 15:12:00,0.006103633318063704,-0.046974617934588826,0.006103633318063704,-0.046974617934588826
352,2025-12-18 15:19:00,0.006103633318063704,-0.04087098461652512,0.006103633318063704,-0.04087098461652512
353,2025-12-18 15:28:00,0.006103633318063704,-0.03476735129846142,0.006103633318063704,-0.03476735129846142
354,2025-12-18 15:31:00,0.006103633318063704,-0.04087098461652515,-0.006103633318063735,-0.04087098461652515
355,2025-12-18 15:55:00,0.006103633318063704,-0.04697461793458888,-0.006103633318063735,-0.04697461793458888
356,2025-12-18 16:06:00,0.006103633318063704,-0.053078251252652614,-0.006103633318063735,-0.053078251252652614
357,2025-12-18 16:37:00,0.006103633318063704,-0.059181884570716346,-0.006103633318063735,-0.059181884570716346
358,2025-12-18 17:06:00,0.006103633318063704,-0.06528551788878008,-0.006103633318063735,-0.06528551788878008
359,2025-12-18 17:10:00,0.006103633318063704,-0.07138915120684382,-0.006103633318063735,-0.07138915120684382
360,2025-12-18 17:14:00,0.006103633318063704,-0.07749278452490756,-0.006103633318063735,-0.07749278452490756
361,2025-12-18 17:17:00,0.006103633318063704,-0.0835964178429713,-0.006103633318063735,-0.0835964178429713
362,2025-12-18 17:24:00,0.006103633318063704,-0.0774927845249076,0.006103633318063704,-0.0774927845249076
363,2025-12-18 17:29:00,0.006103633318063704,-0.0713891512068439,0.006103633318063704,-0.0713891512068439
364,2025-12-18 17:42:00,0.006103633318063704,-0.0652855178887802,0.006103633318063704,-0.0652855178887802
365,2025-12-18 18:13:00,0.006103633318063704,-0.07138915120684394,-0.006103633318063735,-0.07138915120684394
366,2025-12-18 18:24:00,0.006103633318063704,-0.07749278452490768,-0.006103633318063735,-0.07749278452490768
367,2025-12-18 18:34:00,0.006103633318063704,-0.08359641784297142,-0.006103633318063735,-0.08359641784297142
368,2025-12-18 18:53:00,0.006103633318063704,-0.08970005116103527,-0.006103633318063847,-0.08970005116103527
369,2025-12-18 19:17:00,0.006103633318063704,-0.09580368447909901,-0.006103633318063735,-0.09580368447909901
370,2025-12-18 19:36:00,0.006103633318063704,-0.10190731779716275,-0.006103633318063735,-0.10190731779716275
371,2025-12-18 19:38:00,0.006103633318063704,-0.10801095111522649,-0.006103633318063735,-0.10801095111522649
372,2025-12-18 19:41:00,0.006103633318063704,-0.11411458443329023,-0.006103633318063735,-0.11411458443329023
373,2025-12-18 19:48:00,0.006103633318063704,-0.10801095111522653,0.006103633318063704,-0.10801095111522653
374,2025-12-18 20:03:00,0.006103633318063704,-0.11411458443329027,-0.006103633318063735,-0.11411458443329027
375,2025-12-18 20:10:00,0.006103633318063704,-0.12021821775135401,-0.006103633318063735,-0.12021821775135401
376,2025-12-18 20:32:00,0.006103633318063704,-0.12632185106941773,-0.006103633318063735,-0.12632185106941773
377,2025-12-18 21:03:00,0.006103633318063704,-0.12021821775135404,0.006103633318063704,-0.12021821775135404
378,2025-12-18 21:30:00,0.006103633318063704,-0.11411458443329034,0.006103633318063704,-0.11411458443329034
379,2025-12-18 21:58:00,0.006103633318063704,-0.11461546097769613,-0.0005008765444057989,-0.11461546097769613
380,2025-12-19 00:50:00,0.006103633318063704,-0.11698693663810295,-0.0023714756604068096,-0.11698693663810295
381,2025-12-19 03:06:00,0.006103633318063704,-0.11088330332003925,0.006103633318063704,-0.11088330332003925
382,2025-12-19 03:16:00,0.006103633318063704,-0.10477967000197555,0.006103633318063704,-0.10477967000197555
383,2025-12-19 03:26:00,0.006103633318063704,-0.09867603668391185,0.006103633318063704,-0.09867603668391185
384,2025-12-19 03:33:00,0.006103633318063704,-0.10477967000197559,-0.006103633318063735,-0.10477967000197559
385,2025-12-19 03:36:00,0.006103633318063704,-0.0986760366839119,0.006103633318063704,-0.0986760366839119
386,2025-12-19 03:41:00,0.006103633318063704,-0.0925724033658482,0.006103633318063704,-0.0925724033658482
387,2025-12-19 04:33:00,0.006103633318063704,-0.0864687700477845,0.006103633318063704,-0.0864687700477845
388,2025-12-19 05:17:00,0.006103633318063704,-0.09257240336584824,-0.006103633318063735,-0.09257240336584824
389,2025-12-19 07:01:00,0.006103633318063704,-0.08646877004778454,0.006103633318063704,-0.08646877004778454
390,2025-12-19 07:07:00,0.006103633318063704,-0.09257240336584828,-0.006103633318063735,-0.09257240336584828
391,2025-12-19 07:19:00,0.006103633318063704,-0.09039787667642116,0.002174526689427124,-0.09039787667642116
392,2025-12-19 14:41:00,0.006103633318063704,-0.08429424335835746,0.006103633318063704,-0.08429424335835746
393,2025-12-19 14:45:00,0.006103633318063704,-0.07819061004029376,0.006103633318063704,-0.07819061004029376
394,2025-12-19 15:16:00,0.006103633318063704,-0.0842942433583575,-0.006103633318063735,-0.0842942433583575
395,2025-12-19 15:20:00,0.006103633318063704,-0.09039787667642124,-0.006103633318063735,-0.09039787667642124
396,2025-12-19 15:31:00,0.006103633318063704,-0.08429424335835754,0.006103633318063704,-0.08429424335835754
397,2025-12-19 16:07:00,0.006103633318063704,-0.07819061004029385,0.006103633318063704,-0.07819061004029385
398,2025-12-19 16:34:00,0.006103633318063704,-0.08429424335835758,-0.006103633318063735,-0.08429424335835758
399,2025-12-19 16:48:00,0.006103633318063704,-0.09039787667642132,-0.006103633318063735,-0.09039787667642132
400,2025-12-19 17:30:00,0.006103633318063704,-0.09650150999448506,-0.006103633318063735,-0.09650150999448506
401,2025-12-19 17:34:00,0.006103633318063704,-0.09722652714470359,-0.0007250171502185324,-0.09722652714470359
402,2025-12-19 18:55:00,0.006103633318063704,-0.09112289382663989,0.006103633318063704,-0.09112289382663989
403,2025-12-19 19:19:00,0.006103633318063704,-0.08644980306833079,0.004673090758309099,-0.08644980306833079
404,2025-12-22 00:15:00,0.006103633318063704,-0.09255343638639453,-0.006103633318063735,-0.09255343638639453
405,2025-12-22 00:18:00,0.006103633318063704,-0.09865706970445827,-0.006103633318063735,-0.09865706970445827
406,2025-12-22 01:00:00,0.006103633318063704,-0.09255343638639457,0.006103633318063704,-0.09255343638639457
407,2025-12-22 02:06:00,0.006103633318063704,-0.09351359008473795,-0.0009601536983433704,-0.09351359008473795
408,2025-12-22 14:34:00,0.006103633318063704,-0.08740995676667425,0.006103633318063704,-0.08740995676667425
409,2025-12-22 14:56:00,0.006103633318063704,-0.08130632344861055,0.006103633318063704,-0.08130632344861055
410,2025-12-22 15:11:00,0.006103633318063704,-0.08740995676667429,-0.006103633318063735,-0.08740995676667429
411,2025-12-22 15:15:00,0.006103633318063704,-0.09351359008473803,-0.006103633318063735,-0.09351359008473803
412,2025-12-22 15:24:00,0.006103633318063704,-0.09961722340280177,-0.006103633318063735,-0.09961722340280177
413,2025-12-22 15:37:00,0.006103633318063704,-0.09351359008473807,0.006103633318063704,-0.09351359008473807
414,2025-12-22 15:55:00,0.006103633318063704,-0.09829622494099031,-0.004782634856252248,-0.09829622494099031
415,2025-12-23 13:37:00,0.006103633318063704,-0.10146657267631405,-0.0031703477353237424,-0.10146657267631405
416,2025-12-23 14:40:00,0.006103633318063704,-0.10757020599437779,-0.006103633318063735,-0.10757020599437779
417,2025-12-23 14:56:00,0.006103633318063704,-0.10146657267631409,0.006103633318063704,-0.10146657267631409
418,2025-12-23 15:07:00,0.006103633318063704,-0.0953629393582504,0.006103633318063704,-0.0953629393582504
419,2025-12-23 16:04:00,0.006103633318063704,-0.0892593060401867,0.006103633318063704,-0.0892593060401867
420,2025-12-23 20:46:00,0.006103633318063704,-0.09536293935825044,-0.006103633318063735,-0.09536293935825044
421,2025-12-24 14:49:00,0.006103633318063704,-0.08925930604018674,0.006103633318063704,-0.08925930604018674
422,2025-12-24 15:35:00,0.006103633318063704,-0.08315567272212304,0.006103633318063704,-0.08315567272212304
423,2025-12-24 16:34:00,0.006103633318063704,-0.0852706983214252,-0.0021150255993021604,-0.0852706983214252
424,2025-12-25 15:45:00,0.006103633318063704,-0.08107646729786239,0.004194231023562813,-0.08107646729786239
425,2025-12-25 23:36:00,0.006103633318063704,-0.08718010061592613,-0.006103633318063735,-0.08718010061592613
426,2025-12-25 23:46:00,0.006103633318063704,-0.09328373393398987,-0.006103633318063735,-0.09328373393398987
427,2025-12-26 02:16:00,0.006103633318063704,-0.08718010061592617,0.006103633318063704,-0.08718010061592617
428,2025-12-26 02:25:00,0.006103633318063704,-0.0932837339339899,-0.006103633318063735,-0.0932837339339899
429,2025-12-26 03:17:00,0.006103633318063704,-0.09938736725205365,-0.006103633318063735,-0.09938736725205365
430,2025-12-26 14:50:00,0.006103633318063704,-0.10549100057011739,-0.006103633318063735,-0.10549100057011739
431,2025-12-26 15:01:00,0.006103633318063704,-0.11159463388818112,-0.006103633318063735,-0.11159463388818112
432,2025-12-26 15:16:00,0.006103633318063704,-0.10549100057011743,0.006103633318063704,-0.10549100057011743
433,2025-12-26 15:32:00,0.006103633318063704,-0.10162919880262676,0.0038618017674906615,-0.10162919880262676
434,2025-12-29 00:25:00,0.006103633318063704,-0.09552556548456306,0.006103633318063704,-0.09552556548456306
435,2025-12-29 00:31:00,0.006103633318063704,-0.1016291988026268,-0.006103633318063735,-0.1016291988026268
436,2025-12-29 01:03:00,0.006103633318063704,-0.0955255654845631,0.006103633318063704,-0.0955255654845631
437,2025-12-29 01:40:00,0.006103633318063704,-0.10162919880262684,-0.006103633318063735,-0.10162919880262684
438,2025-12-29 01:43:00,0.006103633318063704,-0.10139634282299748,0.00023285597962936736,-0.10139634282299748
439,2025-12-29 09:46:00,0.006103633318063704,-0.09972709240559006,0.0016692504174074087,-0.09972709240559006
440,2025-12-29 12:08:00,0.006103633318063704,-0.1058307257236538,-0.006103633318063735,-0.1058307257236538
441,2025-12-29 12:17:00,0.006103633318063704,-0.0997270924055901,0.006103633318063704,-0.0997270924055901
442,2025-12-29 12:25:00,0.006103633318063704,-0.09794873933809442,0.0017783530674956836,-0.09794873933809442
443,2025-12-29 14:33:00,0.006103633318063704,-0.09705995812174861,0.0008887812163458136,-0.09705995812174861
444,2025-12-30 14:53:00,0.006103633318063704,-0.10316359143981235,-0.006103633318063735,-0.10316359143981235
445,2025-12-30 16:23:00,0.006103633318063704,-0.10926722475787609,-0.006103633318063735,-0.10926722475787609
446,2025-12-31 20:35:00,0.006103633318063704,-0.1031635914398124,0.006103633318063704,-0.1031635914398124
447,2026-01-02 09:50:00,0.006103633318063704,-0.10478791016334703,-0.001624318723534638,-0.10478791016334703
448,2026-01-02 14:39:00,0.006103633318063704,-0.09868427684528333,0.006103633318063704,-0.09868427684528333
449,2026-01-02 14:49:00,0.006103633318063704,-0.10478791016334696,-0.006103633318063623,-0.10478791016334696
450,2026-01-02 15:20:00,0.006103633318063704,-0.09868427684528326,0.006103633318063704,-0.09868427684528326
451,2026-01-02 15:34:00,0.006103633318063704,-0.09258064352721956,0.006103633318063704,-0.09258064352721956
452,2026-01-02 16:14:00,0.006103633318063704,-0.08647701020915587,0.006103633318063704,-0.08647701020915587
453,2026-01-02 16:16:00,0.006103633318063704,-0.08037337689109217,0.006103633318063704,-0.08037337689109217
454,2026-01-02 16:32:00,0.006103633318063704,-0.08647701020915591,-0.006103633318063735,-0.08647701020915591
455,2026-01-02 16:53:00,0.006103633318063704,-0.08037337689109221,0.006103633318063704,-0.08037337689109221
456,2026-01-02 17:05:00,0.006103633318063704,-0.08647701020915584,-0.006103633318063623,-0.08647701020915584
457,2026-01-02 17:51:00,0.006103633318063704,-0.08037337689109214,0.006103633318063704,-0.08037337689109214
458,2026-01-02 22:07:00,0.006103633318063704,-0.08286140923725548,-0.002488032346163338,-0.08286140923725548
459,2026-01-04 00:06:00,0.006103633318063704,-0.08286140923725548,0.0,-0.08286140923725548
460,2026-01-05 00:50:00,0.006103633318063704,-0.07675777591919178,0.006103633318063704,-0.07675777591919178
461,2026-01-05 01:11:00,0.006103633318063704,-0.07065414260112808,0.006103633318063704,-0.07065414260112808
462,2026-01-05 01:38:00,0.006103633318063704,-0.07675777591919171,-0.006103633318063623,-0.07675777591919171
463,2026-01-05 02:30:00,0.006103633318063704,-0.07065414260112801,0.006103633318063704,-0.07065414260112801
464,2026-01-05 14:43:00,0.006103633318063704,-0.06455050928306431,0.006103633318063704,-0.06455050928306431
465,2026-01-05 14:53:00,0.006103633318063704,-0.07065414260112794,-0.006103633318063623,-0.07065414260112794
466,2026-01-05 15:07:00,0.006103633318063704,-0.06455050928306424,0.006103633318063704,-0.06455050928306424
467,2026-01-05 15:18:00,0.006103633318063704,-0.07065414260112798,-0.006103633318063735,-0.07065414260112798
468,2026-01-05 15:26:00,0.006103633318063704,-0.06455050928306429,0.006103633318063704,-0.06455050928306429
469,2026-01-05 15:35:00,0.006103633318063704,-0.05844687596500058,0.006103633318063704,-0.05844687596500058
470,2026-01-05 15:44:00,0.006103633318063704,-0.06455050928306431,-0.006103633318063735,-0.06455050928306431
471,2026-01-05 16:24:00,0.006103633318063704,-0.07065414260112816,-0.006103633318063847,-0.07065414260112816
472,2026-01-05 20:33:00,0.006103633318063704,-0.0767577759191919,-0.006103633318063735,-0.0767577759191919
473,2026-01-05 20:56:00,0.006103633318063704,-0.0706541426011282,0.006103633318063704,-0.0706541426011282
474,2026-01-06 05:55:00,0.006103633318063704,-0.0734523507049771,-0.002798208103848892,-0.0734523507049771
475,2026-01-06 14:14:00,0.006103633318063704,-0.0673487173869134,0.006103633318063704,-0.0673487173869134
476,2026-01-06 14:17:00,0.006103633318063704,-0.0612450840688497,0.006103633318063704,-0.0612450840688497
477,2026-01-06 14:20:00,0.006103633318063704,-0.06734871738691343,-0.006103633318063735,-0.06734871738691343
478,2026-01-06 14:33:00,0.006103633318063704,-0.07345235070497717,-0.006103633318063735,-0.07345235070497717
479,2026-01-06 14:49:00,0.006103633318063704,-0.06734871738691348,0.006103633318063704,-0.06734871738691348
480,2026-01-06 15:16:00,0.006103633318063704,-0.07345235070497722,-0.006103633318063735,-0.07345235070497722
481,2026-01-06 15:42:00,0.006103633318063704,-0.06734871738691352,0.006103633318063704,-0.06734871738691352
482,2026-01-06 15:47:00,0.006103633318063704,-0.07345235070497737,-0.006103633318063847,-0.07345235070497737
483,2026-01-06 15:57:00,0.006103633318063704,-0.07955598402304111,-0.006103633318063735,-0.07955598402304111
484,2026-01-06 16:09:00,0.006103633318063704,-0.08565961734110485,-0.006103633318063735,-0.08565961734110485
485,2026-01-06 16:27:00,0.006103633318063704,-0.09176325065916859,-0.006103633318063735,-0.09176325065916859
486,2026-01-06 16:44:00,0.006103633318063704,-0.09516203181722631,-0.0033987811580577223,-0.09516203181722631
487,2026-01-06 17:48:00,0.006103633318063704,-0.10126566513529005,-0.006103633318063735,-0.10126566513529005
488,2026-01-06 17:58:00,0.006103633318063704,-0.09516203181722635,0.006103633318063704,-0.09516203181722635
489,2026-01-06 18:08:00,0.006103633318063704,-0.0928364493737509,0.0023255824434754366,-0.0928364493737509
490,2026-01-06 21:16:00,0.006103633318063704,-0.08673281605568721,0.006103633318063704,-0.08673281605568721
491,2026-01-06 21:35:00,0.006103633318063704,-0.09283644937375095,-0.006103633318063735,-0.09283644937375095
492,2026-01-06 21:50:00,0.006103633318063704,-0.09894008269181469,-0.006103633318063735,-0.09894008269181469
493,2026-01-07 09:35:00,0.006103633318063704,-0.0960986542382377,0.0028414284535769837,-0.0960986542382377
494,2026-01-07 14:42:00,0.006103633318063704,-0.10220228755630144,-0.006103633318063735,-0.10220228755630144
495,2026-01-07 15:03:00,0.006103633318063704,-0.10830592087436507,-0.006103633318063623,-0.10830592087436507
496,2026-01-07 15:18:00,0.006103633318063704,-0.10220228755630137,0.006103633318063704,-0.10220228755630137
497,2026-01-08 07:02:00,0.006103633318063704,-0.09609865423823767,0.006103633318063704,-0.09609865423823767
498,2026-01-08 14:44:00,0.006103633318063704,-0.08999502092017397,0.006103633318063704,-0.08999502092017397
499,2026-01-08 14:52:00,0.006103633318063704,-0.09609865423823782,-0.006103633318063847,-0.09609865423823782
500,2026-01-08 15:07:00,0.006103633318063704,-0.08999502092017413,0.006103633318063704,-0.08999502092017413
501,2026-01-08 15:16:00,0.006103633318063704,-0.08389138760211043,0.006103633318063704,-0.08389138760211043
502,2026-01-08 15:59:00,0.006103633318063704,-0.07778775428404673,0.006103633318063704,-0.07778775428404673
503,2026-01-08 16:43:00,0.006103633318063704,-0.07168412096598303,0.006103633318063704,-0.07168412096598303
504,2026-01-08 17:01:00,0.006103633318063704,-0.07778775428404677,-0.006103633318063735,-0.07778775428404677
505,2026-01-09 01:34:00,0.006103633318063704,-0.07168412096598308,0.006103633318063704,-0.07168412096598308
506,2026-01-09 09:04:00,0.006103633318063704,-0.07587366768919164,-0.004189546723208559,-0.07587366768919164
507,2026-01-09 13:36:00,0.006103633318063704,-0.08197730100725527,-0.006103633318063623,-0.08197730100725527
508,2026-01-09 14:45:00,0.006103633318063704,-0.08808093432531912,-0.006103633318063847,-0.08808093432531912
509,2026-01-09 15:07:00,0.006103633318063704,-0.08197730100725542,0.006103633318063704,-0.08197730100725542
510,2026-01-09 15:21:00,0.006103633318063704,-0.07587366768919172,0.006103633318063704,-0.07587366768919172
511,2026-01-09 15:25:00,0.006103633318063704,-0.06977003437112803,0.006103633318063704,-0.06977003437112803
512,2026-01-09 15:29:00,0.006103633318063704,-0.06366640105306433,0.006103633318063704,-0.06366640105306433
513,2026-01-09 15:36:00,0.006103633318063704,-0.06977003437112796,-0.006103633318063623,-0.06977003437112796
514,2026-01-09 15:42:00,0.006103633318063704,-0.0758736676891917,-0.006103633318063735,-0.0758736676891917
515,2026-01-09 15:56:00,0.006103633318063704,-0.069770034371128,0.006103633318063704,-0.069770034371128
516,2026-01-09 16:03:00,0.006103633318063704,-0.0636664010530643,0.006103633318063704,-0.0636664010530643
517,2026-01-09 16:15:00,0.006103633318063704,-0.06977003437112793,-0.006103633318063623,-0.06977003437112793
518,2026-01-09 17:17:00,0.006103633318063704,-0.07587366768919178,-0.006103633318063847,-0.07587366768919178
519,2026-01-09 17:31:00,0.006103633318063704,-0.08197730100725541,-0.006103633318063623,-0.08197730100725541
520,2026-01-09 18:29:00,0.006103633318063704,-0.08492021072393098,-0.002942909716675577,-0.08492021072393098
521,2026-01-11 16:29:00,0.006103633318063704,-0.07881657740586728,0.006103633318063704,-0.07881657740586728
522,2026-01-11 16:33:00,0.006103633318063704,-0.08492021072393113,-0.006103633318063847,-0.08492021072393113
523,2026-01-11 16:50:00,0.006103633318063704,-0.09102384404199476,-0.006103633318063623,-0.09102384404199476
524,2026-01-11 23:15:00,0.006103633318063704,-0.09131107655869017,-0.00028723251669540684,-0.09131107655869017
525,2026-01-12 00:21:00,0.006103633318063704,-0.08520744324062647,0.006103633318063704,-0.08520744324062647
526,2026-01-12 01:01:00,0.006103633318063704,-0.07910380992256277,0.006103633318063704,-0.07910380992256277
527,2026-01-12 01:07:00,0.006103633318063704,-0.07641791630901969,0.002685893613543087,-0.07641791630901969
528,2026-01-12 02:16:00,0.006103633318063704,-0.07031428299095599,0.006103633318063704,-0.07031428299095599
529,2026-01-12 03:14:00,0.006103633318063704,-0.07641791630901984,-0.006103633318063847,-0.07641791630901984
530,2026-01-12 08:42:00,0.006103633318063704,-0.074845364162223,0.001572552146796838,-0.074845364162223
531,2026-01-12 14:39:00,0.006103633318063704,-0.0687417308441593,0.006103633318063704,-0.0687417308441593
532,2026-01-12 15:21:00,0.006103633318063704,-0.0626380975260956,0.006103633318063704,-0.0626380975260956
533,2026-01-12 15:37:00,0.006103633318063704,-0.0565344642080319,0.006103633318063704,-0.0565344642080319
534,2026-01-12 16:26:00,0.006103633318063704,-0.06263809752609563,-0.006103633318063735,-0.06263809752609563
535,2026-01-12 17:26:00,0.006103633318063704,-0.06874173084415926,-0.006103633318063623,-0.06874173084415926
536,2026-01-12 17:34:00,0.006103633318063704,-0.06263809752609556,0.006103633318063704,-0.06263809752609556
537,2026-01-12 18:37:00,0.006103633318063704,-0.06363128716505922,-0.000993189638963667,-0.06363128716505922
538,2026-01-13 13:33:00,0.006103633318063704,-0.05752765384699552,0.006103633318063704,-0.05752765384699552
539,2026-01-13 14:37:00,0.006103633318063704,-0.06363128716505925,-0.006103633318063735,-0.06363128716505925
540,2026-01-13 14:55:00,0.006103633318063704,-0.06973492048312288,-0.006103633318063623,-0.06973492048312288
541,2026-01-13 15:03:00,0.006103633318063704,-0.06363128716505918,0.006103633318063704,-0.06363128716505918
542,2026-01-13 15:08:00,0.006103633318063704,-0.05752765384699548,0.006103633318063704,-0.05752765384699548
543,2026-01-13 15:37:00,0.006103633318063704,-0.051424020528931774,0.006103633318063704,-0.051424020528931774
544,2026-01-13 16:02:00,0.006103633318063704,-0.04532038721086807,0.006103633318063704,-0.04532038721086807
545,2026-01-13 16:46:00,0.006103633318063704,-0.0514240205289318,-0.006103633318063735,-0.0514240205289318
546,2026-01-13 22:09:00,0.006103633318063704,-0.0453203872108681,0.006103633318063704,-0.0453203872108681
547,2026-01-13 22:11:00,0.006103633318063704,-0.03921675389280439,0.006103633318063704,-0.03921675389280439
548,2026-01-13 22:16:00,0.006103633318063704,-0.03311312057474069,0.006103633318063704,-0.03311312057474069
549,2026-01-13 22:20:00,0.006103633318063704,-0.03921675389280431,-0.006103633318063623,-0.03921675389280431
550,2026-01-13 22:36:00,0.006103633318063704,-0.033113120574740605,0.006103633318063704,-0.033113120574740605
551,2026-01-13 22:43:00,0.006103633318063704,-0.03921675389280434,-0.006103633318063735,-0.03921675389280434
552,2026-01-13 23:39:00,0.006103633318063704,-0.04532038721086807,-0.006103633318063735,-0.04532038721086807
553,2026-01-14 14:25:00,0.006103633318063704,-0.05142402052893191,-0.006103633318063847,-0.05142402052893191
554,2026-01-14 14:33:00,0.006103633318063704,-0.04532038721086821,0.006103633318063704,-0.04532038721086821
555,2026-01-14 14:47:00,0.006103633318063704,-0.05142402052893205,-0.006103633318063847,-0.05142402052893205
556,2026-01-14 15:02:00,0.006103633318063704,-0.04532038721086835,0.006103633318063704,-0.04532038721086835
557,2026-01-14 15:08:00,0.006103633318063704,-0.03921675389280464,0.006103633318063704,-0.03921675389280464
558,2026-01-14 15:13:00,0.006103633318063704,-0.045320387210868375,-0.006103633318063735,-0.045320387210868375
559,2026-01-14 15:42:00,0.006103633318063704,-0.03921675389280467,0.006103633318063704,-0.03921675389280467
560,2026-01-14 16:03:00,0.006103633318063704,-0.033113120574740966,0.006103633318063704,-0.033113120574740966
561,2026-01-14 16:22:00,0.006103633318063704,-0.03921675389280481,-0.006103633318063847,-0.03921675389280481
562,2026-01-14 18:34:00,0.006103633318063704,-0.033113120574741105,0.006103633318063704,-0.033113120574741105
563,2026-01-14 19:32:00,0.006103633318063704,-0.0270094872566774,0.006103633318063704,-0.0270094872566774
564,2026-01-15 14:46:00,0.006103633318063704,-0.020905853938613696,0.006103633318063704,-0.020905853938613696
565,2026-01-15 14:50:00,0.006103633318063704,-0.027009487256677317,-0.006103633318063623,-0.027009487256677317
566,2026-01-15 15:16:00,0.006103633318063704,-0.03311312057474094,-0.006103633318063623,-0.03311312057474094
567,2026-01-15 15:26:00,0.006103633318063704,-0.027009487256677234,0.006103633318063704,-0.027009487256677234
568,2026-01-15 16:00:00,0.006103633318063704,-0.025337012999231977,0.001672474257445255,-0.025337012999231977
569,2026-01-16 15:34:00,0.006103633318063704,-0.03144064631729571,-0.006103633318063735,-0.03144064631729571
570,2026-01-16 15:48:00,0.006103633318063704,-0.02533701299923201,0.006103633318063704,-0.02533701299923201
571,2026-01-16 16:08:00,0.006103633318063704,-0.023780922714944076,0.0015560902842879332,-0.023780922714944076
572,2026-01-18 23:23:00,0.006103633318063704,-0.0298845560330077,-0.006103633318063623,-0.0298845560330077
573,2026-01-18 23:31:00,0.006103633318063704,-0.03598818935107143,-0.006103633318063735,-0.03598818935107143
574,2026-01-18 23:37:00,0.006103633318063704,-0.042091822669135165,-0.006103633318063735,-0.042091822669135165
575,2026-01-18 23:47:00,0.006103633318063704,-0.048195455987199015,-0.006103633318063847,-0.048195455987199015
576,2026-01-19 00:01:00,0.006103633318063704,-0.05429908930526275,-0.006103633318063735,-0.05429908930526275
577,2026-01-19 00:03:00,0.006103633318063704,-0.04819545598719904,0.006103633318063704,-0.04819545598719904
578,2026-01-19 00:05:00,0.006103633318063704,-0.054299089305262775,-0.006103633318063735,-0.054299089305262775
579,2026-01-19 00:07:00,0.006103633318063704,-0.04819545598719907,0.006103633318063704,-0.04819545598719907
580,2026-01-19 00:09:00,0.006103633318063704,-0.0542990893052628,-0.006103633318063735,-0.0542990893052628
581,2026-01-19 00:15:00,0.006103633318063704,-0.0481954559871991,0.006103633318063704,-0.0481954559871991
582,2026-01-19 00:18:00,0.006103633318063704,-0.042091822669135394,0.006103633318063704,-0.042091822669135394
583,2026-01-19 00:37:00,0.006103633318063704,-0.04239015202695655,-0.0002983293578211566,-0.04239015202695655
584,2026-01-20 06:18:00,0.006103633318063704,-0.04185793380492795,0.000532218222028595,-0.04185793380492795
585,2026-01-20 08:14:00,0.006103633318063704,-0.035754300486864246,0.006103633318063704,-0.035754300486864246
586,2026-01-20 08:35:00,0.006103633318063704,-0.035676639631778945,7.766085508530214e-05,-0.035676639631778945
587,2026-01-20 14:37:00,0.006103633318063704,-0.02957300631371524,0.006103633318063704,-0.02957300631371524
588,2026-01-20 14:40:00,0.006103633318063704,-0.03567663963177886,-0.006103633318063623,-0.03567663963177886
589,2026-01-20 14:49:00,0.006103633318063704,-0.041780272949842594,-0.006103633318063735,-0.041780272949842594
590,2026-01-20 15:08:00,0.006103633318063704,-0.04131082610607531,0.0004694468437672849,-0.04131082610607531
591,2026-01-20 16:16:00,0.006103633318063704,-0.04741445942413904,-0.006103633318063735,-0.04741445942413904
592,2026-01-20 16:33:00,0.006103633318063704,-0.053518092742202775,-0.006103633318063735,-0.053518092742202775
593,2026-01-20 16:47:00,0.006103633318063704,-0.04741445942413907,0.006103633318063704,-0.04741445942413907
594,2026-01-20 16:59:00,0.006103633318063704,-0.041310826106075366,0.006103633318063704,-0.041310826106075366
595,2026-01-20 17:06:00,0.006103633318063704,-0.0474144594241391,-0.006103633318063735,-0.0474144594241391
596,2026-01-20 22:34:00,0.006103633318063704,-0.04131082610607539,0.006103633318063704,-0.04131082610607539
597,2026-01-20 22:36:00,0.006103633318063704,-0.03520719278801169,0.006103633318063704,-0.03520719278801169
598,2026-01-20 22:49:00,0.006103633318063704,-0.038776783696068004,-0.0035695909080563134,-0.038776783696068004
599,2026-01-21 14:06:00,0.006103633318063704,-0.0326731503780043,0.006103633318063704,-0.0326731503780043
600,2026-01-21 14:12:00,0.006103633318063704,-0.026569517059940595,0.006103633318063704,-0.026569517059940595
601,2026-01-21 14:31:00,0.006103633318063704,-0.02046588374187689,0.006103633318063704,-0.02046588374187689
602,2026-01-21 15:04:00,0.006103633318063704,-0.014362250423813186,0.006103633318063704,-0.014362250423813186
603,2026-01-21 15:09:00,0.006103633318063704,-0.008258617105749481,0.006103633318063704,-0.008258617105749481
604,2026-01-21 15:18:00,0.006103633318063704,-0.014362250423813217,-0.006103633318063735,-0.014362250423813217
605,2026-01-21 15:26:00,0.006103633318063704,-0.020465883741876953,-0.006103633318063735,-0.020465883741876953
606,2026-01-21 16:24:00,0.006103633318063704,-0.02656951705994069,-0.006103633318063735,-0.02656951705994069
607,2026-01-21 16:37:00,0.006103633318063704,-0.032673150378004424,-0.006103633318063735,-0.032673150378004424
608,2026-01-21 16:41:00,0.006103633318063704,-0.03877678369606816,-0.006103633318063735,-0.03877678369606816
609,2026-01-21 16:45:00,0.006103633318063704,-0.04488041701413189,-0.006103633318063735,-0.04488041701413189
610,2026-01-21 16:57:00,0.006103633318063704,-0.038776783696068184,0.006103633318063704,-0.038776783696068184
611,2026-01-21 17:05:00,0.006103633318063704,-0.04488041701413192,-0.006103633318063735,-0.04488041701413192
612,2026-01-21 17:15:00,0.006103633318063704,-0.03877678369606821,0.006103633318063704,-0.03877678369606821
613,2026-01-21 17:20:00,0.006103633318063704,-0.03267315037800451,0.006103633318063704,-0.03267315037800451
614,2026-01-21 17:54:00,0.006103633318063704,-0.026569517059940803,0.006103633318063704,-0.026569517059940803
615,2026-01-21 19:28:00,0.006103633318063704,-0.0204658837418771,0.006103633318063704,-0.0204658837418771
616,2026-01-21 19:35:00,0.006103633318063704,-0.014362250423813394,0.006103633318063704,-0.014362250423813394
617,2026-01-21 19:44:00,0.006103633318063704,-0.02046588374187713,-0.006103633318063735,-0.02046588374187713
618,2026-01-21 20:21:00,0.006103633318063704,-0.014362250423813425,0.006103633318063704,-0.014362250423813425
619,2026-01-21 20:47:00,0.006103633318063704,-0.00825861710574972,0.006103633318063704,-0.00825861710574972
620,2026-01-21 21:18:00,0.006103633318063704,-0.014362250423813568,-0.006103633318063847,-0.014362250423813568
621,2026-01-22 14:47:00,0.006103633318063704,-0.020465883741877303,-0.006103633318063735,-0.020465883741877303
622,2026-01-22 15:29:00,0.006103633318063704,-0.014362250423813599,0.006103633318063704,-0.014362250423813599
623,2026-01-22 15:44:00,0.006103633318063704,-0.020465883741877335,-0.006103633318063735,-0.020465883741877335
624,2026-01-22 16:14:00,0.006103633318063704,-0.01436225042381363,0.006103633318063704,-0.01436225042381363
625,2026-01-22 16:48:00,0.006103633318063704,-0.011554574269615068,0.0028076761541985617,-0.011554574269615068
626,2026-01-23 14:38:00,0.006103633318063704,-0.005450940951551364,0.006103633318063704,-0.005450940951551364
627,2026-01-23 15:22:00,0.006103633318063704,0.0006526923665123394,0.006103633318063704,0.0006526923665123394
628,2026-01-23 15:49:00,0.006103633318063704,0.006756325684576043,0.006103633318063704,0.006756325684576043
629,2026-01-23 16:06:00,0.006103633318063704,0.0006526923665123082,-0.006103633318063735,0.0006526923665123082
630,2026-01-23 16:38:00,0.006103633318063704,-0.005450940951551427,-0.006103633318063735,-0.005450940951551427
631,2026-01-23 17:27:00,0.006103633318063704,-0.011554574269615162,-0.006103633318063735,-0.011554574269615162
632,2026-01-23 18:07:00,0.006103633318063704,-0.01372663314854558,-0.0021720588789304186,-0.01372663314854558
633,2026-01-25 16:03:00,0.006103633318063704,-0.019830266466609316,-0.006103633318063735,-0.019830266466609316
634,2026-01-25 16:07:00,0.006103633318063704,-0.025933899784673052,-0.006103633318063735,-0.025933899784673052
635,2026-01-25 16:13:00,0.006103633318063704,-0.032037533102736784,-0.006103633318063735,-0.032037533102736784
636,2026-01-25 17:09:00,0.006103633318063704,-0.03244728520844931,-0.0004097521057125268,-0.03244728520844931
637,2026-01-25 19:27:00,0.006103633318063704,-0.038550918526513045,-0.006103633318063735,-0.038550918526513045
638,2026-01-25 19:54:00,0.006103633318063704,-0.03244728520844934,0.006103633318063704,-0.03244728520844934
639,2026-01-25 20:11:00,0.006103633318063704,-0.026343651890385636,0.006103633318063704,-0.026343651890385636
640,2026-01-25 21:04:00,0.006103633318063704,-0.03244728520844937,-0.006103633318063735,-0.03244728520844937
641,2026-01-25 21:55:00,0.006103633318063704,-0.0385509185265131,-0.006103633318063735,-0.0385509185265131
642,2026-01-25 23:05:00,0.006103633318063704,-0.03476606182780714,0.0037848566987059608,-0.03476606182780714
643,2026-01-26 01:05:00,0.006103633318063704,-0.02866242850974344,0.006103633318063704,-0.02866242850974344
644,2026-01-26 01:11:00,0.006103633318063704,-0.022558795191679734,0.006103633318063704,-0.022558795191679734
645,2026-01-26 01:24:00,0.006103633318063704,-0.01645516187361603,0.006103633318063704,-0.01645516187361603
646,2026-01-26 01:57:00,0.006103633318063704,-0.022558795191679765,-0.006103633318063735,-0.022558795191679765
647,2026-01-26 02:32:00,0.006103633318063704,-0.0286624285097435,-0.006103633318063735,-0.0286624285097435
648,2026-01-26 04:25:00,0.006103633318063704,-0.03476606182780723,-0.006103633318063735,-0.03476606182780723
649,2026-01-26 14:36:00,0.006103633318063704,-0.040869695145870966,-0.006103633318063735,-0.040869695145870966
650,2026-01-26 14:58:00,0.006103633318063704,-0.03476606182780726,0.006103633318063704,-0.03476606182780726
651,2026-01-26 15:12:00,0.006103633318063704,-0.028662428509743557,0.006103633318063704,-0.028662428509743557
652,2026-01-26 15:16:00,0.006103633318063704,-0.03476606182780729,-0.006103633318063735,-0.03476606182780729
653,2026-01-26 15:21:00,0.006103633318063704,-0.04086969514587102,-0.006103633318063735,-0.04086969514587102
654,2026-01-26 15:41:00,0.006103633318063704,-0.03476606182780732,0.006103633318063704,-0.03476606182780732
655,2026-01-26 16:04:00,0.006103633318063704,-0.028662428509743612,0.006103633318063704,-0.028662428509743612
656,2026-01-26 16:23:00,0.006103633318063704,-0.034766061827807344,-0.006103633318063735,-0.034766061827807344
657,2026-01-26 17:25:00,0.006103633318063704,-0.02866242850974364,0.006103633318063704,-0.02866242850974364
658,2026-01-26 18:32:00,0.006103633318063704,-0.03476606182780737,-0.006103633318063735,-0.03476606182780737
659,2026-01-27 16:07:00,0.006103633318063704,-0.028662428509743668,0.006103633318063704,-0.028662428509743668
660,2026-01-27 16:15:00,0.006103633318063704,-0.0347660618278074,-0.006103633318063735,-0.0347660618278074
661,2026-01-27 16:31:00,0.006103633318063704,-0.04086969514587113,-0.006103633318063735,-0.04086969514587113
662,2026-01-27 17:12:00,0.006103633318063704,-0.046973328463934864,-0.006103633318063735,-0.046973328463934864
663,2026-01-27 17:19:00,0.006103633318063704,-0.04359494687230767,0.0033783815916271906,-0.04359494687230767
664,2026-01-27 18:59:00,0.006103633318063704,-0.04335642570242313,0.00023852116988454572,-0.04335642570242313
665,2026-01-28 15:16:00,0.006103633318063704,-0.045422870564296225,-0.0020664448618730943,-0.045422870564296225
666,2026-01-29 14:43:00,0.006103633318063704,-0.05152650388235996,-0.006103633318063735,-0.05152650388235996
667,2026-01-29 14:59:00,0.006103633318063704,-0.05763013720042369,-0.006103633318063735,-0.05763013720042369
668,2026-01-29 15:04:00,0.006103633318063704,-0.06373377051848743,-0.006103633318063735,-0.06373377051848743
669,2026-01-29 15:07:00,0.006103633318063704,-0.06983740383655117,-0.006103633318063735,-0.06983740383655117
670,2026-01-29 15:11:00,0.006103633318063704,-0.07594103715461491,-0.006103633318063735,-0.07594103715461491
671,2026-01-29 15:13:00,0.006103633318063704,-0.06983740383655121,0.006103633318063704,-0.06983740383655121
672,2026-01-29 15:25:00,0.006103633318063704,-0.07594103715461495,-0.006103633318063735,-0.07594103715461495
673,2026-01-29 15:39:00,0.006103633318063704,-0.08204467047267869,-0.006103633318063735,-0.08204467047267869
674,2026-01-29 15:41:00,0.006103633318063704,-0.07594103715461499,0.006103633318063704,-0.07594103715461499
675,2026-01-29 15:53:00,0.006103633318063704,-0.06983740383655129,0.006103633318063704,-0.06983740383655129
676,2026-01-29 16:16:00,0.006103633318063704,-0.07594103715461503,-0.006103633318063735,-0.07594103715461503
677,2026-01-29 16:30:00,0.006103633318063704,-0.06983740383655133,0.006103633318063704,-0.06983740383655133
678,2026-01-29 16:41:00,0.006103633318063704,-0.06373377051848764,0.006103633318063704,-0.06373377051848764
679,2026-01-29 17:00:00,0.006103633318063704,-0.05763013720042393,0.006103633318063704,-0.05763013720042393
680,2026-01-29 17:19:00,0.006103633318063704,-0.06373377051848766,-0.006103633318063735,-0.06373377051848766
681,2026-01-29 17:28:00,0.006103633318063704,-0.0698374038365514,-0.006103633318063735,-0.0698374038365514
682,2026-01-29 17:40:00,0.006103633318063704,-0.07594103715461514,-0.006103633318063735,-0.07594103715461514
683,2026-01-29 18:19:00,0.006103633318063704,-0.08204467047267888,-0.006103633318063735,-0.08204467047267888
684,2026-01-29 18:32:00,0.006103633318063704,-0.08814830379074262,-0.006103633318063735,-0.08814830379074262
685,2026-01-29 18:53:00,0.006103633318063704,-0.08204467047267892,0.006103633318063704,-0.08204467047267892
686,2026-01-29 19:35:00,0.006103633318063704,-0.07594103715461523,0.006103633318063704,-0.07594103715461523
687,2026-01-30 01:40:00,0.006103633318063704,-0.08204467047267897,-0.006103633318063735,-0.08204467047267897
688,2026-01-30 01:42:00,0.006103633318063704,-0.07594103715461527,0.006103633318063704,-0.07594103715461527
689,2026-01-30 01:44:00,0.006103633318063704,-0.06983740383655157,0.006103633318063704,-0.06983740383655157
690,2026-01-30 01:51:00,0.006103633318063704,-0.06373377051848787,0.006103633318063704,-0.06373377051848787
691,2026-01-30 01:57:00,0.006103633318063704,-0.0698374038365515,-0.006103633318063623,-0.0698374038365515
692,2026-01-30 02:12:00,0.006103633318063704,-0.07594103715461524,-0.006103633318063735,-0.07594103715461524
693,2026-01-30 02:20:00,0.006103633318063704,-0.08204467047267887,-0.006103633318063623,-0.08204467047267887
694,2026-01-30 02:28:00,0.006103633318063704,-0.07594103715461517,0.006103633318063704,-0.07594103715461517
695,2026-01-30 02:41:00,0.006103633318063704,-0.08204467047267891,-0.006103633318063735,-0.08204467047267891
696,2026-01-30 02:51:00,0.006103633318063704,-0.07594103715461521,0.006103633318063704,-0.07594103715461521
697,2026-01-30 06:47:00,0.006103633318063704,-0.06983740383655151,0.006103633318063704,-0.06983740383655151
698,2026-01-30 06:51:00,0.006103633318063704,-0.06373377051848782,0.006103633318063704,-0.06373377051848782
699,2026-01-30 07:10:00,0.006103633318063704,-0.05763013720042411,0.006103633318063704,-0.05763013720042411
700,2026-01-30 07:12:00,0.006103633318063704,-0.05425716102960122,0.0033729761708228894,-0.05425716102960122
701,2026-01-30 09:41:00,0.006103633318063704,-0.060360794347664955,-0.006103633318063735,-0.060360794347664955
702,2026-01-30 11:55:00,0.006103633318063704,-0.06646442766572869,-0.006103633318063735,-0.06646442766572869
703,2026-01-30 14:34:00,0.006103633318063704,-0.06036079434766498,0.006103633318063704,-0.06036079434766498
704,2026-01-30 14:44:00,0.006103633318063704,-0.06646442766572871,-0.006103633318063735,-0.06646442766572871
705,2026-01-30 14:51:00,0.006103633318063704,-0.07256806098379245,-0.006103633318063735,-0.07256806098379245
706,2026-01-30 14:55:00,0.006103633318063704,-0.06646442766572876,0.006103633318063704,-0.06646442766572876
707,2026-01-30 15:07:00,0.006103633318063704,-0.0725680609837925,-0.006103633318063735,-0.0725680609837925
708,2026-01-30 15:15:00,0.006103633318063704,-0.07867169430185623,-0.006103633318063735,-0.07867169430185623
709,2026-01-30 15:22:00,0.006103633318063704,-0.08477532761991986,-0.006103633318063623,-0.08477532761991986
710,2026-01-30 15:27:00,0.006103633318063704,-0.0908789609379836,-0.006103633318063735,-0.0908789609379836
711,2026-01-30 15:32:00,0.006103633318063704,-0.0847753276199199,0.006103633318063704,-0.0847753276199199
712,2026-01-30 15:35:00,0.006103633318063704,-0.07867169430185621,0.006103633318063704,-0.07867169430185621
713,2026-01-30 16:08:00,0.006103633318063704,-0.08477532761991995,-0.006103633318063735,-0.08477532761991995
714,2026-01-30 16:24:00,0.006103633318063704,-0.07867169430185625,0.006103633318063704,-0.07867169430185625
715,2026-01-30 16:28:00,0.006103633318063704,-0.08477532761991999,-0.006103633318063735,-0.08477532761991999
716,2026-01-30 17:02:00,0.006103633318063704,-0.07867169430185629,0.006103633318063704,-0.07867169430185629
717,2026-01-30 17:23:00,0.006103633318063704,-0.08477532761992003,-0.006103633318063735,-0.08477532761992003
718,2026-01-30 18:10:00,0.006103633318063704,-0.09087896093798377,-0.006103633318063735,-0.09087896093798377
719,2026-01-30 18:19:00,0.006103633318063704,-0.09698259425604751,-0.006103633318063735,-0.09698259425604751
720,2026-01-30 18:24:00,0.006103633318063704,-0.09087896093798381,0.006103633318063704,-0.09087896093798381
721,2026-01-30 18:27:00,0.006103633318063704,-0.08477532761992011,0.006103633318063704,-0.08477532761992011
722,2026-01-30 18:44:00,0.006103633318063704,-0.07867169430185642,0.006103633318063704,-0.07867169430185642
723,2026-01-30 18:55:00,0.006103633318063704,-0.07256806098379272,0.006103633318063704,-0.07256806098379272
724,2026-01-30 19:00:00,0.006103633318063704,-0.06646442766572902,0.006103633318063704,-0.06646442766572902
725,2026-01-30 19:07:00,0.006103633318063704,-0.07256806098379276,-0.006103633318063735,-0.07256806098379276
726,2026-01-30 20:07:00,0.006103633318063704,-0.0786716943018565,-0.006103633318063735,-0.0786716943018565
727,2026-01-30 20:23:00,0.006103633318063704,-0.08477532761992024,-0.006103633318063735,-0.08477532761992024
728,2026-01-30 20:37:00,0.006103633318063704,-0.07867169430185654,0.006103633318063704,-0.07867169430185654
729,2026-01-30 21:17:00,0.006103633318063704,-0.08477532761992028,-0.006103633318063735,-0.08477532761992028
730,2026-01-30 22:17:00,0.006103633318063704,-0.07867169430185658,0.006103633318063704,-0.07867169430185658
731,2026-01-31 08:18:00,0.006103633318063704,-0.08477532761992032,-0.006103633318063735,-0.08477532761992032
732,2026-01-31 08:34:00,0.006103633318063704,-0.09087896093798406,-0.006103633318063735,-0.09087896093798406
733,2026-01-31 08:41:00,0.006103633318063704,-0.08477532761992036,0.006103633318063704,-0.08477532761992036
734,2026-01-31 08:54:00,0.006103633318063704,-0.07867169430185667,0.006103633318063704,-0.07867169430185667
735,2026-01-31 09:33:00,0.006103633318063704,-0.07669786830165813,0.0019738260001985327,-0.07669786830165813
736,2026-01-31 14:11:00,0.006103633318063704,-0.08280150161972187,-0.006103633318063735,-0.08280150161972187
737,2026-01-31 14:18:00,0.006103633318063704,-0.08890513493778572,-0.006103633318063847,-0.08890513493778572
738,2026-01-31 14:23:00,0.006103633318063704,-0.09500876825584946,-0.006103633318063735,-0.09500876825584946
739,2026-01-31 14:27:00,0.006103633318063704,-0.1011124015739132,-0.006103633318063735,-0.1011124015739132
740,2026-01-31 14:32:00,0.006103633318063704,-0.10721603489197694,-0.006103633318063735,-0.10721603489197694
741,2026-01-31 14:37:00,0.006103633318063704,-0.11331966821004057,-0.006103633318063623,-0.11331966821004057
742,2026-01-31 14:39:00,0.006103633318063704,-0.1194233015281043,-0.006103633318063735,-0.1194233015281043
743,2026-01-31 14:43:00,0.006103633318063704,-0.11331966821004061,0.006103633318063704,-0.11331966821004061
744,2026-01-31 14:47:00,0.006103633318063704,-0.10721603489197691,0.006103633318063704,-0.10721603489197691
745,2026-01-31 14:55:00,0.006103633318063704,-0.11331966821004076,-0.006103633318063847,-0.11331966821004076
746,2026-01-31 15:03:00,0.006103633318063704,-0.10721603489197706,0.006103633318063704,-0.10721603489197706
747,2026-01-31 15:06:00,0.006103633318063704,-0.11331966821004091,-0.006103633318063847,-0.11331966821004091
748,2026-01-31 15:09:00,0.006103633318063704,-0.11942330152810476,-0.006103633318063847,-0.11942330152810476
749,2026-01-31 15:53:00,0.006103633318063704,-0.1255269348461685,-0.006103633318063735,-0.1255269348461685
750,2026-01-31 16:03:00,0.006103633318063704,-0.13163056816423224,-0.006103633318063735,-0.13163056816423224
751,2026-01-31 16:08:00,0.006103633318063704,-0.12552693484616853,0.006103633318063704,-0.12552693484616853
752,2026-01-31 16:13:00,0.006103633318063704,-0.13163056816423227,-0.006103633318063735,-0.13163056816423227
753,2026-01-31 16:17:00,0.006103633318063704,-0.12552693484616856,0.006103633318063704,-0.12552693484616856
754,2026-01-31 16:19:00,0.006103633318063704,-0.11942330152810486,0.006103633318063704,-0.11942330152810486
755,2026-01-31 16:22:00,0.006103633318063704,-0.1255269348461686,-0.006103633318063735,-0.1255269348461686
756,2026-01-31 16:28:00,0.006103633318063704,-0.13163056816423244,-0.006103633318063847,-0.13163056816423244
757,2026-01-31 16:36:00,0.006103633318063704,-0.13773420148229606,-0.006103633318063623,-0.13773420148229606
758,2026-01-31 16:48:00,0.006103633318063704,-0.1438378348003598,-0.006103633318063735,-0.1438378348003598
759,2026-01-31 16:58:00,0.006103633318063704,-0.14994146811842354,-0.006103633318063735,-0.14994146811842354
760,2026-01-31 17:09:00,0.006103633318063704,-0.15604510143648728,-0.006103633318063735,-0.15604510143648728
761,2026-01-31 17:11:00,0.006103633318063704,-0.16214873475455102,-0.006103633318063735,-0.16214873475455102
762,2026-01-31 17:13:00,0.006103633318063704,-0.16825236807261476,-0.006103633318063735,-0.16825236807261476
763,2026-01-31 17:15:00,0.006103633318063704,-0.16214873475455105,0.006103633318063704,-0.16214873475455105
764,2026-01-31 17:19:00,0.006103633318063704,-0.1682523680726149,-0.006103633318063847,-0.1682523680726149
765,2026-01-31 17:21:00,0.006103633318063704,-0.1621487347545512,0.006103633318063704,-0.1621487347545512
766,2026-01-31 17:25:00,0.006103633318063704,-0.16825236807261504,-0.006103633318063847,-0.16825236807261504
767,2026-01-31 17:34:00,0.006103633318063704,-0.16214873475455133,0.006103633318063704,-0.16214873475455133
768,2026-01-31 17:37:00,0.006103633318063704,-0.16825236807261507,-0.006103633318063735,-0.16825236807261507
769,2026-01-31 17:41:00,0.006103633318063704,-0.16214873475455135,0.006103633318063704,-0.16214873475455135
770,2026-01-31 17:46:00,0.006103633318063704,-0.1682523680726151,-0.006103633318063735,-0.1682523680726151
771,2026-01-31 17:49:00,0.006103633318063704,-0.16214873475455138,0.006103633318063704,-0.16214873475455138
772,2026-01-31 17:52:00,0.006103633318063704,-0.15604510143648767,0.006103633318063704,-0.15604510143648767
773,2026-01-31 18:01:00,0.006103633318063704,-0.1621487347545514,-0.006103633318063735,-0.1621487347545514
774,2026-01-31 18:17:00,0.006103633318063704,-0.1560451014364877,0.006103633318063704,-0.1560451014364877
775,2026-01-31 18:29:00,0.006103633318063704,-0.16214873475455155,-0.006103633318063847,-0.16214873475455155
776,2026-01-31 18:36:00,0.006103633318063704,-0.1682523680726153,-0.006103633318063735,-0.1682523680726153
777,2026-01-31 18:39:00,0.006103633318063704,-0.17435600139067903,-0.006103633318063735,-0.17435600139067903
778,2026-01-31 18:41:00,0.006103633318063704,-0.18045963470874277,-0.006103633318063735,-0.18045963470874277
779,2026-01-31 18:44:00,0.006103633318063704,-0.1865632680268065,-0.006103633318063735,-0.1865632680268065
780,2026-01-31 18:46:00,0.006103633318063704,-0.1804596347087428,0.006103633318063704,-0.1804596347087428
781,2026-01-31 18:53:00,0.006103633318063704,-0.18656326802680653,-0.006103633318063735,-0.18656326802680653
782,2026-01-31 18:55:00,0.006103633318063704,-0.18045963470874282,0.006103633318063704,-0.18045963470874282
783,2026-01-31 19:00:00,0.006103633318063704,-0.18656326802680656,-0.006103633318063735,-0.18656326802680656
784,2026-01-31 19:02:00,0.006103633318063704,-0.18045963470874285,0.006103633318063704,-0.18045963470874285
785,2026-01-31 19:07:00,0.006103633318063704,-0.17435600139067914,0.006103633318063704,-0.17435600139067914
786,2026-01-31 19:17:00,0.006103633318063704,-0.180459634708743,-0.006103633318063847,-0.180459634708743
787,2026-01-31 19:33:00,0.006103633318063704,-0.18656326802680684,-0.006103633318063847,-0.18656326802680684
788,2026-01-31 20:04:00,0.006103633318063704,-0.19266690134487058,-0.006103633318063735,-0.19266690134487058
789,2026-01-31 20:16:00,0.006103633318063704,-0.18656326802680687,0.006103633318063704,-0.18656326802680687
790,2026-01-31 20:23:00,0.006103633318063704,-0.1926669013448706,-0.006103633318063735,-0.1926669013448706
791,2026-01-31 20:29:00,0.006103633318063704,-0.1865632680268069,0.006103633318063704,-0.1865632680268069
792,2026-01-31 20:44:00,0.006103633318063704,-0.18045963470874318,0.006103633318063704,-0.18045963470874318
793,2026-01-31 21:01:00,0.006103633318063704,-0.18656326802680692,-0.006103633318063735,-0.18656326802680692
794,2026-01-31 21:04:00,0.006103633318063704,-0.1804596347087432,0.006103633318063704,-0.1804596347087432
795,2026-01-31 21:10:00,0.006103633318063704,-0.18656326802680695,-0.006103633318063735,-0.18656326802680695
796,2026-01-31 21:23:00,0.006103633318063704,-0.18045963470874324,0.006103633318063704,-0.18045963470874324
797,2026-01-31 21:28:00,0.006103633318063704,-0.17435600139067953,0.006103633318063704,-0.17435600139067953
798,2026-01-31 21:39:00,0.006103633318063704,-0.16825236807261582,0.006103633318063704,-0.16825236807261582
799,2026-01-31 22:23:00,0.006103633318063704,-0.1621487347545521,0.006103633318063704,-0.1621487347545521
800,2026-01-31 22:31:00,0.006103633318063704,-0.1560451014364884,0.006103633318063704,-0.1560451014364884
801,2026-01-31 23:13:00,0.006103633318063704,-0.14994146811842468,0.006103633318063704,-0.14994146811842468
802,2026-01-31 23:20:00,0.006103633318063704,-0.14383783480036097,0.006103633318063704,-0.14383783480036097
803,2026-01-31 23:23:00,0.006103633318063704,-0.1499414681184247,-0.006103633318063735,-0.1499414681184247
804,2026-01-31 23:29:00,0.006103633318063704,-0.15604510143648845,-0.006103633318063735,-0.15604510143648845
805,2026-01-31 23:47:00,0.006103633318063704,-0.14994146811842474,0.006103633318063704,-0.14994146811842474
806,2026-01-31 23:54:00,0.006103633318063704,-0.14383783480036103,0.006103633318063704,-0.14383783480036103
807,2026-02-01 00:17:00,0.006103633318063704,-0.14994146811842476,-0.006103633318063735,-0.14994146811842476
808,2026-02-01 00:41:00,0.006103633318063704,-0.15604510143648861,-0.006103633318063847,-0.15604510143648861
809,2026-02-01 07:20:00,0.006103633318063704,-0.1499414681184249,0.006103633318063704,-0.1499414681184249
810,2026-02-01 07:41:00,0.006103633318063704,-0.15604510143648864,-0.006103633318063735,-0.15604510143648864
811,2026-02-01 07:58:00,0.006103633318063704,-0.14994146811842493,0.006103633318063704,-0.14994146811842493
812,2026-02-01 10:57:00,0.006103633318063704,-0.14383783480036122,0.006103633318063704,-0.14383783480036122
813,2026-02-01 11:36:00,0.006103633318063704,-0.14994146811842496,-0.006103633318063735,-0.14994146811842496
814,2026-02-01 13:03:00,0.006103633318063704,-0.14383783480036125,0.006103633318063704,-0.14383783480036125
815,2026-02-01 13:13:00,0.006103633318063704,-0.149941468118425,-0.006103633318063735,-0.149941468118425
816,2026-02-01 13:24:00,0.006103633318063704,-0.15604510143648861,-0.006103633318063623,-0.15604510143648861
817,2026-02-01 13:40:00,0.006103633318063704,-0.16214873475455235,-0.006103633318063735,-0.16214873475455235
818,2026-02-01 13:53:00,0.006103633318063704,-0.1682523680726161,-0.006103633318063735,-0.1682523680726161
819,2026-02-01 14:29:00,0.006103633318063704,-0.17435600139067983,-0.006103633318063735,-0.17435600139067983
820,2026-02-01 14:35:00,0.006103633318063704,-0.16825236807261612,0.006103633318063704,-0.16825236807261612
821,2026-02-01 14:45:00,0.006103633318063704,-0.17435600139067986,-0.006103633318063735,-0.17435600139067986
822,2026-02-01 14:48:00,0.006103633318063704,-0.16825236807261615,0.006103633318063704,-0.16825236807261615
823,2026-02-01 14:51:00,0.006103633318063704,-0.1743560013906799,-0.006103633318063735,-0.1743560013906799
824,2026-02-01 15:03:00,0.006103633318063704,-0.18045963470874352,-0.006103633318063623,-0.18045963470874352
825,2026-02-01 15:12:00,0.006103633318063704,-0.18656326802680726,-0.006103633318063735,-0.18656326802680726
826,2026-02-01 15:18:00,0.006103633318063704,-0.192666901344871,-0.006103633318063735,-0.192666901344871
827,2026-02-01 15:36:00,0.006103633318063704,-0.18656326802680728,0.006103633318063704,-0.18656326802680728
828,2026-02-01 15:40:00,0.006103633318063704,-0.18045963470874357,0.006103633318063704,-0.18045963470874357
829,2026-02-01 15:50:00,0.006103633318063704,-0.17435600139067986,0.006103633318063704,-0.17435600139067986
830,2026-02-01 15:58:00,0.006103633318063704,-0.16825236807261615,0.006103633318063704,-0.16825236807261615
831,2026-02-01 16:07:00,0.006103633318063704,-0.1743560013906799,-0.006103633318063735,-0.1743560013906799
832,2026-02-01 16:19:00,0.006103633318063704,-0.16825236807261618,0.006103633318063704,-0.16825236807261618
833,2026-02-01 16:24:00,0.006103633318063704,-0.16214873475455246,0.006103633318063704,-0.16214873475455246
834,2026-02-01 16:28:00,0.006103633318063704,-0.1682523680726162,-0.006103633318063735,-0.1682523680726162
835,2026-02-01 16:42:00,0.006103633318063704,-0.17435600139067994,-0.006103633318063735,-0.17435600139067994
836,2026-02-01 17:24:00,0.006103633318063704,-0.16825236807261623,0.006103633318063704,-0.16825236807261623
837,2026-02-01 17:31:00,0.006103633318063704,-0.16214873475455252,0.006103633318063704,-0.16214873475455252
838,2026-02-01 17:55:00,0.006103633318063704,-0.1560451014364888,0.006103633318063704,-0.1560451014364888
839,2026-02-01 18:02:00,0.006103633318063704,-0.1499414681184251,0.006103633318063704,-0.1499414681184251
840,2026-02-01 18:09:00,0.006103633318063704,-0.15604510143648873,-0.006103633318063623,-0.15604510143648873
841,2026-02-01 18:48:00,0.006103633318063704,-0.16214873475455246,-0.006103633318063735,-0.16214873475455246
842,2026-02-01 19:17:00,0.006103633318063704,-0.1682523680726161,-0.006103633318063623,-0.1682523680726161
843,2026-02-01 20:13:00,0.006103633318063704,-0.17435600139067994,-0.006103633318063847,-0.17435600139067994
844,2026-02-01 20:28:00,0.006103633318063704,-0.16825236807261623,0.006103633318063704,-0.16825236807261623
845,2026-02-01 20:35:00,0.006103633318063704,-0.16214873475455252,0.006103633318063704,-0.16214873475455252
846,2026-02-01 20:39:00,0.006103633318063704,-0.16825236807261637,-0.006103633318063847,-0.16825236807261637
847,2026-02-01 20:52:00,0.006103633318063704,-0.17435600139068022,-0.006103633318063847,-0.17435600139068022
848,2026-02-01 21:06:00,0.006103633318063704,-0.18045963470874396,-0.006103633318063735,-0.18045963470874396
849,2026-02-01 21:19:00,0.006103633318063704,-0.17435600139068025,0.006103633318063704,-0.17435600139068025
850,2026-02-01 21:29:00,0.006103633318063704,-0.16825236807261654,0.006103633318063704,-0.16825236807261654
851,2026-02-01 21:37:00,0.006103633318063704,-0.1743560013906804,-0.006103633318063847,-0.1743560013906804
852,2026-02-01 21:57:00,0.006103633318063704,-0.16825236807261668,0.006103633318063704,-0.16825236807261668
853,2026-02-01 22:03:00,0.006103633318063704,-0.16214873475455296,0.006103633318063704,-0.16214873475455296
854,2026-02-01 22:11:00,0.006103633318063704,-0.1682523680726167,-0.006103633318063735,-0.1682523680726167
855,2026-02-01 22:22:00,0.006103633318063704,-0.162148734754553,0.006103633318063704,-0.162148734754553
856,2026-02-01 22:39:00,0.006103633318063704,-0.16825236807261673,-0.006103633318063735,-0.16825236807261673
857,2026-02-01 22:53:00,0.006103633318063704,-0.17435600139068047,-0.006103633318063735,-0.17435600139068047
858,2026-02-01 23:02:00,0.006103633318063704,-0.1804596347087442,-0.006103633318063735,-0.1804596347087442
859,2026-02-01 23:06:00,0.006103633318063704,-0.18656326802680795,-0.006103633318063735,-0.18656326802680795
860,2026-02-01 23:08:00,0.006103633318063704,-0.1926669013448718,-0.006103633318063847,-0.1926669013448718
861,2026-02-01 23:10:00,0.006103633318063704,-0.1865632680268081,0.006103633318063704,-0.1865632680268081
862,2026-02-01 23:13:00,0.006103633318063704,-0.19266690134487194,-0.006103633318063847,-0.19266690134487194
863,2026-02-01 23:16:00,0.006103633318063704,-0.18656326802680823,0.006103633318063704,-0.18656326802680823
864,2026-02-01 23:18:00,0.006103633318063704,-0.19266690134487197,-0.006103633318063735,-0.19266690134487197
865,2026-02-01 23:22:00,0.006103633318063704,-0.18656326802680825,0.006103633318063704,-0.18656326802680825
866,2026-02-01 23:24:00,0.006103633318063704,-0.18045963470874454,0.006103633318063704,-0.18045963470874454
867,2026-02-01 23:26:00,0.006103633318063704,-0.17435600139068083,0.006103633318063704,-0.17435600139068083
868,2026-02-01 23:34:00,0.006103633318063704,-0.16825236807261712,0.006103633318063704,-0.16825236807261712
869,2026-02-01 23:37:00,0.006103633318063704,-0.17435600139068086,-0.006103633318063735,-0.17435600139068086
870,2026-02-01 23:49:00,0.006103633318063704,-0.1804596347087446,-0.006103633318063735,-0.1804596347087446
871,2026-02-02 00:04:00,0.006103633318063704,-0.1743560013906809,0.006103633318063704,-0.1743560013906809
872,2026-02-02 00:08:00,0.006103633318063704,-0.16825236807261718,0.006103633318063704,-0.16825236807261718
873,2026-02-02 00:17:00,0.006103633318063704,-0.16214873475455346,0.006103633318063704,-0.16214873475455346
874,2026-02-02 00:39:00,0.006103633318063704,-0.1682523680726172,-0.006103633318063735,-0.1682523680726172
875,2026-02-02 01:09:00,0.006103633318063704,-0.17435600139068094,-0.006103633318063735,-0.17435600139068094
876,2026-02-02 01:12:00,0.006103633318063704,-0.16825236807261723,0.006103633318063704,-0.16825236807261723
877,2026-02-02 01:18:00,0.006103633318063704,-0.16214873475455352,0.006103633318063704,-0.16214873475455352
878,2026-02-02 01:25:00,0.006103633318063704,-0.16825236807261726,-0.006103633318063735,-0.16825236807261726
879,2026-02-02 01:49:00,0.006103633318063704,-0.16214873475455355,0.006103633318063704,-0.16214873475455355
880,2026-02-02 02:16:00,0.006103633318063704,-0.1682523680726173,-0.006103633318063735,-0.1682523680726173
881,2026-02-02 02:36:00,0.006103633318063704,-0.17435600139068114,-0.006103633318063847,-0.17435600139068114
882,2026-02-02 02:58:00,0.006103633318063704,-0.18045963470874476,-0.006103633318063623,-0.18045963470874476
883,2026-02-02 03:11:00,0.006103633318063704,-0.1865632680268085,-0.006103633318063735,-0.1865632680268085
884,2026-02-02 03:15:00,0.006103633318063704,-0.19266690134487224,-0.006103633318063735,-0.19266690134487224
885,2026-02-02 03:19:00,0.006103633318063704,-0.19877053466293598,-0.006103633318063735,-0.19877053466293598
886,2026-02-02 03:22:00,0.006103633318063704,-0.20487416798099972,-0.006103633318063735,-0.20487416798099972
887,2026-02-02 03:30:00,0.006103633318063704,-0.198770534662936,0.006103633318063704,-0.198770534662936
888,2026-02-02 03:34:00,0.006103633318063704,-0.20487416798099975,-0.006103633318063735,-0.20487416798099975
889,2026-02-02 03:37:00,0.006103633318063704,-0.19877053466293604,0.006103633318063704,-0.19877053466293604
890,2026-02-02 03:43:00,0.006103633318063704,-0.19266690134487233,0.006103633318063704,-0.19266690134487233
891,2026-02-02 03:48:00,0.006103633318063704,-0.18656326802680862,0.006103633318063704,-0.18656326802680862
892,2026-02-02 03:50:00,0.006103633318063704,-0.1804596347087449,0.006103633318063704,-0.1804596347087449
893,2026-02-02 03:54:00,0.006103633318063704,-0.1743560013906812,0.006103633318063704,-0.1743560013906812
894,2026-02-02 03:57:00,0.006103633318063704,-0.18045963470874493,-0.006103633318063735,-0.18045963470874493
895,2026-02-02 04:05:00,0.006103633318063704,-0.17435600139068122,0.006103633318063704,-0.17435600139068122
896,2026-02-02 04:10:00,0.006103633318063704,-0.18045963470874485,-0.006103633318063623,-0.18045963470874485
897,2026-02-02 04:13:00,0.006103633318063704,-0.17435600139068114,0.006103633318063704,-0.17435600139068114
898,2026-02-02 04:17:00,0.006103633318063704,-0.16825236807261743,0.006103633318063704,-0.16825236807261743
899,2026-02-02 04:23:00,0.006103633318063704,-0.1621487347545537,0.006103633318063704,-0.1621487347545537
900,2026-02-02 04:26:00,0.006103633318063704,-0.15604510143649,0.006103633318063704,-0.15604510143649
901,2026-02-02 04:32:00,0.006103633318063704,-0.1499414681184263,0.006103633318063704,-0.1499414681184263
902,2026-02-02 04:34:00,0.006103633318063704,-0.15604510143649003,-0.006103633318063735,-0.15604510143649003
903,2026-02-02 04:46:00,0.006103633318063704,-0.16214873475455377,-0.006103633318063735,-0.16214873475455377
904,2026-02-02 05:04:00,0.006103633318063704,-0.16825236807261762,-0.006103633318063847,-0.16825236807261762
905,2026-02-02 05:10:00,0.006103633318063704,-0.17435600139068136,-0.006103633318063735,-0.17435600139068136
906,2026-02-02 05:17:00,0.006103633318063704,-0.180459634708745,-0.006103633318063623,-0.180459634708745
907,2026-02-02 05:27:00,0.006103633318063704,-0.18656326802680873,-0.006103633318063735,-0.18656326802680873
908,2026-02-02 05:37:00,0.006103633318063704,-0.18045963470874501,0.006103633318063704,-0.18045963470874501
909,2026-02-02 05:51:00,0.006103633318063704,-0.18656326802680875,-0.006103633318063735,-0.18656326802680875
910,2026-02-02 06:02:00,0.006103633318063704,-0.18045963470874504,0.006103633318063704,-0.18045963470874504
911,2026-02-02 06:05:00,0.006103633318063704,-0.17435600139068133,0.006103633318063704,-0.17435600139068133
912,2026-02-02 06:10:00,0.006103633318063704,-0.16825236807261762,0.006103633318063704,-0.16825236807261762
913,2026-02-02 06:17:00,0.006103633318063704,-0.1621487347545539,0.006103633318063704,-0.1621487347545539
914,2026-02-02 06:21:00,0.006103633318063704,-0.16825236807261765,-0.006103633318063735,-0.16825236807261765
915,2026-02-02 06:26:00,0.006103633318063704,-0.16214873475455394,0.006103633318063704,-0.16214873475455394
916,2026-02-02 06:31:00,0.006103633318063704,-0.16825236807261768,-0.006103633318063735,-0.16825236807261768
917,2026-02-02 06:35:00,0.006103633318063704,-0.17435600139068153,-0.006103633318063847,-0.17435600139068153
918,2026-02-02 06:38:00,0.006103633318063704,-0.16825236807261781,0.006103633318063704,-0.16825236807261781
919,2026-02-02 06:41:00,0.006103633318063704,-0.1621487347545541,0.006103633318063704,-0.1621487347545541
920,2026-02-02 06:43:00,0.006103633318063704,-0.1560451014364904,0.006103633318063704,-0.1560451014364904
921,2026-02-02 06:47:00,0.006103633318063704,-0.14994146811842668,0.006103633318063704,-0.14994146811842668
922,2026-02-02 06:59:00,0.006103633318063704,-0.14383783480036297,0.006103633318063704,-0.14383783480036297
923,2026-02-02 07:07:00,0.006103633318063704,-0.1499414681184266,-0.006103633318063623,-0.1499414681184266
924,2026-02-02 07:13:00,0.006103633318063704,-0.14383783480036288,0.006103633318063704,-0.14383783480036288
925,2026-02-02 07:22:00,0.006103633318063704,-0.13773420148229917,0.006103633318063704,-0.13773420148229917
926,2026-02-02 07:32:00,0.006103633318063704,-0.13163056816423546,0.006103633318063704,-0.13163056816423546
927,2026-02-02 07:46:00,0.006103633318063704,-0.1377342014822992,-0.006103633318063735,-0.1377342014822992
928,2026-02-02 07:52:00,0.006103633318063704,-0.1316305681642355,0.006103633318063704,-0.1316305681642355
929,2026-02-02 08:11:00,0.006103633318063704,-0.13773420148229923,-0.006103633318063735,-0.13773420148229923
930,2026-02-02 08:30:00,0.006103633318063704,-0.13163056816423552,0.006103633318063704,-0.13163056816423552
931,2026-02-02 09:30:00,0.006103633318063704,-0.1255269348461718,0.006103633318063704,-0.1255269348461718
932,2026-02-02 09:38:00,0.006103633318063704,-0.11942330152810811,0.006103633318063704,-0.11942330152810811
933,2026-02-02 10:08:00,0.006103633318063704,-0.12058778492024995,-0.0011644833921418468,-0.12058778492024995
934,2026-02-02 14:22:00,0.006103633318063704,-0.11448415160218625,0.006103633318063704,-0.11448415160218625
935,2026-02-02 14:36:00,0.006103633318063704,-0.10838051828412255,0.006103633318063704,-0.10838051828412255
936,2026-02-02 14:41:00,0.006103633318063704,-0.1144841516021863,-0.006103633318063735,-0.1144841516021863
937,2026-02-02 14:49:00,0.006103633318063704,-0.1083805182841226,0.006103633318063704,-0.1083805182841226
938,2026-02-02 15:11:00,0.006103633318063704,-0.1022768849660589,0.006103633318063704,-0.1022768849660589
939,2026-02-02 15:18:00,0.006103633318063704,-0.0961732516479952,0.006103633318063704,-0.0961732516479952
940,2026-02-02 15:22:00,0.006103633318063704,-0.10227688496605894,-0.006103633318063735,-0.10227688496605894
941,2026-02-02 15:31:00,0.006103633318063704,-0.09617325164799524,0.006103633318063704,-0.09617325164799524
942,2026-02-02 15:41:00,0.006103633318063704,-0.10227688496605887,-0.006103633318063623,-0.10227688496605887
943,2026-02-02 15:52:00,0.006103633318063704,-0.09617325164799517,0.006103633318063704,-0.09617325164799517
944,2026-02-02 16:18:00,0.006103633318063704,-0.09645830082090723,-0.0002850491729120616,-0.09645830082090723
945,2026-02-02 18:36:00,0.006103633318063704,-0.10256193413897097,-0.006103633318063735,-0.10256193413897097
946,2026-02-03 03:32:00,0.006103633318063704,-0.09645830082090727,0.006103633318063704,-0.09645830082090727
947,2026-02-03 03:47:00,0.006103633318063704,-0.09035466750284357,0.006103633318063704,-0.09035466750284357
948,2026-02-03 09:15:00,0.006103633318063704,-0.09249391374846971,-0.0021392462456261384,-0.09249391374846971
949,2026-02-03 14:37:00,0.006103633318063704,-0.09859754706653345,-0.006103633318063735,-0.09859754706653345
950,2026-02-03 14:43:00,0.006103633318063704,-0.10470118038459719,-0.006103633318063735,-0.10470118038459719
951,2026-02-03 14:55:00,0.006103633318063704,-0.11080481370266093,-0.006103633318063735,-0.11080481370266093
952,2026-02-03 15:15:00,0.006103633318063704,-0.10470118038459723,0.006103633318063704,-0.10470118038459723
953,2026-02-03 15:22:00,0.006103633318063704,-0.09859754706653354,0.006103633318063704,-0.09859754706653354
954,2026-02-03 15:27:00,0.006103633318063704,-0.10470118038459728,-0.006103633318063735,-0.10470118038459728
955,2026-02-03 15:42:00,0.006103633318063704,-0.09859754706653358,0.006103633318063704,-0.09859754706653358
956,2026-02-03 15:49:00,0.006103633318063704,-0.10470118038459732,-0.006103633318063735,-0.10470118038459732
957,2026-02-03 16:11:00,0.006103633318063704,-0.11080481370266106,-0.006103633318063735,-0.11080481370266106
958,2026-02-03 16:17:00,0.006103633318063704,-0.1169084470207248,-0.006103633318063735,-0.1169084470207248
959,2026-02-03 16:31:00,0.006103633318063704,-0.1108048137026611,0.006103633318063704,-0.1108048137026611
960,2026-02-03 16:39:00,0.006103633318063704,-0.11690844702072484,-0.006103633318063735,-0.11690844702072484
961,2026-02-03 17:10:00,0.006103633318063704,-0.12301208033878847,-0.006103633318063623,-0.12301208033878847
962,2026-02-03 17:15:00,0.006103633318063704,-0.1291157136568522,-0.006103633318063735,-0.1291157136568522
963,2026-02-03 17:41:00,0.006103633318063704,-0.13521934697491594,-0.006103633318063735,-0.13521934697491594
964,2026-02-03 18:16:00,0.006103633318063704,-0.14132298029297968,-0.006103633318063735,-0.14132298029297968
965,2026-02-03 18:22:00,0.006103633318063704,-0.14742661361104342,-0.006103633318063735,-0.14742661361104342
966,2026-02-03 18:31:00,0.006103633318063704,-0.15353024692910716,-0.006103633318063735,-0.15353024692910716
967,2026-02-03 18:43:00,0.006103633318063704,-0.1596338802471709,-0.006103633318063735,-0.1596338802471709
968,2026-02-03 18:58:00,0.006103633318063704,-0.1535302469291072,0.006103633318063704,-0.1535302469291072
969,2026-02-03 19:07:00,0.006103633318063704,-0.14742661361104348,0.006103633318063704,-0.14742661361104348
970,2026-02-03 19:11:00,0.006103633318063704,-0.14132298029297977,0.006103633318063704,-0.14132298029297977
971,2026-02-03 19:14:00,0.006103633318063704,-0.13521934697491605,0.006103633318063704,-0.13521934697491605
972,2026-02-03 19:20:00,0.006103633318063704,-0.1413229802929798,-0.006103633318063735,-0.1413229802929798
973,2026-02-03 19:24:00,0.006103633318063704,-0.13521934697491608,0.006103633318063704,-0.13521934697491608
974,2026-02-03 19:33:00,0.006103633318063704,-0.14132298029297982,-0.006103633318063735,-0.14132298029297982
975,2026-02-03 19:38:00,0.006103633318063704,-0.14742661361104356,-0.006103633318063735,-0.14742661361104356
976,2026-02-03 19:49:00,0.006103633318063704,-0.14132298029297985,0.006103633318063704,-0.14132298029297985
977,2026-02-03 20:21:00,0.006103633318063704,-0.13521934697491614,0.006103633318063704,-0.13521934697491614
978,2026-02-03 20:24:00,0.006103633318063704,-0.12911571365685243,0.006103633318063704,-0.12911571365685243
979,2026-02-03 20:28:00,0.006103633318063704,-0.12301208033878873,0.006103633318063704,-0.12301208033878873
980,2026-02-03 20:31:00,0.006103633318063704,-0.12911571365685245,-0.006103633318063735,-0.12911571365685245
981,2026-02-03 20:33:00,0.006103633318063704,-0.12301208033878876,0.006103633318063704,-0.12301208033878876
982,2026-02-03 21:05:00,0.006103633318063704,-0.12911571365685248,-0.006103633318063735,-0.12911571365685248
983,2026-02-03 21:36:00,0.006103633318063704,-0.13521934697491622,-0.006103633318063735,-0.13521934697491622
984,2026-02-03 21:55:00,0.006103633318063704,-0.14132298029297996,-0.006103633318063735,-0.14132298029297996
985,2026-02-03 22:08:00,0.006103633318063704,-0.13521934697491625,0.006103633318063704,-0.13521934697491625
986,2026-02-03 22:25:00,0.006103633318063704,-0.14132298029298,-0.006103633318063735,-0.14132298029298
987,2026-02-03 22:47:00,0.006103633318063704,-0.14742661361104384,-0.006103633318063847,-0.14742661361104384
988,2026-02-03 23:04:00,0.006103633318063704,-0.15353024692910758,-0.006103633318063735,-0.15353024692910758
989,2026-02-03 23:47:00,0.006103633318063704,-0.14742661361104387,0.006103633318063704,-0.14742661361104387
990,2026-02-04 00:25:00,0.006103633318063704,-0.14132298029298015,0.006103633318063704,-0.14132298029298015
991,2026-02-04 00:43:00,0.006103633318063704,-0.1474266136110439,-0.006103633318063735,-0.1474266136110439
992,2026-02-04 01:01:00,0.006103633318063704,-0.14132298029298018,0.006103633318063704,-0.14132298029298018
993,2026-02-04 01:04:00,0.006103633318063704,-0.14576922852325125,-0.0044462482302710556,-0.14576922852325125
994,2026-02-04 02:31:00,0.006103633318063704,-0.151872861841315,-0.006103633318063735,-0.151872861841315
995,2026-02-04 02:49:00,0.006103633318063704,-0.14576922852325128,0.006103633318063704,-0.14576922852325128
996,2026-02-04 03:09:00,0.006103633318063704,-0.13966559520518756,0.006103633318063704,-0.13966559520518756
997,2026-02-04 03:13:00,0.006103633318063704,-0.13906002393113034,0.0006055712740572155,-0.13906002393113034
998,2026-02-04 05:54:00,0.006103633318063704,-0.13295639061306663,0.006103633318063704,-0.13295639061306663
999,2026-02-04 06:05:00,0.006103633318063704,-0.12685275729500292,0.006103633318063704,-0.12685275729500292
1000,2026-02-04 06:37:00,0.006103633318063704,-0.12074912397693922,0.006103633318063704,-0.12074912397693922
1001,2026-02-04 06:47:00,0.006103633318063704,-0.12685275729500295,-0.006103633318063735,-0.12685275729500295
1002,2026-02-04 07:04:00,0.006103633318063704,-0.1329563906130667,-0.006103633318063735,-0.1329563906130667
1003,2026-02-04 08:26:00,0.006103633318063704,-0.12685275729500298,0.006103633318063704,-0.12685275729500298
1004,2026-02-04 11:04:00,0.006103633318063704,-0.13295639061306672,-0.006103633318063735,-0.13295639061306672
1005,2026-02-04 11:07:00,0.006103633318063704,-0.126852757295003,0.006103633318063704,-0.126852757295003
1006,2026-02-04 11:09:00,0.006103633318063704,-0.12074912397693931,0.006103633318063704,-0.12074912397693931
1007,2026-02-04 11:16:00,0.006103633318063704,-0.11464549065887561,0.006103633318063704,-0.11464549065887561
1008,2026-02-04 11:26:00,0.006103633318063704,-0.10854185734081191,0.006103633318063704,-0.10854185734081191
1009,2026-02-04 11:37:00,0.006103633318063704,-0.11464549065887554,-0.006103633318063623,-0.11464549065887554
1010,2026-02-04 11:53:00,0.006103633318063704,-0.10854185734081184,0.006103633318063704,-0.10854185734081184
1011,2026-02-04 12:39:00,0.006103633318063704,-0.11464549065887558,-0.006103633318063735,-0.11464549065887558
1012,2026-02-04 13:39:00,0.006103633318063704,-0.12074912397693932,-0.006103633318063735,-0.12074912397693932
1013,2026-02-04 13:49:00,0.006103633318063704,-0.12685275729500306,-0.006103633318063735,-0.12685275729500306
1014,2026-02-04 14:10:00,0.006103633318063704,-0.12074912397693936,0.006103633318063704,-0.12074912397693936
1015,2026-02-04 14:22:00,0.006103633318063704,-0.1268527572950031,-0.006103633318063735,-0.1268527572950031
1016,2026-02-04 14:31:00,0.006103633318063704,-0.12074912397693939,0.006103633318063704,-0.12074912397693939
1017,2026-02-04 14:36:00,0.006103633318063704,-0.12685275729500312,-0.006103633318063735,-0.12685275729500312
1018,2026-02-04 14:41:00,0.006103633318063704,-0.12074912397693942,0.006103633318063704,-0.12074912397693942
1019,2026-02-04 14:44:00,0.006103633318063704,-0.12685275729500314,-0.006103633318063735,-0.12685275729500314
1020,2026-02-04 14:53:00,0.006103633318063704,-0.12074912397693945,0.006103633318063704,-0.12074912397693945
1021,2026-02-04 14:56:00,0.006103633318063704,-0.12685275729500317,-0.006103633318063735,-0.12685275729500317
1022,2026-02-04 14:59:00,0.006103633318063704,-0.1329563906130669,-0.006103633318063735,-0.1329563906130669
1023,2026-02-04 15:03:00,0.006103633318063704,-0.13906002393113065,-0.006103633318063735,-0.13906002393113065
1024,2026-02-04 15:07:00,0.006103633318063704,-0.13295639061306694,0.006103633318063704,-0.13295639061306694
1025,2026-02-04 15:10:00,0.006103633318063704,-0.12685275729500323,0.006103633318063704,-0.12685275729500323
1026,2026-02-04 15:27:00,0.006103633318063704,-0.13295639061306708,-0.006103633318063847,-0.13295639061306708
1027,2026-02-04 15:34:00,0.006103633318063704,-0.13906002393113082,-0.006103633318063735,-0.13906002393113082
1028,2026-02-04 15:37:00,0.006103633318063704,-0.1329563906130671,0.006103633318063704,-0.1329563906130671
1029,2026-02-04 15:40:00,0.006103633318063704,-0.1268527572950034,0.006103633318063704,-0.1268527572950034
1030,2026-02-04 16:07:00,0.006103633318063704,-0.1207491239769397,0.006103633318063704,-0.1207491239769397
1031,2026-02-04 16:13:00,0.006103633318063704,-0.12685275729500342,-0.006103633318063735,-0.12685275729500342
1032,2026-02-04 16:17:00,0.006103633318063704,-0.12074912397693972,0.006103633318063704,-0.12074912397693972
1033,2026-02-04 16:28:00,0.006103633318063704,-0.12685275729500345,-0.006103633318063735,-0.12685275729500345
1034,2026-02-04 16:34:00,0.006103633318063704,-0.1329563906130672,-0.006103633318063735,-0.1329563906130672
1035,2026-02-04 16:38:00,0.006103633318063704,-0.12685275729500348,0.006103633318063704,-0.12685275729500348
1036,2026-02-04 16:51:00,0.006103633318063704,-0.12074912397693978,0.006103633318063704,-0.12074912397693978
1037,2026-02-04 17:02:00,0.006103633318063704,-0.11464549065887608,0.006103633318063704,-0.11464549065887608
1038,2026-02-04 17:14:00,0.006103633318063704,-0.12074912397693982,-0.006103633318063735,-0.12074912397693982
1039,2026-02-04 17:21:00,0.006103633318063704,-0.12685275729500356,-0.006103633318063735,-0.12685275729500356
1040,2026-02-04 17:28:00,0.006103633318063704,-0.12074912397693986,0.006103633318063704,-0.12074912397693986
1041,2026-02-04 17:32:00,0.006103633318063704,-0.12685275729500348,-0.006103633318063623,-0.12685275729500348
1042,2026-02-04 17:39:00,0.006103633318063704,-0.12074912397693978,0.006103633318063704,-0.12074912397693978
1043,2026-02-04 17:43:00,0.006103633318063704,-0.11464549065887608,0.006103633318063704,-0.11464549065887608
1044,2026-02-04 17:58:00,0.006103633318063704,-0.12074912397693982,-0.006103633318063735,-0.12074912397693982
1045,2026-02-04 18:06:00,0.006103633318063704,-0.12685275729500356,-0.006103633318063735,-0.12685275729500356
1046,2026-02-04 18:10:00,0.006103633318063704,-0.1329563906130673,-0.006103633318063735,-0.1329563906130673
1047,2026-02-04 18:16:00,0.006103633318063704,-0.1268527572950036,0.006103633318063704,-0.1268527572950036
1048,2026-02-04 18:20:00,0.006103633318063704,-0.12074912397693989,0.006103633318063704,-0.12074912397693989
1049,2026-02-04 18:29:00,0.006103633318063704,-0.11464549065887619,0.006103633318063704,-0.11464549065887619
1050,2026-02-04 18:39:00,0.006103633318063704,-0.1085418573408125,0.006103633318063704,-0.1085418573408125
1051,2026-02-04 18:41:00,0.006103633318063704,-0.1024382240227488,0.006103633318063704,-0.1024382240227488
1052,2026-02-04 19:03:00,0.006103633318063704,-0.0963345907046851,0.006103633318063704,-0.0963345907046851
1053,2026-02-04 19:16:00,0.006103633318063704,-0.10243822402274884,-0.006103633318063735,-0.10243822402274884
1054,2026-02-04 19:21:00,0.006103633318063704,-0.09633459070468514,0.006103633318063704,-0.09633459070468514
1055,2026-02-04 19:36:00,0.006103633318063704,-0.09023095738662144,0.006103633318063704,-0.09023095738662144
1056,2026-02-04 19:47:00,0.006103633318063704,-0.0963345907046853,-0.006103633318063847,-0.0963345907046853
1057,2026-02-04 20:09:00,0.006103633318063704,-0.10243822402274903,-0.006103633318063735,-0.10243822402274903
1058,2026-02-04 20:32:00,0.006103633318063704,-0.10854185734081277,-0.006103633318063735,-0.10854185734081277
1059,2026-02-04 21:07:00,0.006103633318063704,-0.11464549065887651,-0.006103633318063735,-0.11464549065887651
1060,2026-02-04 21:25:00,0.006103633318063704,-0.12074912397694025,-0.006103633318063735,-0.12074912397694025
1061,2026-02-04 21:45:00,0.006103633318063704,-0.12685275729500398,-0.006103633318063735,-0.12685275729500398
1062,2026-02-04 21:49:00,0.006103633318063704,-0.12074912397694028,0.006103633318063704,-0.12074912397694028
1063,2026-02-04 21:58:00,0.006103633318063704,-0.126852757295004,-0.006103633318063735,-0.126852757295004
1064,2026-02-04 22:03:00,0.006103633318063704,-0.13295639061306774,-0.006103633318063735,-0.13295639061306774
1065,2026-02-04 22:06:00,0.006103633318063704,-0.12685275729500403,0.006103633318063704,-0.12685275729500403
1066,2026-02-04 22:08:00,0.006103633318063704,-0.12074912397694033,0.006103633318063704,-0.12074912397694033
1067,2026-02-04 22:15:00,0.006103633318063704,-0.11464549065887664,0.006103633318063704,-0.11464549065887664
1068,2026-02-04 22:22:00,0.006103633318063704,-0.10854185734081294,0.006103633318063704,-0.10854185734081294
1069,2026-02-04 22:25:00,0.006103633318063704,-0.11464549065887657,-0.006103633318063623,-0.11464549065887657
1070,2026-02-04 22:44:00,0.006103633318063704,-0.10854185734081287,0.006103633318063704,-0.10854185734081287
1071,2026-02-04 22:46:00,0.006103633318063704,-0.11464549065887661,-0.006103633318063735,-0.11464549065887661
1072,2026-02-04 22:55:00,0.006103633318063704,-0.12074912397694035,-0.006103633318063735,-0.12074912397694035
1073,2026-02-04 22:58:00,0.006103633318063704,-0.1268527572950041,-0.006103633318063735,-0.1268527572950041
1074,2026-02-04 23:07:00,0.006103633318063704,-0.12074912397694039,0.006103633318063704,-0.12074912397694039
1075,2026-02-04 23:18:00,0.006103633318063704,-0.11464549065887669,0.006103633318063704,-0.11464549065887669
1076,2026-02-04 23:26:00,0.006103633318063704,-0.108541857340813,0.006103633318063704,-0.108541857340813
1077,2026-02-04 23:37:00,0.006103633318063704,-0.11464549065887684,-0.006103633318063847,-0.11464549065887684
1078,2026-02-05 00:03:00,0.006103633318063704,-0.10854185734081315,0.006103633318063704,-0.10854185734081315
1079,2026-02-05 00:28:00,0.006103633318063704,-0.11464549065887689,-0.006103633318063735,-0.11464549065887689
1080,2026-02-05 00:33:00,0.006103633318063704,-0.10854185734081319,0.006103633318063704,-0.10854185734081319
1081,2026-02-05 01:10:00,0.006103633318063704,-0.11464549065887693,-0.006103633318063735,-0.11464549065887693
1082,2026-02-05 01:17:00,0.006103633318063704,-0.12074912397694067,-0.006103633318063735,-0.12074912397694067
1083,2026-02-05 01:22:00,0.006103633318063704,-0.11464549065887697,0.006103633318063704,-0.11464549065887697
1084,2026-02-05 01:26:00,0.006103633318063704,-0.10854185734081327,0.006103633318063704,-0.10854185734081327
1085,2026-02-05 01:28:00,0.006103633318063704,-0.11464549065887701,-0.006103633318063735,-0.11464549065887701
1086,2026-02-05 01:41:00,0.006103633318063704,-0.12074912397694064,-0.006103633318063623,-0.12074912397694064
1087,2026-02-05 02:07:00,0.006103633318063704,-0.12685275729500436,-0.006103633318063735,-0.12685275729500436
1088,2026-02-05 02:18:00,0.006103633318063704,-0.12074912397694067,0.006103633318063704,-0.12074912397694067
1089,2026-02-05 02:31:00,0.006103633318063704,-0.11464549065887697,0.006103633318063704,-0.11464549065887697
1090,2026-02-05 02:36:00,0.006103633318063704,-0.12074912397694071,-0.006103633318063735,-0.12074912397694071
1091,2026-02-05 02:48:00,0.006103633318063704,-0.12685275729500434,-0.006103633318063623,-0.12685275729500434
1092,2026-02-05 03:00:00,0.006103633318063704,-0.13295639061306808,-0.006103633318063735,-0.13295639061306808
1093,2026-02-05 03:07:00,0.006103633318063704,-0.12685275729500436,0.006103633318063704,-0.12685275729500436
1094,2026-02-05 03:10:00,0.006103633318063704,-0.1329563906130681,-0.006103633318063735,-0.1329563906130681
1095,2026-02-05 03:14:00,0.006103633318063704,-0.13906002393113184,-0.006103633318063735,-0.13906002393113184
1096,2026-02-05 03:17:00,0.006103633318063704,-0.13295639061306813,0.006103633318063704,-0.13295639061306813
1097,2026-02-05 03:21:00,0.006103633318063704,-0.13906002393113187,-0.006103633318063735,-0.13906002393113187
1098,2026-02-05 04:09:00,0.006103633318063704,-0.13295639061306816,0.006103633318063704,-0.13295639061306816
1099,2026-02-05 04:11:00,0.006103633318063704,-0.139060023931132,-0.006103633318063847,-0.139060023931132
1100,2026-02-05 04:15:00,0.006103633318063704,-0.1329563906130683,0.006103633318063704,-0.1329563906130683
1101,2026-02-05 04:21:00,0.006103633318063704,-0.13906002393113204,-0.006103633318063735,-0.13906002393113204
1102,2026-02-05 04:28:00,0.006103633318063704,-0.13295639061306833,0.006103633318063704,-0.13295639061306833
1103,2026-02-05 04:43:00,0.006103633318063704,-0.13906002393113207,-0.006103633318063735,-0.13906002393113207
1104,2026-02-05 04:54:00,0.006103633318063704,-0.13295639061306835,0.006103633318063704,-0.13295639061306835
1105,2026-02-05 05:14:00,0.006103633318063704,-0.1390600239311321,-0.006103633318063735,-0.1390600239311321
1106,2026-02-05 05:21:00,0.006103633318063704,-0.14516365724919583,-0.006103633318063735,-0.14516365724919583
1107,2026-02-05 05:24:00,0.006103633318063704,-0.13906002393113212,0.006103633318063704,-0.13906002393113212
1108,2026-02-05 05:30:00,0.006103633318063704,-0.14516365724919586,-0.006103633318063735,-0.14516365724919586
1109,2026-02-05 05:33:00,0.006103633318063704,-0.13906002393113215,0.006103633318063704,-0.13906002393113215
1110,2026-02-05 05:38:00,0.006103633318063704,-0.13295639061306844,0.006103633318063704,-0.13295639061306844
1111,2026-02-05 05:42:00,0.006103633318063704,-0.13906002393113207,-0.006103633318063623,-0.13906002393113207
1112,2026-02-05 05:48:00,0.006103633318063704,-0.1451636572491958,-0.006103633318063735,-0.1451636572491958
1113,2026-02-05 06:04:00,0.006103633318063704,-0.1390600239311321,0.006103633318063704,-0.1390600239311321
1114,2026-02-05 06:08:00,0.006103633318063704,-0.13295639061306838,0.006103633318063704,-0.13295639061306838
1115,2026-02-05 07:02:00,0.006103633318063704,-0.139060023931132,-0.006103633318063623,-0.139060023931132
1116,2026-02-05 07:09:00,0.006103633318063704,-0.1329563906130683,0.006103633318063704,-0.1329563906130683
1117,2026-02-05 07:23:00,0.006103633318063704,-0.13906002393113193,-0.006103633318063623,-0.13906002393113193
1118,2026-02-05 07:58:00,0.006103633318063704,-0.13295639061306821,0.006103633318063704,-0.13295639061306821
1119,2026-02-05 08:07:00,0.006103633318063704,-0.1268527572950045,0.006103633318063704,-0.1268527572950045
1120,2026-02-05 08:28:00,0.006103633318063704,-0.1207491239769408,0.006103633318063704,-0.1207491239769408
1121,2026-02-05 08:32:00,0.006103633318063704,-0.11464549065887711,0.006103633318063704,-0.11464549065887711
1122,2026-02-05 09:09:00,0.006103633318063704,-0.10854185734081341,0.006103633318063704,-0.10854185734081341
1123,2026-02-05 09:17:00,0.006103633318063704,-0.11464549065887715,-0.006103633318063735,-0.11464549065887715
1124,2026-02-05 09:33:00,0.006103633318063704,-0.12074912397694089,-0.006103633318063735,-0.12074912397694089
1125,2026-02-05 10:06:00,0.006103633318063704,-0.11464549065887719,0.006103633318063704,-0.11464549065887719
1126,2026-02-05 10:23:00,0.006103633318063704,-0.12074912397694093,-0.006103633318063735,-0.12074912397694093
1127,2026-02-05 10:49:00,0.006103633318063704,-0.12685275729500467,-0.006103633318063735,-0.12685275729500467
1128,2026-02-05 10:53:00,0.006103633318063704,-0.1329563906130684,-0.006103633318063735,-0.1329563906130684
1129,2026-02-05 10:56:00,0.006103633318063704,-0.13906002393113226,-0.006103633318063847,-0.13906002393113226
1130,2026-02-05 11:22:00,0.006103633318063704,-0.1451636572491961,-0.006103633318063847,-0.1451636572491961
1131,2026-02-05 11:25:00,0.006103633318063704,-0.15126729056725985,-0.006103633318063735,-0.15126729056725985
1132,2026-02-05 11:29:00,0.006103633318063704,-0.14516365724919614,0.006103633318063704,-0.14516365724919614
1133,2026-02-05 11:38:00,0.006103633318063704,-0.13906002393113243,0.006103633318063704,-0.13906002393113243
1134,2026-02-05 11:42:00,0.006103633318063704,-0.14516365724919617,-0.006103633318063735,-0.14516365724919617
1135,2026-02-05 11:51:00,0.006103633318063704,-0.13906002393113245,0.006103633318063704,-0.13906002393113245
1136,2026-02-05 12:03:00,0.006103633318063704,-0.1451636572491962,-0.006103633318063735,-0.1451636572491962
1137,2026-02-05 12:09:00,0.006103633318063704,-0.15126729056725993,-0.006103633318063735,-0.15126729056725993
1138,2026-02-05 12:18:00,0.006103633318063704,-0.14516365724919622,0.006103633318063704,-0.14516365724919622
1139,2026-02-05 12:28:00,0.006103633318063704,-0.15126729056725996,-0.006103633318063735,-0.15126729056725996
1140,2026-02-05 12:32:00,0.006103633318063704,-0.14516365724919625,0.006103633318063704,-0.14516365724919625
1141,2026-02-05 12:38:00,0.006103633318063704,-0.15126729056726,-0.006103633318063735,-0.15126729056726
1142,2026-02-05 12:56:00,0.006103633318063704,-0.15737092388532362,-0.006103633318063623,-0.15737092388532362
1143,2026-02-05 13:16:00,0.006103633318063704,-0.16347455720338736,-0.006103633318063735,-0.16347455720338736
1144,2026-02-05 13:48:00,0.006103633318063704,-0.15737092388532364,0.006103633318063704,-0.15737092388532364
1145,2026-02-05 14:01:00,0.006103633318063704,-0.16347455720338738,-0.006103633318063735,-0.16347455720338738
1146,2026-02-05 14:06:00,0.006103633318063704,-0.15737092388532367,0.006103633318063704,-0.15737092388532367
1147,2026-02-05 14:29:00,0.006103633318063704,-0.15126729056725996,0.006103633318063704,-0.15126729056725996
1148,2026-02-05 14:36:00,0.006103633318063704,-0.14516365724919625,0.006103633318063704,-0.14516365724919625
1149,2026-02-05 14:38:00,0.006103633318063704,-0.15126729056725988,-0.006103633318063623,-0.15126729056725988
1150,2026-02-05 14:42:00,0.006103633318063704,-0.15737092388532362,-0.006103633318063735,-0.15737092388532362
1151,2026-02-05 14:47:00,0.006103633318063704,-0.16347455720338747,-0.006103633318063847,-0.16347455720338747
1152,2026-02-05 14:52:00,0.006103633318063704,-0.1695781905214512,-0.006103633318063735,-0.1695781905214512
1153,2026-02-05 14:57:00,0.006103633318063704,-0.17568182383951494,-0.006103633318063735,-0.17568182383951494
1154,2026-02-05 15:04:00,0.006103633318063704,-0.1817854571575788,-0.006103633318063847,-0.1817854571575788
1155,2026-02-05 15:06:00,0.006103633318063704,-0.18788909047564253,-0.006103633318063735,-0.18788909047564253
1156,2026-02-05 15:11:00,0.006103633318063704,-0.18178545715757882,0.006103633318063704,-0.18178545715757882
1157,2026-02-05 15:17:00,0.006103633318063704,-0.18788909047564256,-0.006103633318063735,-0.18788909047564256
1158,2026-02-05 15:19:00,0.006103633318063704,-0.1939927237937063,-0.006103633318063735,-0.1939927237937063
1159,2026-02-05 15:21:00,0.006103633318063704,-0.20009635711177004,-0.006103633318063735,-0.20009635711177004
1160,2026-02-05 15:24:00,0.006103633318063704,-0.19399272379370633,0.006103633318063704,-0.19399272379370633
1161,2026-02-05 15:26:00,0.006103633318063704,-0.20009635711177007,-0.006103633318063735,-0.20009635711177007
1162,2026-02-05 15:30:00,0.006103633318063704,-0.2061999904298338,-0.006103633318063735,-0.2061999904298338
1163,2026-02-05 15:33:00,0.006103633318063704,-0.2000963571117701,0.006103633318063704,-0.2000963571117701
1164,2026-02-05 15:36:00,0.006103633318063704,-0.19399272379370638,0.006103633318063704,-0.19399272379370638
1165,2026-02-05 15:39:00,0.006103633318063704,-0.18788909047564267,0.006103633318063704,-0.18788909047564267
1166,2026-02-05 15:42:00,0.006103633318063704,-0.1939927237937064,-0.006103633318063735,-0.1939927237937064
1167,2026-02-05 15:46:00,0.006103633318063704,-0.1878890904756427,0.006103633318063704,-0.1878890904756427
1168,2026-02-05 15:51:00,0.006103633318063704,-0.19399272379370655,-0.006103633318063847,-0.19399272379370655
1169,2026-02-05 15:54:00,0.006103633318063704,-0.20009635711177018,-0.006103633318063623,-0.20009635711177018
1170,2026-02-05 15:58:00,0.006103633318063704,-0.2061999904298338,-0.006103633318063623,-0.2061999904298338
1171,2026-02-05 16:04:00,0.006103633318063704,-0.2000963571117701,0.006103633318063704,-0.2000963571117701
1172,2026-02-05 16:07:00,0.006103633318063704,-0.19399272379370638,0.006103633318063704,-0.19399272379370638
1173,2026-02-05 16:11:00,0.006103633318063704,-0.20009635711177023,-0.006103633318063847,-0.20009635711177023
1174,2026-02-05 16:15:00,0.006103633318063704,-0.19399272379370652,0.006103633318063704,-0.19399272379370652
1175,2026-02-05 16:17:00,0.006103633318063704,-0.20009635711177026,-0.006103633318063735,-0.20009635711177026
1176,2026-02-05 16:20:00,0.006103633318063704,-0.19399272379370655,0.006103633318063704,-0.19399272379370655
1177,2026-02-05 16:23:00,0.006103633318063704,-0.18788909047564284,0.006103633318063704,-0.18788909047564284
1178,2026-02-05 16:25:00,0.006103633318063704,-0.18178545715757913,0.006103633318063704,-0.18178545715757913
1179,2026-02-05 16:31:00,0.006103633318063704,-0.18788909047564287,-0.006103633318063735,-0.18788909047564287
1180,2026-02-05 16:41:00,0.006103633318063704,-0.1939927237937066,-0.006103633318063735,-0.1939927237937066
1181,2026-02-05 16:46:00,0.006103633318063704,-0.1878890904756429,0.006103633318063704,-0.1878890904756429
1182,2026-02-05 16:50:00,0.006103633318063704,-0.18178545715757918,0.006103633318063704,-0.18178545715757918
1183,2026-02-05 16:53:00,0.006103633318063704,-0.18788909047564292,-0.006103633318063735,-0.18788909047564292
1184,2026-02-05 16:57:00,0.006103633318063704,-0.19399272379370666,-0.006103633318063735,-0.19399272379370666
1185,2026-02-05 17:03:00,0.006103633318063704,-0.2000963571117704,-0.006103633318063735,-0.2000963571117704
1186,2026-02-05 17:08:00,0.006103633318063704,-0.20619999042983414,-0.006103633318063735,-0.20619999042983414
1187,2026-02-05 17:12:00,0.006103633318063704,-0.21230362374789777,-0.006103633318063623,-0.21230362374789777
1188,2026-02-05 17:20:00,0.006103633318063704,-0.20619999042983406,0.006103633318063704,-0.20619999042983406
1189,2026-02-05 17:23:00,0.006103633318063704,-0.20009635711177035,0.006103633318063704,-0.20009635711177035
1190,2026-02-05 17:25:00,0.006103633318063704,-0.20619999042983408,-0.006103633318063735,-0.20619999042983408
1191,2026-02-05 17:29:00,0.006103633318063704,-0.21230362374789782,-0.006103633318063735,-0.21230362374789782
1192,2026-02-05 17:32:00,0.006103633318063704,-0.2061999904298341,0.006103633318063704,-0.2061999904298341
1193,2026-02-05 17:37:00,0.006103633318063704,-0.21230362374789785,-0.006103633318063735,-0.21230362374789785
1194,2026-02-05 17:50:00,0.006103633318063704,-0.2184072570659616,-0.006103633318063735,-0.2184072570659616
1195,2026-02-05 17:53:00,0.006103633318063704,-0.22451089038402533,-0.006103633318063735,-0.22451089038402533
1196,2026-02-05 18:00:00,0.006103633318063704,-0.21840725706596162,0.006103633318063704,-0.21840725706596162
1197,2026-02-05 18:03:00,0.006103633318063704,-0.22451089038402536,-0.006103633318063735,-0.22451089038402536
1198,2026-02-05 18:17:00,0.006103633318063704,-0.2306145237020891,-0.006103633318063735,-0.2306145237020891
1199,2026-02-05 18:22:00,0.006103633318063704,-0.22451089038402539,0.006103633318063704,-0.22451089038402539
1200,2026-02-05 18:25:00,0.006103633318063704,-0.23061452370208912,-0.006103633318063735,-0.23061452370208912
1201,2026-02-05 18:33:00,0.006103633318063704,-0.2245108903840254,0.006103633318063704,-0.2245108903840254
1202,2026-02-05 18:37:00,0.006103633318063704,-0.2184072570659617,0.006103633318063704,-0.2184072570659617
1203,2026-02-05 18:54:00,0.006103633318063704,-0.212303623747898,0.006103633318063704,-0.212303623747898
1204,2026-02-05 18:57:00,0.006103633318063704,-0.21840725706596173,-0.006103633318063735,-0.21840725706596173
1205,2026-02-05 19:11:00,0.006103633318063704,-0.22451089038402536,-0.006103633318063623,-0.22451089038402536
1206,2026-02-05 19:23:00,0.006103633318063704,-0.2306145237020891,-0.006103633318063735,-0.2306145237020891
1207,2026-02-05 19:26:00,0.006103633318063704,-0.22451089038402539,0.006103633318063704,-0.22451089038402539
1208,2026-02-05 19:32:00,0.006103633318063704,-0.21840725706596167,0.006103633318063704,-0.21840725706596167
1209,2026-02-05 19:37:00,0.006103633318063704,-0.22451089038402552,-0.006103633318063847,-0.22451089038402552
1210,2026-02-05 19:42:00,0.006103633318063704,-0.23061452370208926,-0.006103633318063735,-0.23061452370208926
1211,2026-02-05 19:53:00,0.006103633318063704,-0.22451089038402555,0.006103633318063704,-0.22451089038402555
1212,2026-02-05 20:03:00,0.006103633318063704,-0.2306145237020893,-0.006103633318063735,-0.2306145237020893
1213,2026-02-05 20:15:00,0.006103633318063704,-0.23671815702015303,-0.006103633318063735,-0.23671815702015303
1214,2026-02-05 20:23:00,0.006103633318063704,-0.23061452370208932,0.006103633318063704,-0.23061452370208932
1215,2026-02-05 20:25:00,0.006103633318063704,-0.2245108903840256,0.006103633318063704,-0.2245108903840256
1216,2026-02-05 20:27:00,0.006103633318063704,-0.23061452370208935,-0.006103633318063735,-0.23061452370208935
1217,2026-02-05 20:30:00,0.006103633318063704,-0.23671815702015309,-0.006103633318063735,-0.23671815702015309
1218,2026-02-05 20:33:00,0.006103633318063704,-0.24282179033821683,-0.006103633318063735,-0.24282179033821683
1219,2026-02-05 20:37:00,0.006103633318063704,-0.24892542365628056,-0.006103633318063735,-0.24892542365628056
1220,2026-02-05 20:39:00,0.006103633318063704,-0.24282179033821685,0.006103633318063704,-0.24282179033821685
1221,2026-02-05 20:41:00,0.006103633318063704,-0.2489254236562806,-0.006103633318063735,-0.2489254236562806
1222,2026-02-05 20:48:00,0.006103633318063704,-0.2550290569743442,-0.006103633318063623,-0.2550290569743442
1223,2026-02-05 20:52:00,0.006103633318063704,-0.24892542365628048,0.006103633318063704,-0.24892542365628048
1224,2026-02-05 20:57:00,0.006103633318063704,-0.24282179033821677,0.006103633318063704,-0.24282179033821677
1225,2026-02-05 21:01:00,0.006103633318063704,-0.23671815702015306,0.006103633318063704,-0.23671815702015306
1226,2026-02-05 21:03:00,0.006103633318063704,-0.23061452370208935,0.006103633318063704,-0.23061452370208935
1227,2026-02-05 21:05:00,0.006103633318063704,-0.23671815702015309,-0.006103633318063735,-0.23671815702015309
1228,2026-02-05 21:08:00,0.006103633318063704,-0.24282179033821694,-0.006103633318063847,-0.24282179033821694
1229,2026-02-05 21:14:00,0.006103633318063704,-0.24892542365628068,-0.006103633318063735,-0.24892542365628068
1230,2026-02-05 21:19:00,0.006103633318063704,-0.24282179033821696,0.006103633318063704,-0.24282179033821696
1231,2026-02-05 21:22:00,0.006103633318063704,-0.23671815702015325,0.006103633318063704,-0.23671815702015325
1232,2026-02-05 21:24:00,0.006103633318063704,-0.242821790338217,-0.006103633318063735,-0.242821790338217
1233,2026-02-05 21:27:00,0.006103633318063704,-0.23671815702015328,0.006103633318063704,-0.23671815702015328
1234,2026-02-05 21:30:00,0.006103633318063704,-0.23061452370208957,0.006103633318063704,-0.23061452370208957
1235,2026-02-05 21:33:00,0.006103633318063704,-0.2367181570201533,-0.006103633318063735,-0.2367181570201533
1236,2026-02-05 21:37:00,0.006103633318063704,-0.2306145237020896,0.006103633318063704,-0.2306145237020896
1237,2026-02-05 21:43:00,0.006103633318063704,-0.23671815702015334,-0.006103633318063735,-0.23671815702015334
1238,2026-02-05 21:50:00,0.006103633318063704,-0.24282179033821696,-0.006103633318063623,-0.24282179033821696
1239,2026-02-05 21:57:00,0.006103633318063704,-0.23671815702015325,0.006103633318063704,-0.23671815702015325
1240,2026-02-05 22:01:00,0.006103633318063704,-0.24282179033821688,-0.006103633318063623,-0.24282179033821688
1241,2026-02-05 22:08:00,0.006103633318063704,-0.23671815702015317,0.006103633318063704,-0.23671815702015317
1242,2026-02-05 22:10:00,0.006103633318063704,-0.2428217903382168,-0.006103633318063623,-0.2428217903382168
1243,2026-02-05 22:16:00,0.006103633318063704,-0.24892542365628054,-0.006103633318063735,-0.24892542365628054
1244,2026-02-05 22:18:00,0.006103633318063704,-0.25502905697434425,-0.006103633318063735,-0.25502905697434425
1245,2026-02-05 22:24:00,0.006103633318063704,-0.24892542365628054,0.006103633318063704,-0.24892542365628054
1246,2026-02-05 22:29:00,0.006103633318063704,-0.24282179033821683,0.006103633318063704,-0.24282179033821683
1247,2026-02-05 22:31:00,0.006103633318063704,-0.2367181570201531,0.006103633318063704,-0.2367181570201531
1248,2026-02-05 22:36:00,0.006103633318063704,-0.24282179033821696,-0.006103633318063847,-0.24282179033821696
1249,2026-02-05 22:42:00,0.006103633318063704,-0.23671815702015325,0.006103633318063704,-0.23671815702015325
1250,2026-02-05 22:47:00,0.006103633318063704,-0.23061452370208954,0.006103633318063704,-0.23061452370208954
1251,2026-02-05 22:51:00,0.006103633318063704,-0.23671815702015317,-0.006103633318063623,-0.23671815702015317
1252,2026-02-05 22:56:00,0.006103633318063704,-0.23061452370208946,0.006103633318063704,-0.23061452370208946
1253,2026-02-05 23:04:00,0.006103633318063704,-0.22451089038402575,0.006103633318063704,-0.22451089038402575
1254,2026-02-05 23:11:00,0.006103633318063704,-0.23061452370208937,-0.006103633318063623,-0.23061452370208937
1255,2026-02-05 23:17:00,0.006103633318063704,-0.23671815702015322,-0.006103633318063847,-0.23671815702015322
1256,2026-02-05 23:21:00,0.006103633318063704,-0.24282179033821708,-0.006103633318063847,-0.24282179033821708
1257,2026-02-05 23:25:00,0.006103633318063704,-0.23671815702015336,0.006103633318063704,-0.23671815702015336
1258,2026-02-05 23:32:00,0.006103633318063704,-0.242821790338217,-0.006103633318063623,-0.242821790338217
1259,2026-02-05 23:35:00,0.006103633318063704,-0.24892542365628062,-0.006103633318063623,-0.24892542365628062
1260,2026-02-05 23:49:00,0.006103633318063704,-0.25502905697434436,-0.006103633318063735,-0.25502905697434436
1261,2026-02-05 23:53:00,0.006103633318063704,-0.2611326902924082,-0.006103633318063847,-0.2611326902924082
1262,2026-02-06 00:04:00,0.006103633318063704,-0.26723632361047195,-0.006103633318063735,-0.26723632361047195
1263,2026-02-06 00:06:00,0.006103633318063704,-0.2733399569285358,-0.006103633318063847,-0.2733399569285358
1264,2026-02-06 00:09:00,0.006103633318063704,-0.27944359024659954,-0.006103633318063735,-0.27944359024659954
1265,2026-02-06 00:11:00,0.006103633318063704,-0.27333995692853585,0.006103633318063704,-0.27333995692853585
1266,2026-02-06 00:13:00,0.006103633318063704,-0.2794435902465996,-0.006103633318063735,-0.2794435902465996
1267,2026-02-06 00:15:00,0.006103633318063704,-0.2855472235646632,-0.006103633318063623,-0.2855472235646632
1268,2026-02-06 00:17:00,0.006103633318063704,-0.29165085688272685,-0.006103633318063623,-0.29165085688272685
1269,2026-02-06 00:19:00,0.006103633318063704,-0.28554722356466317,0.006103633318063704,-0.28554722356466317
1270,2026-02-06 00:21:00,0.006103633318063704,-0.2916508568827269,-0.006103633318063735,-0.2916508568827269
1271,2026-02-06 00:23:00,0.006103633318063704,-0.2855472235646632,0.006103633318063704,-0.2855472235646632
1272,2026-02-06 00:25:00,0.006103633318063704,-0.27944359024659954,0.006103633318063704,-0.27944359024659954
1273,2026-02-06 00:27:00,0.006103633318063704,-0.2855472235646633,-0.006103633318063735,-0.2855472235646633
1274,2026-02-06 00:29:00,0.006103633318063704,-0.2794435902465996,0.006103633318063704,-0.2794435902465996
1275,2026-02-06 00:32:00,0.006103633318063704,-0.2733399569285359,0.006103633318063704,-0.2733399569285359
1276,2026-02-06 00:34:00,0.006103633318063704,-0.2672363236104722,0.006103633318063704,-0.2672363236104722
1277,2026-02-06 00:36:00,0.006103633318063704,-0.26113269029240854,0.006103633318063704,-0.26113269029240854
1278,2026-02-06 00:38:00,0.006103633318063704,-0.2672363236104723,-0.006103633318063735,-0.2672363236104723
1279,2026-02-06 00:41:00,0.006103633318063704,-0.2611326902924086,0.006103633318063704,-0.2611326902924086
1280,2026-02-06 00:44:00,0.006103633318063704,-0.2550290569743449,0.006103633318063704,-0.2550290569743449
1281,2026-02-06 00:46:00,0.006103633318063704,-0.26113269029240865,-0.006103633318063735,-0.26113269029240865
1282,2026-02-06 00:48:00,0.006103633318063704,-0.25502905697434497,0.006103633318063704,-0.25502905697434497
1283,2026-02-06 00:50:00,0.006103633318063704,-0.24892542365628126,0.006103633318063704,-0.24892542365628126
1284,2026-02-06 00:54:00,0.006103633318063704,-0.25502905697434497,-0.006103633318063735,-0.25502905697434497
1285,2026-02-06 00:56:00,0.006103633318063704,-0.24892542365628126,0.006103633318063704,-0.24892542365628126
1286,2026-02-06 01:01:00,0.006103633318063704,-0.25502905697434486,-0.006103633318063623,-0.25502905697434486
1287,2026-02-06 01:04:00,0.006103633318063704,-0.2611326902924086,-0.006103633318063735,-0.2611326902924086
1288,2026-02-06 01:06:00,0.006103633318063704,-0.2550290569743449,0.006103633318063704,-0.2550290569743449
1289,2026-02-06 01:08:00,0.006103633318063704,-0.2489254236562812,0.006103633318063704,-0.2489254236562812
1290,2026-02-06 01:10:00,0.006103633318063704,-0.2550290569743449,-0.006103633318063735,-0.2550290569743449
1291,2026-02-06 01:13:00,0.006103633318063704,-0.2489254236562812,0.006103633318063704,-0.2489254236562812
1292,2026-02-06 01:16:00,0.006103633318063704,-0.2428217903382175,0.006103633318063704,-0.2428217903382175
1293,2026-02-06 01:18:00,0.006103633318063704,-0.24892542365628134,-0.006103633318063847,-0.24892542365628134
1294,2026-02-06 01:20:00,0.006103633318063704,-0.24282179033821763,0.006103633318063704,-0.24282179033821763
1295,2026-02-06 01:34:00,0.006103633318063704,-0.23671815702015392,0.006103633318063704,-0.23671815702015392
1296,2026-02-06 01:37:00,0.006103633318063704,-0.2306145237020902,0.006103633318063704,-0.2306145237020902
1297,2026-02-06 01:44:00,0.006103633318063704,-0.2245108903840265,0.006103633318063704,-0.2245108903840265
1298,2026-02-06 01:47:00,0.006103633318063704,-0.21840725706596278,0.006103633318063704,-0.21840725706596278
1299,2026-02-06 01:57:00,0.006103633318063704,-0.21230362374789907,0.006103633318063704,-0.21230362374789907
1300,2026-02-06 02:02:00,0.006103633318063704,-0.2184072570659628,-0.006103633318063735,-0.2184072570659628
1301,2026-02-06 02:05:00,0.006103633318063704,-0.22451089038402655,-0.006103633318063735,-0.22451089038402655
1302,2026-02-06 02:07:00,0.006103633318063704,-0.2306145237020903,-0.006103633318063735,-0.2306145237020903
1303,2026-02-06 02:12:00,0.006103633318063704,-0.23671815702015403,-0.006103633318063735,-0.23671815702015403
1304,2026-02-06 02:16:00,0.006103633318063704,-0.24282179033821777,-0.006103633318063735,-0.24282179033821777
1305,2026-02-06 02:21:00,0.006103633318063704,-0.2489254236562814,-0.006103633318063623,-0.2489254236562814
1306,2026-02-06 02:25:00,0.006103633318063704,-0.24282179033821769,0.006103633318063704,-0.24282179033821769
1307,2026-02-06 02:34:00,0.006103633318063704,-0.23671815702015397,0.006103633318063704,-0.23671815702015397
1308,2026-02-06 02:40:00,0.006103633318063704,-0.2428217903382176,-0.006103633318063623,-0.2428217903382176
1309,2026-02-06 02:47:00,0.006103633318063704,-0.2367181570201539,0.006103633318063704,-0.2367181570201539
1310,2026-02-06 02:51:00,0.006103633318063704,-0.24282179033821774,-0.006103633318063847,-0.24282179033821774
1311,2026-02-06 02:55:00,0.006103633318063704,-0.23671815702015403,0.006103633318063704,-0.23671815702015403
1312,2026-02-06 03:03:00,0.006103633318063704,-0.24282179033821777,-0.006103633318063735,-0.24282179033821777
1313,2026-02-06 03:07:00,0.006103633318063704,-0.23671815702015406,0.006103633318063704,-0.23671815702015406
1314,2026-02-06 03:10:00,0.006103633318063704,-0.23061452370209035,0.006103633318063704,-0.23061452370209035
1315,2026-02-06 03:18:00,0.006103633318063704,-0.23671815702015409,-0.006103633318063735,-0.23671815702015409
1316,2026-02-06 03:25:00,0.006103633318063704,-0.23061452370209037,0.006103633318063704,-0.23061452370209037
1317,2026-02-06 03:30:00,0.006103633318063704,-0.2367181570201541,-0.006103633318063735,-0.2367181570201541
1318,2026-02-06 03:39:00,0.006103633318063704,-0.24282179033821796,-0.006103633318063847,-0.24282179033821796
1319,2026-02-06 03:45:00,0.006103633318063704,-0.2489254236562817,-0.006103633318063735,-0.2489254236562817
1320,2026-02-06 03:48:00,0.006103633318063704,-0.242821790338218,0.006103633318063704,-0.242821790338218
1321,2026-02-06 03:56:00,0.006103633318063704,-0.23671815702015428,0.006103633318063704,-0.23671815702015428
1322,2026-02-06 04:14:00,0.006103633318063704,-0.23061452370209057,0.006103633318063704,-0.23061452370209057
1323,2026-02-06 04:23:00,0.006103633318063704,-0.22451089038402686,0.006103633318063704,-0.22451089038402686
1324,2026-02-06 04:27:00,0.006103633318063704,-0.2306145237020906,-0.006103633318063735,-0.2306145237020906
1325,2026-02-06 04:36:00,0.006103633318063704,-0.23671815702015445,-0.006103633318063847,-0.23671815702015445
1326,2026-02-06 04:40:00,0.006103633318063704,-0.23061452370209073,0.006103633318063704,-0.23061452370209073
1327,2026-02-06 04:46:00,0.006103633318063704,-0.22451089038402702,0.006103633318063704,-0.22451089038402702
1328,2026-02-06 04:52:00,0.006103633318063704,-0.2184072570659633,0.006103633318063704,-0.2184072570659633
1329,2026-02-06 05:06:00,0.006103633318063704,-0.2123036237478996,0.006103633318063704,-0.2123036237478996
1330,2026-02-06 05:13:00,0.006103633318063704,-0.21840725706596345,-0.006103633318063847,-0.21840725706596345
1331,2026-02-06 05:27:00,0.006103633318063704,-0.21230362374789974,0.006103633318063704,-0.21230362374789974
1332,2026-02-06 05:32:00,0.006103633318063704,-0.20619999042983603,0.006103633318063704,-0.20619999042983603
1333,2026-02-06 05:38:00,0.006103633318063704,-0.20009635711177232,0.006103633318063704,-0.20009635711177232
1334,2026-02-06 05:51:00,0.006103633318063704,-0.1939927237937086,0.006103633318063704,-0.1939927237937086
1335,2026-02-06 05:55:00,0.006103633318063704,-0.1878890904756449,0.006103633318063704,-0.1878890904756449
1336,2026-02-06 06:01:00,0.006103633318063704,-0.19399272379370874,-0.006103633318063847,-0.19399272379370874
1337,2026-02-06 06:07:00,0.006103633318063704,-0.20009635711177248,-0.006103633318063735,-0.20009635711177248
1338,2026-02-06 06:17:00,0.006103633318063704,-0.20619999042983622,-0.006103633318063735,-0.20619999042983622
1339,2026-02-06 06:27:00,0.006103633318063704,-0.21230362374789996,-0.006103633318063735,-0.21230362374789996
1340,2026-02-06 06:45:00,0.006103633318063704,-0.2184072570659637,-0.006103633318063735,-0.2184072570659637
1341,2026-02-06 06:50:00,0.006103633318063704,-0.22451089038402733,-0.006103633318063623,-0.22451089038402733
1342,2026-02-06 07:02:00,0.006103633318063704,-0.23061452370209107,-0.006103633318063735,-0.23061452370209107
1343,2026-02-06 07:09:00,0.006103633318063704,-0.22451089038402736,0.006103633318063704,-0.22451089038402736
1344,2026-02-06 07:15:00,0.006103633318063704,-0.21840725706596364,0.006103633318063704,-0.21840725706596364
1345,2026-02-06 07:31:00,0.006103633318063704,-0.21230362374789993,0.006103633318063704,-0.21230362374789993
1346,2026-02-06 07:42:00,0.006103633318063704,-0.21840725706596356,-0.006103633318063623,-0.21840725706596356
1347,2026-02-06 07:50:00,0.006103633318063704,-0.21230362374789985,0.006103633318063704,-0.21230362374789985
1348,2026-02-06 08:09:00,0.006103633318063704,-0.2184072570659636,-0.006103633318063735,-0.2184072570659636
1349,2026-02-06 08:15:00,0.006103633318063704,-0.22451089038402733,-0.006103633318063735,-0.22451089038402733
1350,2026-02-06 08:18:00,0.006103633318063704,-0.21840725706596362,0.006103633318063704,-0.21840725706596362
1351,2026-02-06 08:22:00,0.006103633318063704,-0.22451089038402736,-0.006103633318063735,-0.22451089038402736
1352,2026-02-06 08:30:00,0.006103633318063704,-0.21840725706596364,0.006103633318063704,-0.21840725706596364
1353,2026-02-06 08:54:00,0.006103633318063704,-0.21230362374789993,0.006103633318063704,-0.21230362374789993
1354,2026-02-06 09:20:00,0.006103633318063704,-0.20619999042983622,0.006103633318063704,-0.20619999042983622
1355,2026-02-06 09:32:00,0.006103633318063704,-0.2000963571117725,0.006103633318063704,-0.2000963571117725
1356,2026-02-06 09:49:00,0.006103633318063704,-0.20619999042983625,-0.006103633318063735,-0.20619999042983625
1357,2026-02-06 10:13:00,0.006103633318063704,-0.20009635711177254,0.006103633318063704,-0.20009635711177254
1358,2026-02-06 10:17:00,0.006103633318063704,-0.19399272379370883,0.006103633318063704,-0.19399272379370883
1359,2026-02-06 10:21:00,0.006103633318063704,-0.20009635711177257,-0.006103633318063735,-0.20009635711177257
1360,2026-02-06 10:51:00,0.006103633318063704,-0.19399272379370885,0.006103633318063704,-0.19399272379370885
1361,2026-02-06 11:33:00,0.006103633318063704,-0.2000963571117726,-0.006103633318063735,-0.2000963571117726
1362,2026-02-06 12:16:00,0.006103633318063704,-0.19399272379370888,0.006103633318063704,-0.19399272379370888
1363,2026-02-06 12:24:00,0.006103633318063704,-0.20009635711177273,-0.006103633318063847,-0.20009635711177273
1364,2026-02-06 12:32:00,0.006103633318063704,-0.19399272379370902,0.006103633318063704,-0.19399272379370902
1365,2026-02-06 13:00:00,0.006103633318063704,-0.1878890904756453,0.006103633318063704,-0.1878890904756453
1366,2026-02-06 13:05:00,0.006103633318063704,-0.1817854571575816,0.006103633318063704,-0.1817854571575816
1367,2026-02-06 13:13:00,0.006103633318063704,-0.1756818238395179,0.006103633318063704,-0.1756818238395179
1368,2026-02-06 13:21:00,0.006103633318063704,-0.18178545715758163,-0.006103633318063735,-0.18178545715758163
1369,2026-02-06 13:26:00,0.006103633318063704,-0.17568182383951791,0.006103633318063704,-0.17568182383951791
1370,2026-02-06 13:42:00,0.006103633318063704,-0.18178545715758176,-0.006103633318063847,-0.18178545715758176
1371,2026-02-06 13:53:00,0.006103633318063704,-0.1878890904756455,-0.006103633318063735,-0.1878890904756455
1372,2026-02-06 14:01:00,0.006103633318063704,-0.19399272379370924,-0.006103633318063735,-0.19399272379370924
1373,2026-02-06 14:06:00,0.006103633318063704,-0.20009635711177298,-0.006103633318063735,-0.20009635711177298
1374,2026-02-06 14:22:00,0.006103633318063704,-0.19399272379370927,0.006103633318063704,-0.19399272379370927
1375,2026-02-06 14:29:00,0.006103633318063704,-0.18788909047564556,0.006103633318063704,-0.18788909047564556
1376,2026-02-06 14:31:00,0.006103633318063704,-0.1939927237937093,-0.006103633318063735,-0.1939927237937093
1377,2026-02-06 14:33:00,0.006103633318063704,-0.1878890904756456,0.006103633318063704,-0.1878890904756456
1378,2026-02-06 14:35:00,0.006103633318063704,-0.18178545715758188,0.006103633318063704,-0.18178545715758188
1379,2026-02-06 14:37:00,0.006103633318063704,-0.17568182383951816,0.006103633318063704,-0.17568182383951816
1380,2026-02-06 14:46:00,0.006103633318063704,-0.1817854571575818,-0.006103633318063623,-0.1817854571575818
1381,2026-02-06 14:50:00,0.006103633318063704,-0.18788909047564542,-0.006103633318063623,-0.18788909047564542
1382,2026-02-06 14:56:00,0.006103633318063704,-0.1817854571575817,0.006103633318063704,-0.1817854571575817
1383,2026-02-06 15:00:00,0.006103633318063704,-0.175681823839518,0.006103633318063704,-0.175681823839518
1384,2026-02-06 15:06:00,0.006103633318063704,-0.1695781905214543,0.006103633318063704,-0.1695781905214543
1385,2026-02-06 15:08:00,0.006103633318063704,-0.16347455720339057,0.006103633318063704,-0.16347455720339057
1386,2026-02-06 15:12:00,0.006103633318063704,-0.16957819052145431,-0.006103633318063735,-0.16957819052145431
1387,2026-02-06 15:15:00,0.006103633318063704,-0.1634745572033906,0.006103633318063704,-0.1634745572033906
1388,2026-02-06 15:18:00,0.006103633318063704,-0.1573709238853269,0.006103633318063704,-0.1573709238853269
1389,2026-02-06 15:22:00,0.006103633318063704,-0.16347455720339063,-0.006103633318063735,-0.16347455720339063
1390,2026-02-06 15:28:00,0.006103633318063704,-0.15737092388532692,0.006103633318063704,-0.15737092388532692
1391,2026-02-06 15:36:00,0.006103633318063704,-0.1512672905672632,0.006103633318063704,-0.1512672905672632
1392,2026-02-06 15:48:00,0.006103633318063704,-0.15737092388532695,-0.006103633318063735,-0.15737092388532695
1393,2026-02-06 15:54:00,0.006103633318063704,-0.16347455720339069,-0.006103633318063735,-0.16347455720339069
1394,2026-02-06 16:01:00,0.006103633318063704,-0.15737092388532697,0.006103633318063704,-0.15737092388532697
1395,2026-02-06 16:09:00,0.006103633318063704,-0.15126729056726326,0.006103633318063704,-0.15126729056726326
1396,2026-02-06 16:14:00,0.006103633318063704,-0.14516365724919955,0.006103633318063704,-0.14516365724919955
1397,2026-02-06 16:21:00,0.006103633318063704,-0.13906002393113584,0.006103633318063704,-0.13906002393113584
1398,2026-02-06 16:29:00,0.006103633318063704,-0.13295639061307213,0.006103633318063704,-0.13295639061307213
1399,2026-02-06 16:37:00,0.006103633318063704,-0.13906002393113587,-0.006103633318063735,-0.13906002393113587
1400,2026-02-06 16:58:00,0.006103633318063704,-0.13295639061307216,0.006103633318063704,-0.13295639061307216
1401,2026-02-06 17:10:00,0.006103633318063704,-0.13906002393113578,-0.006103633318063623,-0.13906002393113578
1402,2026-02-06 17:14:00,0.006103633318063704,-0.13295639061307207,0.006103633318063704,-0.13295639061307207
1403,2026-02-06 17:18:00,0.006103633318063704,-0.12685275729500836,0.006103633318063704,-0.12685275729500836
1404,2026-02-06 17:28:00,0.006103633318063704,-0.12074912397694466,0.006103633318063704,-0.12074912397694466
1405,2026-02-06 17:33:00,0.006103633318063704,-0.1268527572950084,-0.006103633318063735,-0.1268527572950084
1406,2026-02-06 17:36:00,0.006103633318063704,-0.12074912397694469,0.006103633318063704,-0.12074912397694469
1407,2026-02-06 17:40:00,0.006103633318063704,-0.12685275729500842,-0.006103633318063735,-0.12685275729500842
1408,2026-02-06 17:50:00,0.006103633318063704,-0.13295639061307216,-0.006103633318063735,-0.13295639061307216
1409,2026-02-06 18:05:00,0.006103633318063704,-0.1390600239311359,-0.006103633318063735,-0.1390600239311359
1410,2026-02-06 18:08:00,0.006103633318063704,-0.13295639061307218,0.006103633318063704,-0.13295639061307218
1411,2026-02-06 18:13:00,0.006103633318063704,-0.12685275729500847,0.006103633318063704,-0.12685275729500847
1412,2026-02-06 18:38:00,0.006103633318063704,-0.1329563906130722,-0.006103633318063735,-0.1329563906130722
1413,2026-02-06 18:53:00,0.006103633318063704,-0.13906002393113595,-0.006103633318063735,-0.13906002393113595
1414,2026-02-06 19:11:00,0.006103633318063704,-0.1451636572491997,-0.006103633318063735,-0.1451636572491997
1415,2026-02-06 19:18:00,0.006103633318063704,-0.13906002393113598,0.006103633318063704,-0.13906002393113598
1416,2026-02-06 19:25:00,0.006103633318063704,-0.13295639061307227,0.006103633318063704,-0.13295639061307227
1417,2026-02-06 19:43:00,0.006103633318063704,-0.12685275729500856,0.006103633318063704,-0.12685275729500856
1418,2026-02-06 19:50:00,0.006103633318063704,-0.12074912397694486,0.006103633318063704,-0.12074912397694486
1419,2026-02-06 20:34:00,0.006103633318063704,-0.12685275729500858,-0.006103633318063735,-0.12685275729500858
1420,2026-02-06 20:41:00,0.006103633318063704,-0.13295639061307232,-0.006103633318063735,-0.13295639061307232
1421,2026-02-06 21:08:00,0.006103633318063704,-0.1268527572950086,0.006103633318063704,-0.1268527572950086
1422,2026-02-06 21:19:00,0.006103633318063704,-0.12074912397694491,0.006103633318063704,-0.12074912397694491
1423,2026-02-06 21:51:00,0.006103633318063704,-0.11464549065888122,0.006103633318063704,-0.11464549065888122
1424,2026-02-06 22:07:00,0.006103633318063704,-0.10854185734081752,0.006103633318063704,-0.10854185734081752
1425,2026-02-06 22:27:00,0.006103633318063704,-0.10243822402275382,0.006103633318063704,-0.10243822402275382
1426,2026-02-06 22:36:00,0.006103633318063704,-0.10854185734081756,-0.006103633318063735,-0.10854185734081756
1427,2026-02-06 23:11:00,0.006103633318063704,-0.1146454906588813,-0.006103633318063735,-0.1146454906588813
1428,2026-02-06 23:19:00,0.006103633318063704,-0.1085418573408176,0.006103633318063704,-0.1085418573408176
1429,2026-02-06 23:36:00,0.006103633318063704,-0.11464549065888145,-0.006103633318063847,-0.11464549065888145
1430,2026-02-06 23:46:00,0.006103633318063704,-0.12074912397694519,-0.006103633318063735,-0.12074912397694519
1431,2026-02-07 00:01:00,0.006103633318063704,-0.12685275729500892,-0.006103633318063735,-0.12685275729500892
1432,2026-02-07 00:29:00,0.006103633318063704,-0.12074912397694522,0.006103633318063704,-0.12074912397694522
1433,2026-02-07 00:52:00,0.006103633318063704,-0.12685275729500894,-0.006103633318063735,-0.12685275729500894
1434,2026-02-07 00:57:00,0.006103633318063704,-0.13295639061307268,-0.006103633318063735,-0.13295639061307268
1435,2026-02-07 01:13:00,0.006103633318063704,-0.12685275729500897,0.006103633318063704,-0.12685275729500897
1436,2026-02-07 01:37:00,0.006103633318063704,-0.12074912397694527,0.006103633318063704,-0.12074912397694527
1437,2026-02-07 01:48:00,0.006103633318063704,-0.126852757295009,-0.006103633318063735,-0.126852757295009
1438,2026-02-07 02:03:00,0.006103633318063704,-0.1207491239769453,0.006103633318063704,-0.1207491239769453
1439,2026-02-07 02:26:00,0.006103633318063704,-0.12685275729500903,-0.006103633318063735,-0.12685275729500903
1440,2026-02-07 03:11:00,0.006103633318063704,-0.12074912397694533,0.006103633318063704,-0.12074912397694533
1441,2026-02-07 04:13:00,0.006103633318063704,-0.12685275729500917,-0.006103633318063847,-0.12685275729500917
1442,2026-02-07 04:29:00,0.006103633318063704,-0.13295639061307302,-0.006103633318063847,-0.13295639061307302
1443,2026-02-07 04:42:00,0.006103633318063704,-0.1268527572950093,0.006103633318063704,-0.1268527572950093
1444,2026-02-07 05:08:00,0.006103633318063704,-0.13295639061307293,-0.006103633318063623,-0.13295639061307293
1445,2026-02-07 05:44:00,0.006103633318063704,-0.13740261580248908,-0.004446225189416159,-0.13740261580248908
1446,2026-02-07 06:58:00,0.006103633318063704,-0.14350624912055293,-0.006103633318063847,-0.14350624912055293
1447,2026-02-07 07:06:00,0.006103633318063704,-0.14960988243861656,-0.006103633318063623,-0.14960988243861656
1448,2026-02-07 07:10:00,0.006103633318063704,-0.1557135157566803,-0.006103633318063735,-0.1557135157566803
1449,2026-02-07 07:15:00,0.006103633318063704,-0.1496098824386166,0.006103633318063704,-0.1496098824386166
1450,2026-02-07 07:20:00,0.006103633318063704,-0.14350624912055288,0.006103633318063704,-0.14350624912055288
1451,2026-02-07 07:26:00,0.006103633318063704,-0.14960988243861661,-0.006103633318063735,-0.14960988243861661
1452,2026-02-07 07:35:00,0.006103633318063704,-0.1435062491205529,0.006103633318063704,-0.1435062491205529
1453,2026-02-07 07:41:00,0.006103633318063704,-0.14960988243861664,-0.006103633318063735,-0.14960988243861664
1454,2026-02-07 07:47:00,0.006103633318063704,-0.15571351575668038,-0.006103633318063735,-0.15571351575668038
1455,2026-02-07 08:03:00,0.006103633318063704,-0.161817149074744,-0.006103633318063623,-0.161817149074744
1456,2026-02-07 08:19:00,0.006103633318063704,-0.1557135157566803,0.006103633318063704,-0.1557135157566803
1457,2026-02-07 08:54:00,0.006103633318063704,-0.16181714907474404,-0.006103633318063735,-0.16181714907474404
1458,2026-02-07 12:10:00,0.006103633318063704,-0.15571351575668033,0.006103633318063704,-0.15571351575668033
1459,2026-02-07 12:16:00,0.006103633318063704,-0.14960988243861661,0.006103633318063704,-0.14960988243861661
1460,2026-02-07 12:19:00,0.006103633318063704,-0.15571351575668024,-0.006103633318063623,-0.15571351575668024
1461,2026-02-07 12:21:00,0.006103633318063704,-0.14960988243861653,0.006103633318063704,-0.14960988243861653
1462,2026-02-07 12:31:00,0.006103633318063704,-0.15571351575668016,-0.006103633318063623,-0.15571351575668016
1463,2026-02-07 12:44:00,0.006103633318063704,-0.1618171490747439,-0.006103633318063735,-0.1618171490747439
1464,2026-02-07 13:39:00,0.006103633318063704,-0.1557135157566802,0.006103633318063704,-0.1557135157566802
1465,2026-02-07 14:17:00,0.006103633318063704,-0.16181714907474382,-0.006103633318063623,-0.16181714907474382
1466,2026-02-07 14:48:00,0.006103633318063704,-0.1557135157566801,0.006103633318063704,-0.1557135157566801
1467,2026-02-07 15:21:00,0.006103633318063704,-0.16181714907474384,-0.006103633318063735,-0.16181714907474384
1468,2026-02-07 16:02:00,0.006103633318063704,-0.15571351575668013,0.006103633318063704,-0.15571351575668013
1469,2026-02-07 16:06:00,0.006103633318063704,-0.16181714907474387,-0.006103633318063735,-0.16181714907474387
1470,2026-02-07 16:09:00,0.006103633318063704,-0.1679207823928076,-0.006103633318063735,-0.1679207823928076
1471,2026-02-07 16:12:00,0.006103633318063704,-0.1618171490747439,0.006103633318063704,-0.1618171490747439
1472,2026-02-07 16:14:00,0.006103633318063704,-0.1557135157566802,0.006103633318063704,-0.1557135157566802
1473,2026-02-07 16:16:00,0.006103633318063704,-0.16181714907474404,-0.006103633318063847,-0.16181714907474404
1474,2026-02-07 16:18:00,0.006103633318063704,-0.16216271148099332,-0.0003455624062492884,-0.16216271148099332
1475,2026-02-07 17:20:00,0.006103633318063704,-0.1560590781629296,0.006103633318063704,-0.1560590781629296
1476,2026-02-07 17:38:00,0.006103633318063704,-0.1499554448448659,0.006103633318063704,-0.1499554448448659
1477,2026-02-07 18:23:00,0.006103633318063704,-0.14385181152680218,0.006103633318063704,-0.14385181152680218
1478,2026-02-07 18:37:00,0.006103633318063704,-0.13774817820873847,0.006103633318063704,-0.13774817820873847
1479,2026-02-07 18:56:00,0.006103633318063704,-0.1438518115268022,-0.006103633318063735,-0.1438518115268022
1480,2026-02-07 19:32:00,0.006103633318063704,-0.14079075817578984,0.003061053351012367,-0.14079075817578984
1481,2026-02-07 23:07:00,0.006103633318063704,-0.14689439149385358,-0.006103633318063735,-0.14689439149385358
1482,2026-02-07 23:23:00,0.006103633318063704,-0.14838564499648124,-0.0014912535026276584,-0.14838564499648124
1483,2026-02-08 08:25:00,0.006103633318063704,-0.14228201167841753,0.006103633318063704,-0.14228201167841753
1484,2026-02-08 08:33:00,0.006103633318063704,-0.14182977877076688,0.00045223290765063873,-0.14182977877076688
1485,2026-02-08 09:36:00,0.006103633318063704,-0.14793341208883062,-0.006103633318063735,-0.14793341208883062
1486,2026-02-08 10:23:00,0.006103633318063704,-0.1418297787707669,0.006103633318063704,-0.1418297787707669
1487,2026-02-08 11:19:00,0.006103633318063704,-0.1357261454527032,0.006103633318063704,-0.1357261454527032
1488,2026-02-08 11:34:00,0.006103633318063704,-0.13618125980803852,-0.00045511435533532926,-0.13618125980803852
1489,2026-02-08 13:24:00,0.006103633318063704,-0.14228489312610215,-0.006103633318063623,-0.14228489312610215
1490,2026-02-08 13:27:00,0.006103633318063704,-0.148388526444166,-0.006103633318063847,-0.148388526444166
1491,2026-02-08 15:27:00,0.006103633318063704,-0.147133033498334,0.0012554929458320028,-0.147133033498334
1492,2026-02-08 16:43:00,0.006103633318063704,-0.15323666681639775,-0.006103633318063735,-0.15323666681639775
1493,2026-02-08 16:50:00,0.006103633318063704,-0.14713303349833404,0.006103633318063704,-0.14713303349833404
1494,2026-02-08 17:05:00,0.006103633318063704,-0.14102940018027033,0.006103633318063704,-0.14102940018027033
1495,2026-02-08 18:36:00,0.006103633318063704,-0.14713303349833418,-0.006103633318063847,-0.14713303349833418
1496,2026-02-08 20:04:00,0.006103633318063704,-0.15323666681639792,-0.006103633318063735,-0.15323666681639792
1497,2026-02-08 23:04:00,0.006103633318063704,-0.1471330334983342,0.006103633318063704,-0.1471330334983342
1498,2026-02-08 23:06:00,0.006103633318063704,-0.15323666681639794,-0.006103633318063735,-0.15323666681639794
1499,2026-02-08 23:11:00,0.006103633318063704,-0.15934030013446157,-0.006103633318063623,-0.15934030013446157
1500,2026-02-08 23:24:00,0.006103633318063704,-0.15323666681639786,0.006103633318063704,-0.15323666681639786
1501,2026-02-08 23:26:00,0.006103633318063704,-0.1593403001344616,-0.006103633318063735,-0.1593403001344616
1502,2026-02-08 23:35:00,0.006103633318063704,-0.1532366668163979,0.006103633318063704,-0.1532366668163979
1503,2026-02-08 23:46:00,0.006103633318063704,-0.14713303349833418,0.006103633318063704,-0.14713303349833418
1504,2026-02-08 23:51:00,0.006103633318063704,-0.15323666681639792,-0.006103633318063735,-0.15323666681639792
1505,2026-02-09 00:04:00,0.006103633318063704,-0.1471330334983342,0.006103633318063704,-0.1471330334983342
1506,2026-02-09 00:26:00,0.006103633318063704,-0.15323666681639794,-0.006103633318063735,-0.15323666681639794
1507,2026-02-09 00:41:00,0.006103633318063704,-0.14713303349833423,0.006103633318063704,-0.14713303349833423
1508,2026-02-09 01:03:00,0.006103633318063704,-0.14102940018027052,0.006103633318063704,-0.14102940018027052
1509,2026-02-09 01:23:00,0.006103633318063704,-0.14713303349833426,-0.006103633318063735,-0.14713303349833426
1510,2026-02-09 01:36:00,0.006103633318063704,-0.1532366668163979,-0.006103633318063623,-0.1532366668163979
1511,2026-02-09 01:43:00,0.006103633318063704,-0.14713303349833418,0.006103633318063704,-0.14713303349833418
1512,2026-02-09 02:09:00,0.006103633318063704,-0.14102940018027046,0.006103633318063704,-0.14102940018027046
1513,2026-02-09 02:41:00,0.006103633318063704,-0.1471330334983342,-0.006103633318063735,-0.1471330334983342
1514,2026-02-09 03:01:00,0.006103633318063704,-0.1410294001802705,0.006103633318063704,-0.1410294001802705
1515,2026-02-09 08:32:00,0.006103633318063704,-0.13492576686220678,0.006103633318063704,-0.13492576686220678
1516,2026-02-09 08:44:00,0.006103633318063704,-0.14102940018027052,-0.006103633318063735,-0.14102940018027052
1517,2026-02-09 10:37:00,0.006103633318063704,-0.14018951771443772,0.0008398824658328066,-0.14018951771443772
1518,2026-02-09 14:38:00,0.006103633318063704,-0.134085884396374,0.006103633318063704,-0.134085884396374
1519,2026-02-09 14:41:00,0.006103633318063704,-0.1279822510783103,0.006103633318063704,-0.1279822510783103
1520,2026-02-09 15:02:00,0.006103633318063704,-0.1218786177602466,0.006103633318063704,-0.1218786177602466
1521,2026-02-09 15:06:00,0.006103633318063704,-0.12798225107831043,-0.006103633318063847,-0.12798225107831043
1522,2026-02-09 15:13:00,0.006103633318063704,-0.13408588439637417,-0.006103633318063735,-0.13408588439637417
1523,2026-02-09 15:22:00,0.006103633318063704,-0.12798225107831046,0.006103633318063704,-0.12798225107831046
1524,2026-02-09 15:37:00,0.006103633318063704,-0.1340858843963742,-0.006103633318063735,-0.1340858843963742
1525,2026-02-09 16:10:00,0.006103633318063704,-0.1279822510783105,0.006103633318063704,-0.1279822510783105
1526,2026-02-09 16:43:00,0.006103633318063704,-0.12187861776024679,0.006103633318063704,-0.12187861776024679
1527,2026-02-09 16:46:00,0.006103633318063704,-0.12798225107831052,-0.006103633318063735,-0.12798225107831052
1528,2026-02-09 16:51:00,0.006103633318063704,-0.13408588439637426,-0.006103633318063735,-0.13408588439637426
1529,2026-02-09 17:14:00,0.006103633318063704,-0.12798225107831054,0.006103633318063704,-0.12798225107831054
1530,2026-02-09 17:20:00,0.006103633318063704,-0.12187861776024685,0.006103633318063704,-0.12187861776024685
1531,2026-02-09 17:31:00,0.006103633318063704,-0.11577498444218315,0.006103633318063704,-0.11577498444218315
1532,2026-02-09 17:36:00,0.006103633318063704,-0.10967135112411945,0.006103633318063704,-0.10967135112411945
1533,2026-02-09 18:04:00,0.006103633318063704,-0.11577498444218319,-0.006103633318063735,-0.11577498444218319
1534,2026-02-09 18:18:00,0.006103633318063704,-0.12187861776024693,-0.006103633318063735,-0.12187861776024693
1535,2026-02-09 18:22:00,0.006103633318063704,-0.11577498444218323,0.006103633318063704,-0.11577498444218323
1536,2026-02-09 18:34:00,0.006103633318063704,-0.12187861776024697,-0.006103633318063735,-0.12187861776024697
1537,2026-02-09 19:03:00,0.006103633318063704,-0.11577498444218327,0.006103633318063704,-0.11577498444218327
1538,2026-02-09 19:36:00,0.006103633318063704,-0.1218786177602469,-0.006103633318063623,-0.1218786177602469
1539,2026-02-09 20:17:00,0.006103633318063704,-0.1157749844421832,0.006103633318063704,-0.1157749844421832
1540,2026-02-09 21:55:00,0.006103633318063704,-0.1184145682321857,-0.0026395837900024983,-0.1184145682321857
1541,2026-02-10 03:31:00,0.006103633318063704,-0.112310934914122,0.006103633318063704,-0.112310934914122
1542,2026-02-10 06:54:00,0.006103633318063704,-0.1062073015960583,0.006103633318063704,-0.1062073015960583
1543,2026-02-10 14:18:00,0.006103633318063704,-0.11231093491412193,-0.006103633318063623,-0.11231093491412193
1544,2026-02-10 14:24:00,0.006103633318063704,-0.11841456823218578,-0.006103633318063847,-0.11841456823218578
1545,2026-02-10 14:38:00,0.006103633318063704,-0.12451820155024952,-0.006103633318063735,-0.12451820155024952
1546,2026-02-10 14:43:00,0.006103633318063704,-0.11841456823218582,0.006103633318063704,-0.11841456823218582
1547,2026-02-10 14:53:00,0.006103633318063704,-0.11231093491412213,0.006103633318063704,-0.11231093491412213
1548,2026-02-10 15:08:00,0.006103633318063704,-0.11841456823218587,-0.006103633318063735,-0.11841456823218587
1549,2026-02-10 15:14:00,0.006103633318063704,-0.11231093491412217,0.006103633318063704,-0.11231093491412217
1550,2026-02-10 15:23:00,0.006103633318063704,-0.10620730159605847,0.006103633318063704,-0.10620730159605847
1551,2026-02-10 16:15:00,0.006103633318063704,-0.11231093491412221,-0.006103633318063735,-0.11231093491412221
1552,2026-02-10 16:23:00,0.006103633318063704,-0.10923255218474916,0.003078382729373054,-0.10923255218474916
1553,2026-02-10 18:26:00,0.006103633318063704,-0.1153361855028129,-0.006103633318063735,-0.1153361855028129
1554,2026-02-10 18:47:00,0.006103633318063704,-0.1092325521847492,0.006103633318063704,-0.1092325521847492
1555,2026-02-10 19:36:00,0.006103633318063704,-0.11533618550281294,-0.006103633318063735,-0.11533618550281294
1556,2026-02-10 20:35:00,0.006103633318063704,-0.10923255218474924,0.006103633318063704,-0.10923255218474924
1557,2026-02-10 21:32:00,0.006103633318063704,-0.10312891886668554,0.006103633318063704,-0.10312891886668554
1558,2026-02-11 03:42:00,0.006103633318063704,-0.10923255218474928,-0.006103633318063735,-0.10923255218474928
1559,2026-02-11 04:54:00,0.006103633318063704,-0.10312891886668558,0.006103633318063704,-0.10312891886668558
1560,2026-02-11 05:04:00,0.006103633318063704,-0.10752077660307997,-0.004391857736394393,-0.10752077660307997
1561,2026-02-11 06:16:00,0.006103633318063704,-0.10141714328501628,0.006103633318063704,-0.10141714328501628
1562,2026-02-11 06:26:00,0.006103633318063704,-0.10752077660308001,-0.006103633318063735,-0.10752077660308001
1563,2026-02-11 06:49:00,0.006103633318063704,-0.11362440992114364,-0.006103633318063623,-0.11362440992114364
1564,2026-02-11 07:36:00,0.006103633318063704,-0.1197280432392075,-0.006103633318063847,-0.1197280432392075
1565,2026-02-11 13:33:00,0.006103633318063704,-0.12583167655727123,-0.006103633318063735,-0.12583167655727123
1566,2026-02-11 13:52:00,0.006103633318063704,-0.11972804323920753,0.006103633318063704,-0.11972804323920753
1567,2026-02-11 13:56:00,0.006103633318063704,-0.11362440992114384,0.006103633318063704,-0.11362440992114384
1568,2026-02-11 14:04:00,0.006103633318063704,-0.10752077660308014,0.006103633318063704,-0.10752077660308014
1569,2026-02-11 14:11:00,0.006103633318063704,-0.11362440992114388,-0.006103633318063735,-0.11362440992114388
1570,2026-02-11 14:23:00,0.006103633318063704,-0.11972804323920762,-0.006103633318063735,-0.11972804323920762
1571,2026-02-11 14:35:00,0.006103633318063704,-0.12583167655727123,-0.006103633318063623,-0.12583167655727123
1572,2026-02-11 14:42:00,0.006103633318063704,-0.11972804323920753,0.006103633318063704,-0.11972804323920753
1573,2026-02-11 14:46:00,0.006103633318063704,-0.12583167655727115,-0.006103633318063623,-0.12583167655727115
1574,2026-02-11 14:58:00,0.006103633318063704,-0.13193530987533478,-0.006103633318063623,-0.13193530987533478
1575,2026-02-11 15:07:00,0.006103633318063704,-0.13803894319339852,-0.006103633318063735,-0.13803894319339852
1576,2026-02-11 15:14:00,0.006103633318063704,-0.1319353098753348,0.006103633318063704,-0.1319353098753348
1577,2026-02-11 15:22:00,0.006103633318063704,-0.13803894319339854,-0.006103633318063735,-0.13803894319339854
1578,2026-02-11 15:28:00,0.006103633318063704,-0.13193530987533483,0.006103633318063704,-0.13193530987533483
1579,2026-02-11 15:42:00,0.006103633318063704,-0.13803894319339857,-0.006103633318063735,-0.13803894319339857
1580,2026-02-11 15:51:00,0.006103633318063704,-0.13193530987533486,0.006103633318063704,-0.13193530987533486
1581,2026-02-11 16:11:00,0.006103633318063704,-0.1380389431933986,-0.006103633318063735,-0.1380389431933986
1582,2026-02-11 16:29:00,0.006103633318063704,-0.14414257651146245,-0.006103633318063847,-0.14414257651146245
1583,2026-02-11 16:37:00,0.006103633318063704,-0.1502462098295262,-0.006103633318063735,-0.1502462098295262
1584,2026-02-11 16:51:00,0.006103633318063704,-0.15634984314759004,-0.006103633318063847,-0.15634984314759004
1585,2026-02-11 17:03:00,0.006103633318063704,-0.15024620982952633,0.006103633318063704,-0.15024620982952633
1586,2026-02-11 17:12:00,0.006103633318063704,-0.14414257651146262,0.006103633318063704,-0.14414257651146262
1587,2026-02-11 17:22:00,0.006103633318063704,-0.1380389431933989,0.006103633318063704,-0.1380389431933989
1588,2026-02-11 17:32:00,0.006103633318063704,-0.14414257651146264,-0.006103633318063735,-0.14414257651146264
1589,2026-02-11 18:00:00,0.006103633318063704,-0.15024620982952638,-0.006103633318063735,-0.15024620982952638
1590,2026-02-11 18:08:00,0.006103633318063704,-0.14414257651146267,0.006103633318063704,-0.14414257651146267
1591,2026-02-11 18:17:00,0.006103633318063704,-0.13803894319339896,0.006103633318063704,-0.13803894319339896
1592,2026-02-11 18:29:00,0.006103633318063704,-0.13193530987533525,0.006103633318063704,-0.13193530987533525
1593,2026-02-11 19:08:00,0.006103633318063704,-0.138038943193399,-0.006103633318063735,-0.138038943193399
1594,2026-02-11 19:31:00,0.006103633318063704,-0.13193530987533528,0.006103633318063704,-0.13193530987533528
1595,2026-02-11 19:40:00,0.006103633318063704,-0.13803894319339913,-0.006103633318063847,-0.13803894319339913
1596,2026-02-11 20:25:00,0.006103633318063704,-0.13193530987533542,0.006103633318063704,-0.13193530987533542
1597,2026-02-11 20:49:00,0.006103633318063704,-0.1258316765572717,0.006103633318063704,-0.1258316765572717
1598,2026-02-11 21:27:00,0.006103633318063704,-0.119728043239208,0.006103633318063704,-0.119728043239208
1599,2026-02-11 21:30:00,0.006103633318063704,-0.11362440992114431,0.006103633318063704,-0.11362440992114431
1600,2026-02-11 21:38:00,0.006103633318063704,-0.11972804323920805,-0.006103633318063735,-0.11972804323920805
1601,2026-02-11 21:43:00,0.006103633318063704,-0.1258316765572718,-0.006103633318063735,-0.1258316765572718
1602,2026-02-11 22:14:00,0.006103633318063704,-0.13193530987533553,-0.006103633318063735,-0.13193530987533553
1603,2026-02-12 05:33:00,0.006103633318063704,-0.1289576401814112,0.0029776696939243126,-0.1289576401814112
1604,2026-02-12 09:34:00,0.006103633318063704,-0.12981448581801994,-0.0008568456366087214,-0.12981448581801994
1605,2026-02-12 13:32:00,0.006103633318063704,-0.12371085249995624,0.006103633318063704,-0.12371085249995624
1606,2026-02-12 13:58:00,0.006103633318063704,-0.12981448581801996,-0.006103633318063735,-0.12981448581801996
1607,2026-02-12 14:04:00,0.006103633318063704,-0.1359181191360837,-0.006103633318063735,-0.1359181191360837
1608,2026-02-12 14:46:00,0.006103633318063704,-0.14202175245414733,-0.006103633318063623,-0.14202175245414733
1609,2026-02-12 15:06:00,0.006103633318063704,-0.13591811913608362,0.006103633318063704,-0.13591811913608362
1610,2026-02-12 15:17:00,0.006103633318063704,-0.1298144858180199,0.006103633318063704,-0.1298144858180199
1611,2026-02-12 15:24:00,0.006103633318063704,-0.13591811913608365,-0.006103633318063735,-0.13591811913608365
1612,2026-02-12 15:37:00,0.006103633318063704,-0.1420217524541474,-0.006103633318063735,-0.1420217524541474
1613,2026-02-12 15:56:00,0.006103633318063704,-0.14812538577221113,-0.006103633318063735,-0.14812538577221113
1614,2026-02-12 16:06:00,0.006103633318063704,-0.15422901909027487,-0.006103633318063735,-0.15422901909027487
1615,2026-02-12 16:11:00,0.006103633318063704,-0.1603326524083386,-0.006103633318063735,-0.1603326524083386
1616,2026-02-12 16:23:00,0.006103633318063704,-0.16643628572640234,-0.006103633318063735,-0.16643628572640234
1617,2026-02-12 16:29:00,0.006103633318063704,-0.16033265240833863,0.006103633318063704,-0.16033265240833863
1618,2026-02-12 16:36:00,0.006103633318063704,-0.16643628572640237,-0.006103633318063735,-0.16643628572640237
1619,2026-02-12 16:47:00,0.006103633318063704,-0.172539919044466,-0.006103633318063623,-0.172539919044466
1620,2026-02-12 16:54:00,0.006103633318063704,-0.17864355236252985,-0.006103633318063847,-0.17864355236252985
1621,2026-02-12 17:06:00,0.006103633318063704,-0.17253991904446614,0.006103633318063704,-0.17253991904446614
1622,2026-02-12 17:22:00,0.006103633318063704,-0.17864355236252988,-0.006103633318063735,-0.17864355236252988
1623,2026-02-12 17:33:00,0.006103633318063704,-0.17253991904446617,0.006103633318063704,-0.17253991904446617
1624,2026-02-12 17:39:00,0.006103633318063704,-0.1786435523625299,-0.006103633318063735,-0.1786435523625299
1625,2026-02-12 17:57:00,0.006103633318063704,-0.1725399190444662,0.006103633318063704,-0.1725399190444662
1626,2026-02-12 18:09:00,0.006103633318063704,-0.17864355236252993,-0.006103633318063735,-0.17864355236252993
1627,2026-02-12 18:20:00,0.006103633318063704,-0.18474718568059356,-0.006103633318063623,-0.18474718568059356
1628,2026-02-12 19:12:00,0.006103633318063704,-0.17864355236252985,0.006103633318063704,-0.17864355236252985
1629,2026-02-12 19:19:00,0.006103633318063704,-0.17253991904446614,0.006103633318063704,-0.17253991904446614
1630,2026-02-12 19:24:00,0.006103633318063704,-0.17864355236252988,-0.006103633318063735,-0.17864355236252988
1631,2026-02-12 19:52:00,0.006103633318063704,-0.18474718568059362,-0.006103633318063735,-0.18474718568059362
1632,2026-02-12 20:25:00,0.006103633318063704,-0.19085081899865725,-0.006103633318063623,-0.19085081899865725
1633,2026-02-12 20:51:00,0.006103633318063704,-0.18474718568059353,0.006103633318063704,-0.18474718568059353
1634,2026-02-12 21:05:00,0.006103633318063704,-0.18228684128637127,0.0024603443942222613,-0.18228684128637127
1635,2026-02-12 22:46:00,0.006103633318063704,-0.17618320796830755,0.006103633318063704,-0.17618320796830755
1636,2026-02-12 23:07:00,0.006103633318063704,-0.1822868412863713,-0.006103633318063735,-0.1822868412863713
1637,2026-02-12 23:25:00,0.006103633318063704,-0.18839047460443492,-0.006103633318063623,-0.18839047460443492
1638,2026-02-13 01:08:00,0.006103633318063704,-0.19449410792249866,-0.006103633318063735,-0.19449410792249866
1639,2026-02-13 13:32:00,0.006103633318063704,-0.2005977412405623,-0.006103633318063623,-0.2005977412405623
1640,2026-02-13 14:28:00,0.006103633318063704,-0.19449410792249858,0.006103633318063704,-0.19449410792249858
1641,2026-02-13 14:34:00,0.006103633318063704,-0.20059774124056243,-0.006103633318063847,-0.20059774124056243
1642,2026-02-13 14:39:00,0.006103633318063704,-0.20670137455862628,-0.006103633318063847,-0.20670137455862628
1643,2026-02-13 14:42:00,0.006103633318063704,-0.20059774124056257,0.006103633318063704,-0.20059774124056257
1644,2026-02-13 14:45:00,0.006103633318063704,-0.2067013745586263,-0.006103633318063735,-0.2067013745586263
1645,2026-02-13 14:57:00,0.006103633318063704,-0.2005977412405626,0.006103633318063704,-0.2005977412405626
1646,2026-02-13 15:03:00,0.006103633318063704,-0.19449410792249888,0.006103633318063704,-0.19449410792249888
1647,2026-02-13 15:10:00,0.006103633318063704,-0.18839047460443517,0.006103633318063704,-0.18839047460443517
1648,2026-02-13 15:27:00,0.006103633318063704,-0.18228684128637146,0.006103633318063704,-0.18228684128637146
1649,2026-02-13 15:33:00,0.006103633318063704,-0.1883904746044351,-0.006103633318063623,-0.1883904746044351
1650,2026-02-13 15:36:00,0.006103633318063704,-0.19449410792249883,-0.006103633318063735,-0.19449410792249883
1651,2026-02-13 15:41:00,0.006103633318063704,-0.20059774124056268,-0.006103633318063847,-0.20059774124056268
1652,2026-02-13 15:50:00,0.006103633318063704,-0.19449410792249897,0.006103633318063704,-0.19449410792249897
1653,2026-02-13 16:06:00,0.006103633318063704,-0.18839047460443525,0.006103633318063704,-0.18839047460443525
1654,2026-02-13 16:32:00,0.006103633318063704,-0.194494107922499,-0.006103633318063735,-0.194494107922499
1655,2026-02-13 16:38:00,0.006103633318063704,-0.20059774124056273,-0.006103633318063735,-0.20059774124056273
1656,2026-02-13 17:02:00,0.006103633318063704,-0.19449410792249902,0.006103633318063704,-0.19449410792249902
1657,2026-02-13 17:32:00,0.006103633318063704,-0.20059774124056276,-0.006103633318063735,-0.20059774124056276
1658,2026-02-13 18:07:00,0.006103633318063704,-0.19449410792249905,0.006103633318063704,-0.19449410792249905
1659,2026-02-13 18:37:00,0.006103633318063704,-0.20059774124056268,-0.006103633318063623,-0.20059774124056268
1660,2026-02-14 08:07:00,0.006103633318063704,-0.19449410792249897,0.006103633318063704,-0.19449410792249897
1661,2026-02-14 11:22:00,0.006103633318063704,-0.19219736828174483,0.002296739640754135,-0.19219736828174483
1662,2026-02-14 16:34:00,0.006103633318063704,-0.18609373496368112,0.006103633318063704,-0.18609373496368112
1663,2026-02-15 04:03:00,0.006103633318063704,-0.1799901016456174,0.006103633318063704,-0.1799901016456174
1664,2026-02-15 04:13:00,0.006103633318063704,-0.18609373496368126,-0.006103633318063847,-0.18609373496368126
1665,2026-02-15 04:21:00,0.006103633318063704,-0.192197368281745,-0.006103633318063735,-0.192197368281745
1666,2026-02-15 04:30:00,0.006103633318063704,-0.18609373496368128,0.006103633318063704,-0.18609373496368128
1667,2026-02-15 04:49:00,0.006103633318063704,-0.17999010164561757,0.006103633318063704,-0.17999010164561757
1668,2026-02-15 05:59:00,0.006103633318063704,-0.18077156972892616,-0.0007814680833085806,-0.18077156972892616
1669,2026-02-15 07:38:00,0.006103633318063704,-0.1868752030469899,-0.006103633318063735,-0.1868752030469899
1670,2026-02-15 08:29:00,0.006103633318063704,-0.19297883636505364,-0.006103633318063735,-0.19297883636505364
1671,2026-02-15 08:33:00,0.006103633318063704,-0.18687520304698993,0.006103633318063704,-0.18687520304698993
1672,2026-02-15 09:08:00,0.006103633318063704,-0.19297883636505367,-0.006103633318063735,-0.19297883636505367
1673,2026-02-15 12:52:00,0.006103633318063704,-0.1990824696831174,-0.006103633318063735,-0.1990824696831174
1674,2026-02-15 12:56:00,0.006103633318063704,-0.1929788363650537,0.006103633318063704,-0.1929788363650537
1675,2026-02-15 13:11:00,0.006103633318063704,-0.19908246968311744,-0.006103633318063735,-0.19908246968311744
1676,2026-02-15 13:30:00,0.006103633318063704,-0.20518610300118129,-0.006103633318063847,-0.20518610300118129
1677,2026-02-15 13:51:00,0.006103633318063704,-0.19908246968311757,0.006103633318063704,-0.19908246968311757
1678,2026-02-15 17:46:00,0.006103633318063704,-0.19977779941329957,-0.0006953297301819896,-0.19977779941329957
1679,2026-02-15 18:47:00,0.006103633318063704,-0.2058814327313633,-0.006103633318063735,-0.2058814327313633
1680,2026-02-15 19:06:00,0.006103633318063704,-0.1997777994132996,0.006103633318063704,-0.1997777994132996
1681,2026-02-15 19:28:00,0.006103633318063704,-0.20588143273136322,-0.006103633318063623,-0.20588143273136322
1682,2026-02-15 19:38:00,0.006103633318063704,-0.1997777994132995,0.006103633318063704,-0.1997777994132995
1683,2026-02-15 23:09:00,0.006103633318063704,-0.1936741660952358,0.006103633318063704,-0.1936741660952358
1684,2026-02-16 11:22:00,0.006103633318063704,-0.1875705327771721,0.006103633318063704,-0.1875705327771721
1685,2026-02-16 11:28:00,0.006103633318063704,-0.18146689945910838,0.006103633318063704,-0.18146689945910838
1686,2026-02-16 12:27:00,0.006103633318063704,-0.17536326614104467,0.006103633318063704,-0.17536326614104467
1687,2026-02-16 13:04:00,0.006103633318063704,-0.1814668994591084,-0.006103633318063735,-0.1814668994591084
1688,2026-02-16 13:21:00,0.006103633318063704,-0.18757053277717214,-0.006103633318063735,-0.18757053277717214
1689,2026-02-16 13:29:00,0.006103633318063704,-0.19367416609523588,-0.006103633318063735,-0.19367416609523588
1690,2026-02-16 13:36:00,0.006103633318063704,-0.19977779941329962,-0.006103633318063735,-0.19977779941329962
1691,2026-02-16 13:40:00,0.006103633318063704,-0.20588143273136336,-0.006103633318063735,-0.20588143273136336
1692,2026-02-16 13:51:00,0.006103633318063704,-0.19977779941329965,0.006103633318063704,-0.19977779941329965
1693,2026-02-16 14:06:00,0.006103633318063704,-0.2058814327313634,-0.006103633318063735,-0.2058814327313634
1694,2026-02-16 14:27:00,0.006103633318063704,-0.19977779941329968,0.006103633318063704,-0.19977779941329968
1695,2026-02-16 14:36:00,0.006103633318063704,-0.19367416609523597,0.006103633318063704,-0.19367416609523597
1696,2026-02-16 14:51:00,0.006103633318063704,-0.1997777994132997,-0.006103633318063735,-0.1997777994132997
1697,2026-02-16 15:17:00,0.006103633318063704,-0.20588143273136345,-0.006103633318063735,-0.20588143273136345
1698,2026-02-16 15:32:00,0.006103633318063704,-0.19977779941329973,0.006103633318063704,-0.19977779941329973
1699,2026-02-16 16:06:00,0.006103633318063704,-0.20588143273136347,-0.006103633318063735,-0.20588143273136347
1700,2026-02-16 16:44:00,0.006103633318063704,-0.19977779941329976,0.006103633318063704,-0.19977779941329976
1701,2026-02-16 17:23:00,0.006103633318063704,-0.19504854018500126,0.0047292592282985,-0.19504854018500126
1702,2026-02-17 02:12:00,0.006103633318063704,-0.19769146042492863,-0.002642920239927387,-0.19769146042492863
1703,2026-02-17 13:32:00,0.006103633318063704,-0.19158782710686492,0.006103633318063704,-0.19158782710686492
1704,2026-02-17 13:53:00,0.006103633318063704,-0.19769146042492866,-0.006103633318063735,-0.19769146042492866
1705,2026-02-17 14:39:00,0.006103633318063704,-0.2037950937429924,-0.006103633318063735,-0.2037950937429924
1706,2026-02-17 14:43:00,0.006103633318063704,-0.20989872706105614,-0.006103633318063735,-0.20989872706105614
1707,2026-02-17 14:48:00,0.006103633318063704,-0.21600236037911977,-0.006103633318063623,-0.21600236037911977
1708,2026-02-17 15:34:00,0.006103633318063704,-0.20989872706105606,0.006103633318063704,-0.20989872706105606
1709,2026-02-17 15:46:00,0.006103633318063704,-0.20379509374299234,0.006103633318063704,-0.20379509374299234
1710,2026-02-17 16:02:00,0.006103633318063704,-0.19769146042492863,0.006103633318063704,-0.19769146042492863
1711,2026-02-17 16:37:00,0.006103633318063704,-0.20379509374299248,-0.006103633318063847,-0.20379509374299248
1712,2026-02-17 16:46:00,0.006103633318063704,-0.20989872706105633,-0.006103633318063847,-0.20989872706105633
1713,2026-02-17 16:58:00,0.006103633318063704,-0.21600236037912018,-0.006103633318063847,-0.21600236037912018
1714,2026-02-17 17:11:00,0.006103633318063704,-0.20989872706105647,0.006103633318063704,-0.20989872706105647
1715,2026-02-17 17:26:00,0.006103633318063704,-0.2160023603791202,-0.006103633318063735,-0.2160023603791202
1716,2026-02-17 17:41:00,0.006103633318063704,-0.2098987270610565,0.006103633318063704,-0.2098987270610565
1717,2026-02-17 18:21:00,0.006103633318063704,-0.2037950937429928,0.006103633318063704,-0.2037950937429928
1718,2026-02-17 18:28:00,0.006103633318063704,-0.19769146042492908,0.006103633318063704,-0.19769146042492908
1719,2026-02-17 19:15:00,0.006103633318063704,-0.20379509374299282,-0.006103633318063735,-0.20379509374299282
1720,2026-02-17 19:24:00,0.006103633318063704,-0.20685752252037978,-0.0030624287773869693,-0.20685752252037978
1721,2026-02-18 11:10:00,0.006103633318063704,-0.21296115583844352,-0.006103633318063735,-0.21296115583844352
1722,2026-02-18 12:00:00,0.006103633318063704,-0.21906478915650715,-0.006103633318063623,-0.21906478915650715
1723,2026-02-18 14:37:00,0.006103633318063704,-0.22516842247457078,-0.006103633318063623,-0.22516842247457078
1724,2026-02-18 14:49:00,0.006103633318063704,-0.21906478915650707,0.006103633318063704,-0.21906478915650707
1725,2026-02-18 14:54:00,0.006103633318063704,-0.21296115583844336,0.006103633318063704,-0.21296115583844336
1726,2026-02-18 15:37:00,0.006103633318063704,-0.2190647891565071,-0.006103633318063735,-0.2190647891565071
1727,2026-02-18 15:53:00,0.006103633318063704,-0.22516842247457083,-0.006103633318063735,-0.22516842247457083
1728,2026-02-18 16:04:00,0.006103633318063704,-0.23127205579263457,-0.006103633318063735,-0.23127205579263457
1729,2026-02-18 16:11:00,0.006103633318063704,-0.22516842247457086,0.006103633318063704,-0.22516842247457086
1730,2026-02-18 17:07:00,0.006103633318063704,-0.2312720557926346,-0.006103633318063735,-0.2312720557926346
1731,2026-02-18 17:13:00,0.006103633318063704,-0.23321710867912954,-0.0019450528864949268,-0.23321710867912954
1732,2026-02-18 18:43:00,0.006103633318063704,-0.22711347536106583,0.006103633318063704,-0.22711347536106583
1733,2026-02-18 19:36:00,0.006103633318063704,-0.2210098420430021,0.006103633318063704,-0.2210098420430021
1734,2026-02-19 14:40:00,0.006103633318063704,-0.2149062087249384,0.006103633318063704,-0.2149062087249384
1735,2026-02-19 14:54:00,0.006103633318063704,-0.22100984204300214,-0.006103633318063735,-0.22100984204300214
1736,2026-02-19 15:12:00,0.006103633318063704,-0.21490620872493843,0.006103633318063704,-0.21490620872493843
1737,2026-02-19 15:39:00,0.006103633318063704,-0.22100984204300206,-0.006103633318063623,-0.22100984204300206
1738,2026-02-19 16:07:00,0.006103633318063704,-0.21490620872493835,0.006103633318063704,-0.21490620872493835
1739,2026-02-19 16:17:00,0.006103633318063704,-0.22100984204300209,-0.006103633318063735,-0.22100984204300209
1740,2026-02-19 16:27:00,0.006103633318063704,-0.21490620872493837,0.006103633318063704,-0.21490620872493837
1741,2026-02-19 16:34:00,0.006103633318063704,-0.20880257540687466,0.006103633318063704,-0.20880257540687466
1742,2026-02-19 17:18:00,0.006103633318063704,-0.2149062087249385,-0.006103633318063847,-0.2149062087249385
1743,2026-02-19 17:26:00,0.006103633318063704,-0.22100984204300225,-0.006103633318063735,-0.22100984204300225
1744,2026-02-19 17:38:00,0.006103633318063704,-0.227113475361066,-0.006103633318063735,-0.227113475361066
1745,2026-02-19 17:54:00,0.006103633318063704,-0.22100984204300228,0.006103633318063704,-0.22100984204300228
1746,2026-02-19 18:12:00,0.006103633318063704,-0.21490620872493857,0.006103633318063704,-0.21490620872493857
1747,2026-02-19 18:26:00,0.006103633318063704,-0.20880257540687486,0.006103633318063704,-0.20880257540687486
1748,2026-02-19 18:49:00,0.006103633318063704,-0.2149062087249386,-0.006103633318063735,-0.2149062087249386
1749,2026-02-19 19:52:00,0.006103633318063704,-0.20880257540687489,0.006103633318063704,-0.20880257540687489
1750,2026-02-20 00:17:00,0.006103633318063704,-0.21490620872493862,-0.006103633318063735,-0.21490620872493862
1751,2026-02-20 05:36:00,0.006103633318063704,-0.21382739531494416,0.001078813409994468,-0.21382739531494416
1752,2026-02-20 13:36:00,0.006103633318063704,-0.2199310286330079,-0.006103633318063735,-0.2199310286330079
1753,2026-02-20 13:49:00,0.006103633318063704,-0.21382739531494419,0.006103633318063704,-0.21382739531494419
1754,2026-02-20 14:22:00,0.006103633318063704,-0.20772376199688047,0.006103633318063704,-0.20772376199688047
1755,2026-02-20 14:35:00,0.006103633318063704,-0.2138273953149442,-0.006103633318063735,-0.2138273953149442
1756,2026-02-20 14:48:00,0.006103633318063704,-0.2077237619968805,0.006103633318063704,-0.2077237619968805
1757,2026-02-20 15:02:00,0.006103633318063704,-0.21382739531494424,-0.006103633318063735,-0.21382739531494424
1758,2026-02-20 15:07:00,0.006103633318063704,-0.20772376199688053,0.006103633318063704,-0.20772376199688053
1759,2026-02-20 15:09:00,0.006103633318063704,-0.21382739531494427,-0.006103633318063735,-0.21382739531494427
1760,2026-02-20 15:14:00,0.006103633318063704,-0.219931028633008,-0.006103633318063735,-0.219931028633008
1761,2026-02-20 15:17:00,0.006103633318063704,-0.2138273953149443,0.006103633318063704,-0.2138273953149443
1762,2026-02-20 15:24:00,0.006103633318063704,-0.21993102863300804,-0.006103633318063735,-0.21993102863300804
1763,2026-02-20 15:36:00,0.006103633318063704,-0.21382739531494432,0.006103633318063704,-0.21382739531494432
1764,2026-02-20 15:56:00,0.006103633318063704,-0.2077237619968806,0.006103633318063704,-0.2077237619968806
1765,2026-02-20 16:09:00,0.006103633318063704,-0.21382739531494424,-0.006103633318063623,-0.21382739531494424
1766,2026-02-20 16:18:00,0.006103633318063704,-0.20772376199688053,0.006103633318063704,-0.20772376199688053
1767,2026-02-20 16:25:00,0.006103633318063704,-0.21382739531494427,-0.006103633318063735,-0.21382739531494427
1768,2026-02-20 16:29:00,0.006103633318063704,-0.20772376199688056,0.006103633318063704,-0.20772376199688056
1769,2026-02-20 16:58:00,0.006103633318063704,-0.21382739531494419,-0.006103633318063623,-0.21382739531494419
1770,2026-02-20 17:10:00,0.006103633318063704,-0.21993102863300792,-0.006103633318063735,-0.21993102863300792
1771,2026-02-20 17:15:00,0.006103633318063704,-0.2138273953149442,0.006103633318063704,-0.2138273953149442
1772,2026-02-20 17:40:00,0.006103633318063704,-0.2077237619968805,0.006103633318063704,-0.2077237619968805
1773,2026-02-20 17:50:00,0.006103633318063704,-0.2016201286788168,0.006103633318063704,-0.2016201286788168
1774,2026-02-20 18:05:00,0.006103633318063704,-0.20772376199688064,-0.006103633318063847,-0.20772376199688064
1775,2026-02-20 18:23:00,0.006103633318063704,-0.20162012867881693,0.006103633318063704,-0.20162012867881693
1776,2026-02-20 18:34:00,0.006103633318063704,-0.20772376199688067,-0.006103633318063735,-0.20772376199688067
1777,2026-02-20 18:37:00,0.006103633318063704,-0.20162012867881696,0.006103633318063704,-0.20162012867881696
1778,2026-02-20 18:43:00,0.006103633318063704,-0.19551649536075325,0.006103633318063704,-0.19551649536075325
1779,2026-02-20 18:47:00,0.006103633318063704,-0.20162012867881698,-0.006103633318063735,-0.20162012867881698
1780,2026-02-20 19:07:00,0.006103633318063704,-0.20772376199688072,-0.006103633318063735,-0.20772376199688072
1781,2026-02-20 19:30:00,0.006103633318063704,-0.201620128678817,0.006103633318063704,-0.201620128678817
1782,2026-02-21 14:22:00,0.006103633318063704,-0.20138870076757803,0.0002314279112389868,-0.20138870076757803
1783,2026-02-23 01:01:00,0.006103633318063704,-0.20749233408564177,-0.006103633318063735,-0.20749233408564177
1784,2026-02-23 01:03:00,0.006103633318063704,-0.2135959674037055,-0.006103633318063735,-0.2135959674037055
1785,2026-02-23 01:08:00,0.006103633318063704,-0.21969960072176925,-0.006103633318063735,-0.21969960072176925
1786,2026-02-23 01:10:00,0.006103633318063704,-0.225803234039833,-0.006103633318063735,-0.225803234039833
1787,2026-02-23 01:16:00,0.006103633318063704,-0.23190686735789673,-0.006103633318063735,-0.23190686735789673
1788,2026-02-23 01:23:00,0.006103633318063704,-0.22580323403983302,0.006103633318063704,-0.22580323403983302
1789,2026-02-23 01:32:00,0.006103633318063704,-0.23190686735789676,-0.006103633318063735,-0.23190686735789676
1790,2026-02-23 01:47:00,0.006103633318063704,-0.23801050067596038,-0.006103633318063623,-0.23801050067596038
1791,2026-02-23 01:54:00,0.006103633318063704,-0.23190686735789667,0.006103633318063704,-0.23190686735789667
1792,2026-02-23 01:57:00,0.006103633318063704,-0.2380105006759603,-0.006103633318063623,-0.2380105006759603
1793,2026-02-23 02:24:00,0.006103633318063704,-0.2319068673578966,0.006103633318063704,-0.2319068673578966
1794,2026-02-23 02:32:00,0.006103633318063704,-0.23801050067596044,-0.006103633318063847,-0.23801050067596044
1795,2026-02-23 03:27:00,0.006103633318063704,-0.23190686735789673,0.006103633318063704,-0.23190686735789673
1796,2026-02-23 09:33:00,0.006103633318063704,-0.22580323403983302,0.006103633318063704,-0.22580323403983302
1797,2026-02-23 09:38:00,0.006103633318063704,-0.22493025275348832,0.0008729812863446974,-0.22493025275348832
1798,2026-02-23 12:37:00,0.006103633318063704,-0.22530211516868143,-0.0003718624151931064,-0.22530211516868143
1799,2026-02-23 14:38:00,0.006103633318063704,-0.23140574848674517,-0.006103633318063735,-0.23140574848674517
1800,2026-02-23 14:41:00,0.006103633318063704,-0.22530211516868145,0.006103633318063704,-0.22530211516868145
1801,2026-02-23 14:44:00,0.006103633318063704,-0.21919848185061774,0.006103633318063704,-0.21919848185061774
1802,2026-02-23 14:46:00,0.006103633318063704,-0.22530211516868148,-0.006103633318063735,-0.22530211516868148
1803,2026-02-23 15:05:00,0.006103633318063704,-0.23140574848674522,-0.006103633318063735,-0.23140574848674522
1804,2026-02-23 15:53:00,0.006103633318063704,-0.23750938180480896,-0.006103633318063735,-0.23750938180480896
1805,2026-02-23 16:05:00,0.006103633318063704,-0.23140574848674525,0.006103633318063704,-0.23140574848674525
1806,2026-02-23 16:20:00,0.006103633318063704,-0.237509381804809,-0.006103633318063735,-0.237509381804809
1807,2026-02-23 17:15:00,0.006103633318063704,-0.24361301512287262,-0.006103633318063623,-0.24361301512287262
1808,2026-02-23 17:37:00,0.006103633318063704,-0.24971664844093636,-0.006103633318063735,-0.24971664844093636
1809,2026-02-23 17:52:00,0.006103633318063704,-0.24361301512287264,0.006103633318063704,-0.24361301512287264
1810,2026-02-23 17:58:00,0.006103633318063704,-0.23750938180480893,0.006103633318063704,-0.23750938180480893
1811,2026-02-23 18:33:00,0.006103633318063704,-0.23140574848674522,0.006103633318063704,-0.23140574848674522
1812,2026-02-23 18:37:00,0.006103633318063704,-0.23750938180480907,-0.006103633318063847,-0.23750938180480907
1813,2026-02-23 18:59:00,0.006103633318063704,-0.2436130151228728,-0.006103633318063735,-0.2436130151228728
1814,2026-02-24 01:16:00,0.006103633318063704,-0.24971664844093655,-0.006103633318063735,-0.24971664844093655
1815,2026-02-24 01:18:00,0.006103633318063704,-0.24361301512287284,0.006103633318063704,-0.24361301512287284
1816,2026-02-24 01:21:00,0.006103633318063704,-0.23750938180480913,0.006103633318063704,-0.23750938180480913
1817,2026-02-24 01:26:00,0.006103633318063704,-0.23635308951949302,0.0011562922853161001,-0.23635308951949302
1818,2026-02-24 02:33:00,0.006103633318063704,-0.24245672283755676,-0.006103633318063735,-0.24245672283755676
1819,2026-02-24 03:02:00,0.006103633318063704,-0.2485603561556204,-0.006103633318063623,-0.2485603561556204
1820,2026-02-24 04:15:00,0.006103633318063704,-0.24245672283755668,0.006103633318063704,-0.24245672283755668
1821,2026-02-24 04:23:00,0.006103633318063704,-0.2485603561556203,-0.006103633318063623,-0.2485603561556203
1822,2026-02-24 04:32:00,0.006103633318063704,-0.2424567228375566,0.006103633318063704,-0.2424567228375566
1823,2026-02-24 05:25:00,0.006103633318063704,-0.23801749371681133,0.004439229120745259,-0.23801749371681133
1824,2026-02-24 13:34:00,0.006103633318063704,-0.24412112703487507,-0.006103633318063735,-0.24412112703487507
1825,2026-02-24 14:39:00,0.006103633318063704,-0.23801749371681136,0.006103633318063704,-0.23801749371681136
1826,2026-02-24 14:49:00,0.006103633318063704,-0.2441211270348752,-0.006103633318063847,-0.2441211270348752
1827,2026-02-24 14:59:00,0.006103633318063704,-0.2380174937168115,0.006103633318063704,-0.2380174937168115
1828,2026-02-24 15:17:00,0.006103633318063704,-0.23191386039874778,0.006103633318063704,-0.23191386039874778
1829,2026-02-24 16:03:00,0.006103633318063704,-0.23801749371681163,-0.006103633318063847,-0.23801749371681163
1830,2026-02-24 16:33:00,0.006103633318063704,-0.23191386039874792,0.006103633318063704,-0.23191386039874792
1831,2026-02-24 16:41:00,0.006103633318063704,-0.23801749371681166,-0.006103633318063735,-0.23801749371681166
1832,2026-02-24 16:59:00,0.006103633318063704,-0.23968426761381098,-0.0016667738969993154,-0.23968426761381098
1833,2026-02-25 01:11:00,0.006103633318063704,-0.23358063429574727,0.006103633318063704,-0.23358063429574727
1834,2026-02-25 01:13:00,0.006103633318063704,-0.22747700097768356,0.006103633318063704,-0.22747700097768356
1835,2026-02-25 01:18:00,0.006103633318063704,-0.22137336765961985,0.006103633318063704,-0.22137336765961985
1836,2026-02-25 01:22:00,0.006103633318063704,-0.21526973434155613,0.006103633318063704,-0.21526973434155613
1837,2026-02-25 02:07:00,0.006103633318063704,-0.22137336765961976,-0.006103633318063623,-0.22137336765961976
1838,2026-02-25 02:48:00,0.006103633318063704,-0.2274770009776835,-0.006103633318063735,-0.2274770009776835
1839,2026-02-25 13:52:00,0.006103633318063704,-0.2213733676596198,0.006103633318063704,-0.2213733676596198
1840,2026-02-25 14:17:00,0.006103633318063704,-0.21526973434155608,0.006103633318063704,-0.21526973434155608
1841,2026-02-25 14:46:00,0.006103633318063704,-0.20916610102349237,0.006103633318063704,-0.20916610102349237
1842,2026-02-25 14:50:00,0.006103633318063704,-0.20306246770542866,0.006103633318063704,-0.20306246770542866
1843,2026-02-25 15:01:00,0.006103633318063704,-0.2091661010234925,-0.006103633318063847,-0.2091661010234925
1844,2026-02-25 15:06:00,0.006103633318063704,-0.2030624677054288,0.006103633318063704,-0.2030624677054288
1845,2026-02-25 15:18:00,0.006103633318063704,-0.19695883438736508,0.006103633318063704,-0.19695883438736508
1846,2026-02-25 15:34:00,0.006103633318063704,-0.19085520106930137,0.006103633318063704,-0.19085520106930137
1847,2026-02-25 15:45:00,0.006103633318063704,-0.18475156775123766,0.006103633318063704,-0.18475156775123766
1848,2026-02-25 16:19:00,0.006103633318063704,-0.17864793443317395,0.006103633318063704,-0.17864793443317395
1849,2026-02-25 16:26:00,0.006103633318063704,-0.17254430111511024,0.006103633318063704,-0.17254430111511024
1850,2026-02-25 17:02:00,0.006103633318063704,-0.17864793443317398,-0.006103633318063735,-0.17864793443317398
1851,2026-02-25 17:05:00,0.006103633318063704,-0.17254430111511027,0.006103633318063704,-0.17254430111511027
1852,2026-02-25 17:11:00,0.006103633318063704,-0.178647934433174,-0.006103633318063735,-0.178647934433174
1853,2026-02-25 17:21:00,0.006103633318063704,-0.1725443011151103,0.006103633318063704,-0.1725443011151103
1854,2026-02-25 17:37:00,0.006103633318063704,-0.17864793443317414,-0.006103633318063847,-0.17864793443317414
1855,2026-02-25 18:05:00,0.006103633318063704,-0.17254430111511043,0.006103633318063704,-0.17254430111511043
1856,2026-02-25 18:29:00,0.006103633318063704,-0.16644066779704672,0.006103633318063704,-0.16644066779704672
1857,2026-02-25 19:25:00,0.006103633318063704,-0.16599188511252572,0.0004487826845210044,-0.16599188511252572
1858,2026-02-25 21:35:00,0.006103633318063704,-0.159888251794462,0.006103633318063704,-0.159888251794462
1859,2026-02-25 21:37:00,0.006103633318063704,-0.16599188511252574,-0.006103633318063735,-0.16599188511252574
1860,2026-02-25 21:43:00,0.006103633318063704,-0.17209551843058948,-0.006103633318063735,-0.17209551843058948
1861,2026-02-25 21:58:00,0.006103633318063704,-0.16599188511252577,0.006103633318063704,-0.16599188511252577
1862,2026-02-25 22:02:00,0.006103633318063704,-0.1720955184305895,-0.006103633318063735,-0.1720955184305895
1863,2026-02-25 22:24:00,0.006103633318063704,-0.17819915174865325,-0.006103633318063735,-0.17819915174865325
1864,2026-02-25 22:40:00,0.006103633318063704,-0.1843027850667171,-0.006103633318063847,-0.1843027850667171
1865,2026-02-25 22:51:00,0.006103633318063704,-0.1781991517486534,0.006103633318063704,-0.1781991517486534
1866,2026-02-25 22:59:00,0.006103633318063704,-0.18430278506671713,-0.006103633318063735,-0.18430278506671713
1867,2026-02-25 23:23:00,0.006103633318063704,-0.19040641838478087,-0.006103633318063735,-0.19040641838478087
1868,2026-02-25 23:33:00,0.006103633318063704,-0.1965100517028446,-0.006103633318063735,-0.1965100517028446
1869,2026-02-25 23:41:00,0.006103633318063704,-0.1904064183847809,0.006103633318063704,-0.1904064183847809
1870,2026-02-25 23:53:00,0.006103633318063704,-0.18430278506671718,0.006103633318063704,-0.18430278506671718
1871,2026-02-26 00:08:00,0.006103633318063704,-0.17819915174865347,0.006103633318063704,-0.17819915174865347
1872,2026-02-26 00:17:00,0.006103633318063704,-0.1843027850667172,-0.006103633318063735,-0.1843027850667172
1873,2026-02-26 00:39:00,0.006103633318063704,-0.1781991517486535,0.006103633318063704,-0.1781991517486535
1874,2026-02-26 01:05:00,0.006103633318063704,-0.18430278506671724,-0.006103633318063735,-0.18430278506671724
1875,2026-02-26 01:44:00,0.006103633318063704,-0.1904064183847811,-0.006103633318063847,-0.1904064183847811
1876,2026-02-26 02:04:00,0.006103633318063704,-0.18813472272360415,0.0022716956611769394,-0.18813472272360415
1877,2026-02-26 05:10:00,0.006103633318063704,-0.1855107978823273,0.002623924841276866,-0.1855107978823273
1878,2026-02-26 09:13:00,0.006103633318063704,-0.18811924846821074,-0.002608450585883425,-0.18811924846821074
1879,2026-02-26 14:17:00,0.006103633318063704,-0.19422288178627448,-0.006103633318063735,-0.19422288178627448
1880,2026-02-26 14:31:00,0.006103633318063704,-0.18811924846821076,0.006103633318063704,-0.18811924846821076
1881,2026-02-26 14:36:00,0.006103633318063704,-0.1942228817862744,-0.006103633318063623,-0.1942228817862744
1882,2026-02-26 14:46:00,0.006103633318063704,-0.20032651510433813,-0.006103633318063735,-0.20032651510433813
1883,2026-02-26 14:48:00,0.006103633318063704,-0.19422288178627442,0.006103633318063704,-0.19422288178627442
1884,2026-02-26 14:57:00,0.006103633318063704,-0.20032651510433805,-0.006103633318063623,-0.20032651510433805
1885,2026-02-26 15:10:00,0.006103633318063704,-0.20643014842240168,-0.006103633318063623,-0.20643014842240168
1886,2026-02-26 15:17:00,0.006103633318063704,-0.20032651510433797,0.006103633318063704,-0.20032651510433797
1887,2026-02-26 15:27:00,0.006103633318063704,-0.2064301484224016,-0.006103633318063623,-0.2064301484224016
1888,2026-02-26 15:35:00,0.006103633318063704,-0.20032651510433788,0.006103633318063704,-0.20032651510433788
1889,2026-02-26 15:37:00,0.006103633318063704,-0.19422288178627417,0.006103633318063704,-0.19422288178627417
1890,2026-02-26 15:40:00,0.006103633318063704,-0.18811924846821046,0.006103633318063704,-0.18811924846821046
1891,2026-02-26 15:44:00,0.006103633318063704,-0.1942228817862742,-0.006103633318063735,-0.1942228817862742
1892,2026-02-26 16:35:00,0.006103633318063704,-0.20032651510433805,-0.006103633318063847,-0.20032651510433805
1893,2026-02-26 16:46:00,0.006103633318063704,-0.2064301484224019,-0.006103633318063847,-0.2064301484224019
1894,2026-02-26 16:56:00,0.006103633318063704,-0.2003265151043382,0.006103633318063704,-0.2003265151043382
1895,2026-02-26 17:06:00,0.006103633318063704,-0.20643014842240193,-0.006103633318063735,-0.20643014842240193
1896,2026-02-26 18:37:00,0.006103633318063704,-0.20032651510433822,0.006103633318063704,-0.20032651510433822
1897,2026-02-26 19:05:00,0.006103633318063704,-0.1942228817862745,0.006103633318063704,-0.1942228817862745
1898,2026-02-27 03:58:00,0.006103633318063704,-0.1881192484682108,0.006103633318063704,-0.1881192484682108
1899,2026-02-27 04:17:00,0.006103633318063704,-0.19073779610209057,-0.0026185476338797787,-0.19073779610209057
1900,2026-02-27 09:46:00,0.006103633318063704,-0.19684142942015442,-0.006103633318063847,-0.19684142942015442
1901,2026-02-27 10:12:00,0.006103633318063704,-0.20294506273821816,-0.006103633318063735,-0.20294506273821816
1902,2026-02-27 10:59:00,0.006103633318063704,-0.2090486960562819,-0.006103633318063735,-0.2090486960562819
1903,2026-02-27 11:33:00,0.006103633318063704,-0.21515232937434553,-0.006103633318063623,-0.21515232937434553
1904,2026-02-27 11:42:00,0.006103633318063704,-0.22125596269240927,-0.006103633318063735,-0.22125596269240927
1905,2026-02-27 12:42:00,0.006103633318063704,-0.21515232937434556,0.006103633318063704,-0.21515232937434556
1906,2026-02-27 13:05:00,0.006103633318063704,-0.2212559626924094,-0.006103633318063847,-0.2212559626924094
1907,2026-02-27 13:36:00,0.006103633318063704,-0.2151523293743457,0.006103633318063704,-0.2151523293743457
1908,2026-02-27 13:41:00,0.006103633318063704,-0.20904869605628199,0.006103633318063704,-0.20904869605628199
1909,2026-02-27 13:52:00,0.006103633318063704,-0.21515232937434584,-0.006103633318063847,-0.21515232937434584
1910,2026-02-27 14:33:00,0.006103633318063704,-0.22125596269240957,-0.006103633318063735,-0.22125596269240957
1911,2026-02-27 14:47:00,0.006103633318063704,-0.21515232937434586,0.006103633318063704,-0.21515232937434586
1912,2026-02-27 15:06:00,0.006103633318063704,-0.2212559626924095,-0.006103633318063623,-0.2212559626924095
1913,2026-02-27 16:06:00,0.006103633318063704,-0.22735959601047323,-0.006103633318063735,-0.22735959601047323
1914,2026-02-27 16:43:00,0.006103633318063704,-0.22809570204297555,-0.0007361060325023158,-0.22809570204297555
1915,2026-02-27 18:33:00,0.006103633318063704,-0.2341993353610393,-0.006103633318063735,-0.2341993353610393
1916,2026-02-27 22:35:00,0.006103633318063704,-0.22809570204297558,0.006103633318063704,-0.22809570204297558
1917,2026-02-27 22:42:00,0.006103633318063704,-0.22199206872491187,0.006103633318063704,-0.22199206872491187
1918,2026-02-28 06:18:00,0.006103633318063704,-0.21588843540684816,0.006103633318063704,-0.21588843540684816
1919,2026-02-28 06:22:00,0.006103633318063704,-0.2219920687249119,-0.006103633318063735,-0.2219920687249119
1920,2026-02-28 06:27:00,0.006103633318063704,-0.22809570204297575,-0.006103633318063847,-0.22809570204297575
1921,2026-02-28 06:32:00,0.006103633318063704,-0.23419933536103948,-0.006103633318063735,-0.23419933536103948
1922,2026-02-28 06:37:00,0.006103633318063704,-0.22809570204297577,0.006103633318063704,-0.22809570204297577
1923,2026-02-28 06:41:00,0.006103633318063704,-0.2341993353610395,-0.006103633318063735,-0.2341993353610395
1924,2026-02-28 06:51:00,0.006103633318063704,-0.24030296867910325,-0.006103633318063735,-0.24030296867910325
1925,2026-02-28 06:56:00,0.006103633318063704,-0.246406601997167,-0.006103633318063735,-0.246406601997167
1926,2026-02-28 06:59:00,0.006103633318063704,-0.24030296867910328,0.006103633318063704,-0.24030296867910328
1927,2026-02-28 07:03:00,0.006103633318063704,-0.23419933536103957,0.006103633318063704,-0.23419933536103957
1928,2026-02-28 07:08:00,0.006103633318063704,-0.2403029686791033,-0.006103633318063735,-0.2403029686791033
1929,2026-02-28 07:23:00,0.006103633318063704,-0.2341993353610396,0.006103633318063704,-0.2341993353610396
1930,2026-02-28 07:33:00,0.006103633318063704,-0.22809570204297588,0.006103633318063704,-0.22809570204297588
1931,2026-02-28 07:39:00,0.006103633318063704,-0.2341993353610395,-0.006103633318063623,-0.2341993353610395
1932,2026-02-28 07:47:00,0.006103633318063704,-0.24030296867910314,-0.006103633318063623,-0.24030296867910314
1933,2026-02-28 08:01:00,0.006103633318063704,-0.24640660199716688,-0.006103633318063735,-0.24640660199716688
1934,2026-02-28 09:20:00,0.006103633318063704,-0.244617921310747,0.0017886806864198918,-0.244617921310747
1935,2026-02-28 10:37:00,0.006103633318063704,-0.2385142879926833,0.006103633318063704,-0.2385142879926833
1936,2026-02-28 11:04:00,0.006103633318063704,-0.24461792131074703,-0.006103633318063735,-0.24461792131074703
1937,2026-02-28 13:49:00,0.006103633318063704,-0.23851428799268332,0.006103633318063704,-0.23851428799268332
1938,2026-02-28 13:54:00,0.006103633318063704,-0.2324106546746196,0.006103633318063704,-0.2324106546746196
1939,2026-02-28 14:01:00,0.006103633318063704,-0.23851428799268334,-0.006103633318063735,-0.23851428799268334
1940,2026-02-28 14:04:00,0.006103633318063704,-0.23241065467461963,0.006103633318063704,-0.23241065467461963
1941,2026-02-28 14:37:00,0.006103633318063704,-0.23851428799268337,-0.006103633318063735,-0.23851428799268337
1942,2026-02-28 14:52:00,0.006103633318063704,-0.244617921310747,-0.006103633318063623,-0.244617921310747
1943,2026-02-28 15:15:00,0.006103633318063704,-0.2385142879926833,0.006103633318063704,-0.2385142879926833
1944,2026-02-28 15:24:00,0.006103633318063704,-0.23241065467461958,0.006103633318063704,-0.23241065467461958
1945,2026-02-28 15:29:00,0.006103633318063704,-0.23030682369011177,0.0021038309845078126,-0.23030682369011177
1946,2026-02-28 16:46:00,0.006103633318063704,-0.23166711574430016,-0.001360292054188397,-0.23166711574430016
1947,2026-02-28 18:03:00,0.006103633318063704,-0.22556348242623644,0.006103633318063704,-0.22556348242623644
1948,2026-02-28 18:38:00,0.006103633318063704,-0.21945984910817273,0.006103633318063704,-0.21945984910817273
1949,2026-02-28 18:55:00,0.006103633318063704,-0.22556348242623636,-0.006103633318063623,-0.22556348242623636
1950,2026-02-28 18:59:00,0.006103633318063704,-0.2316671157443001,-0.006103633318063735,-0.2316671157443001
1951,2026-02-28 19:10:00,0.006103633318063704,-0.2255634824262364,0.006103633318063704,-0.2255634824262364
1952,2026-02-28 19:33:00,0.006103633318063704,-0.21945984910817268,0.006103633318063704,-0.21945984910817268
1953,2026-02-28 19:39:00,0.006103633318063704,-0.22556348242623642,-0.006103633318063735,-0.22556348242623642
1954,2026-02-28 19:42:00,0.006103633318063704,-0.2194598491081727,0.006103633318063704,-0.2194598491081727
1955,2026-02-28 20:14:00,0.006103633318063704,-0.213356215790109,0.006103633318063704,-0.213356215790109
1956,2026-02-28 20:22:00,0.006103633318063704,-0.20725258247204528,0.006103633318063704,-0.20725258247204528
1957,2026-02-28 20:42:00,0.006103633318063704,-0.20114894915398157,0.006103633318063704,-0.20114894915398157
1958,2026-02-28 20:47:00,0.006103633318063704,-0.2072525824720453,-0.006103633318063735,-0.2072525824720453
1959,2026-02-28 21:04:00,0.006103633318063704,-0.2011489491539816,0.006103633318063704,-0.2011489491539816
1960,2026-02-28 21:37:00,0.006103633318063704,-0.20725258247204523,-0.006103633318063623,-0.20725258247204523
1961,2026-02-28 21:53:00,0.006103633318063704,-0.20114894915398152,0.006103633318063704,-0.20114894915398152
1962,2026-02-28 22:04:00,0.006103633318063704,-0.1950453158359178,0.006103633318063704,-0.1950453158359178
1963,2026-02-28 22:37:00,0.006103633318063704,-0.20114894915398154,-0.006103633318063735,-0.20114894915398154
1964,2026-02-28 22:46:00,0.006103633318063704,-0.20725258247204528,-0.006103633318063735,-0.20725258247204528
1965,2026-02-28 23:00:00,0.006103633318063704,-0.2044089786601776,0.0028436038118676843,-0.2044089786601776
1966,2026-03-01 01:38:00,0.006103633318063704,-0.1983053453421139,0.006103633318063704,-0.1983053453421139
1967,2026-03-01 01:49:00,0.006103633318063704,-0.19220171202405018,0.006103633318063704,-0.19220171202405018
1968,2026-03-01 01:51:00,0.006103633318063704,-0.18609807870598646,0.006103633318063704,-0.18609807870598646
1969,2026-03-01 01:53:00,0.006103633318063704,-0.17999444538792275,0.006103633318063704,-0.17999444538792275
1970,2026-03-01 02:02:00,0.006103633318063704,-0.17389081206985904,0.006103633318063704,-0.17389081206985904
1971,2026-03-01 02:04:00,0.006103633318063704,-0.17999444538792267,-0.006103633318063623,-0.17999444538792267
1972,2026-03-01 02:09:00,0.006103633318063704,-0.17389081206985896,0.006103633318063704,-0.17389081206985896
1973,2026-03-01 02:13:00,0.006103633318063704,-0.17999444538792259,-0.006103633318063623,-0.17999444538792259
1974,2026-03-01 02:25:00,0.006103633318063704,-0.17389081206985887,0.006103633318063704,-0.17389081206985887
1975,2026-03-01 02:43:00,0.006103633318063704,-0.1799944453879226,-0.006103633318063735,-0.1799944453879226
1976,2026-03-01 02:49:00,0.006103633318063704,-0.17919903599424478,0.0007954093936778326,-0.17919903599424478
1977,2026-03-01 04:19:00,0.006103633318063704,-0.17309540267618106,0.006103633318063704,-0.17309540267618106
1978,2026-03-01 04:27:00,0.006103633318063704,-0.1699034255017998,0.0031919771743812698,-0.1699034255017998
1979,2026-03-01 06:09:00,0.006103633318063704,-0.17036531927444598,-0.0004618937726461809,-0.17036531927444598
1980,2026-03-01 08:52:00,0.006103633318063704,-0.16426168595638227,0.006103633318063704,-0.16426168595638227
1981,2026-03-01 13:52:00,0.006103633318063704,-0.15815805263831856,0.006103633318063704,-0.15815805263831856
1982,2026-03-01 13:54:00,0.006103633318063704,-0.1642616859563823,-0.006103633318063735,-0.1642616859563823
1983,2026-03-01 13:56:00,0.006103633318063704,-0.15815805263831859,0.006103633318063704,-0.15815805263831859
1984,2026-03-01 14:07:00,0.006103633318063704,-0.16426168595638244,-0.006103633318063847,-0.16426168595638244
1985,2026-03-01 14:22:00,0.006103633318063704,-0.15815805263831872,0.006103633318063704,-0.15815805263831872
1986,2026-03-01 15:15:00,0.006103633318063704,-0.16426168595638246,-0.006103633318063735,-0.16426168595638246
1987,2026-03-01 16:01:00,0.006103633318063704,-0.1703653192744462,-0.006103633318063735,-0.1703653192744462
1988,2026-03-01 16:48:00,0.006103633318063704,-0.17646895259250994,-0.006103633318063735,-0.17646895259250994
1989,2026-03-01 16:51:00,0.006103633318063704,-0.18257258591057368,-0.006103633318063735,-0.18257258591057368
1990,2026-03-01 17:18:00,0.006103633318063704,-0.17646895259250997,0.006103633318063704,-0.17646895259250997
1991,2026-03-01 17:36:00,0.006103633318063704,-0.17036531927444626,0.006103633318063704,-0.17036531927444626
1992,2026-03-01 18:05:00,0.006103633318063704,-0.1764689525925099,-0.006103633318063623,-0.1764689525925099
1993,2026-03-01 20:36:00,0.006103633318063704,-0.17036531927444618,0.006103633318063704,-0.17036531927444618
1994,2026-03-01 22:14:00,0.006103633318063704,-0.17646895259250991,-0.006103633318063735,-0.17646895259250991
1995,2026-03-01 22:35:00,0.006103633318063704,-0.1703653192744462,0.006103633318063704,-0.1703653192744462
1996,2026-03-01 23:06:00,0.006103633318063704,-0.1642616859563825,0.006103633318063704,-0.1642616859563825
1997,2026-03-01 23:11:00,0.006103633318063704,-0.17036531927444612,-0.006103633318063623,-0.17036531927444612
1998,2026-03-01 23:31:00,0.006103633318063704,-0.1642616859563824,0.006103633318063704,-0.1642616859563824
1999,2026-03-02 00:11:00,0.006103633318063704,-0.1581580526383187,0.006103633318063704,-0.1581580526383187
2000,2026-03-02 00:45:00,0.006103633318063704,-0.15205441932025499,0.006103633318063704,-0.15205441932025499
2001,2026-03-02 01:09:00,0.006103633318063704,-0.14595078600219127,0.006103633318063704,-0.14595078600219127
2002,2026-03-02 01:12:00,0.006103633318063704,-0.152054419320255,-0.006103633318063735,-0.152054419320255
2003,2026-03-02 01:19:00,0.006103633318063704,-0.15815805263831875,-0.006103633318063735,-0.15815805263831875
2004,2026-03-02 01:25:00,0.006103633318063704,-0.1642616859563825,-0.006103633318063735,-0.1642616859563825
2005,2026-03-02 01:49:00,0.006103633318063704,-0.17036531927444623,-0.006103633318063735,-0.17036531927444623
2006,2026-03-02 02:07:00,0.006103633318063704,-0.16426168595638252,0.006103633318063704,-0.16426168595638252
2007,2026-03-02 02:39:00,0.006103633318063704,-0.17036531927444637,-0.006103633318063847,-0.17036531927444637
2008,2026-03-02 03:12:00,0.006103633318063704,-0.16426168595638266,0.006103633318063704,-0.16426168595638266
2009,2026-03-02 06:20:00,0.006103633318063704,-0.1703653192744464,-0.006103633318063735,-0.1703653192744464
2010,2026-03-02 08:23:00,0.006103633318063704,-0.16426168595638269,0.006103633318063704,-0.16426168595638269
2011,2026-03-02 08:52:00,0.006103633318063704,-0.15815805263831897,0.006103633318063704,-0.15815805263831897
2012,2026-03-02 09:19:00,0.006103633318063704,-0.1642616859563827,-0.006103633318063735,-0.1642616859563827
2013,2026-03-02 11:28:00,0.006103633318063704,-0.158158052638319,0.006103633318063704,-0.158158052638319
2014,2026-03-02 14:32:00,0.006103633318063704,-0.16426168595638274,-0.006103633318063735,-0.16426168595638274
2015,2026-03-02 14:38:00,0.006103633318063704,-0.15815805263831903,0.006103633318063704,-0.15815805263831903
2016,2026-03-02 14:45:00,0.006103633318063704,-0.15205441932025532,0.006103633318063704,-0.15205441932025532
2017,2026-03-02 14:47:00,0.006103633318063704,-0.1459507860021916,0.006103633318063704,-0.1459507860021916
2018,2026-03-02 14:50:00,0.006103633318063704,-0.15205441932025546,-0.006103633318063847,-0.15205441932025546
2019,2026-03-02 14:53:00,0.006103633318063704,-0.14595078600219175,0.006103633318063704,-0.14595078600219175
2020,2026-03-02 15:02:00,0.006103633318063704,-0.13984715268412803,0.006103633318063704,-0.13984715268412803
2021,2026-03-02 15:07:00,0.006103633318063704,-0.13374351936606432,0.006103633318063704,-0.13374351936606432
2022,2026-03-02 15:11:00,0.006103633318063704,-0.1276398860480006,0.006103633318063704,-0.1276398860480006
2023,2026-03-02 15:18:00,0.006103633318063704,-0.12153625272993691,0.006103633318063704,-0.12153625272993691
2024,2026-03-02 15:38:00,0.006103633318063704,-0.11543261941187322,0.006103633318063704,-0.11543261941187322
2025,2026-03-02 15:45:00,0.006103633318063704,-0.12153625272993684,-0.006103633318063623,-0.12153625272993684
2026,2026-03-02 15:55:00,0.006103633318063704,-0.11543261941187315,0.006103633318063704,-0.11543261941187315
2027,2026-03-02 16:01:00,0.006103633318063704,-0.121536252729937,-0.006103633318063847,-0.121536252729937
2028,2026-03-02 16:03:00,0.006103633318063704,-0.1154326194118733,0.006103633318063704,-0.1154326194118733
2029,2026-03-02 16:07:00,0.006103633318063704,-0.1093289860938096,0.006103633318063704,-0.1093289860938096
2030,2026-03-02 16:10:00,0.006103633318063704,-0.11543261941187334,-0.006103633318063735,-0.11543261941187334
2031,2026-03-02 16:32:00,0.006103633318063704,-0.12153625272993708,-0.006103633318063735,-0.12153625272993708
2032,2026-03-02 16:35:00,0.006103633318063704,-0.11543261941187338,0.006103633318063704,-0.11543261941187338
2033,2026-03-02 16:42:00,0.006103633318063704,-0.10932898609380969,0.006103633318063704,-0.10932898609380969
2034,2026-03-02 16:45:00,0.006103633318063704,-0.11543261941187354,-0.006103633318063847,-0.11543261941187354
2035,2026-03-02 16:51:00,0.006103633318063704,-0.12153625272993727,-0.006103633318063735,-0.12153625272993727
2036,2026-03-02 16:57:00,0.006103633318063704,-0.127639886048001,-0.006103633318063735,-0.127639886048001
2037,2026-03-02 17:12:00,0.006103633318063704,-0.13374351936606474,-0.006103633318063735,-0.13374351936606474
2038,2026-03-02 17:18:00,0.006103633318063704,-0.13984715268412848,-0.006103633318063735,-0.13984715268412848
2039,2026-03-02 17:39:00,0.006103633318063704,-0.14595078600219233,-0.006103633318063847,-0.14595078600219233
2040,2026-03-02 17:44:00,0.006103633318063704,-0.13984715268412862,0.006103633318063704,-0.13984715268412862
2041,2026-03-02 17:48:00,0.006103633318063704,-0.1337435193660649,0.006103633318063704,-0.1337435193660649
2042,2026-03-02 17:54:00,0.006103633318063704,-0.13984715268412864,-0.006103633318063735,-0.13984715268412864
2043,2026-03-02 18:04:00,0.006103633318063704,-0.13374351936606493,0.006103633318063704,-0.13374351936606493
2044,2026-03-02 18:33:00,0.006103633318063704,-0.13984715268412856,-0.006103633318063623,-0.13984715268412856
2045,2026-03-02 19:37:00,0.006103633318063704,-0.1459507860021923,-0.006103633318063735,-0.1459507860021923
2046,2026-03-02 20:12:00,0.006103633318063704,-0.1398471526841286,0.006103633318063704,-0.1398471526841286
2047,2026-03-02 21:08:00,0.006103633318063704,-0.13493762635306092,0.004909526331067663,-0.13493762635306092
2048,2026-03-02 23:32:00,0.006103633318063704,-0.14104125967112455,-0.006103633318063623,-0.14104125967112455
2049,2026-03-03 00:14:00,0.006103633318063704,-0.13493762635306084,0.006103633318063704,-0.13493762635306084
2050,2026-03-03 00:37:00,0.006103633318063704,-0.14104125967112457,-0.006103633318063735,-0.14104125967112457
2051,2026-03-03 01:41:00,0.006103633318063704,-0.14714489298918842,-0.006103633318063847,-0.14714489298918842
2052,2026-03-03 02:01:00,0.006103633318063704,-0.15324852630725216,-0.006103633318063735,-0.15324852630725216
2053,2026-03-03 02:32:00,0.006103633318063704,-0.14895193954300165,0.004296586764250513,-0.14895193954300165
2054,2026-03-03 05:17:00,0.006103633318063704,-0.15505557286106528,-0.006103633318063623,-0.15505557286106528
2055,2026-03-03 08:26:00,0.006103633318063704,-0.16115920617912902,-0.006103633318063735,-0.16115920617912902
2056,2026-03-03 08:42:00,0.006103633318063704,-0.1550555728610653,0.006103633318063704,-0.1550555728610653
2057,2026-03-03 09:14:00,0.006103633318063704,-0.16115920617912904,-0.006103633318063735,-0.16115920617912904
2058,2026-03-03 09:41:00,0.006103633318063704,-0.16726283949719278,-0.006103633318063735,-0.16726283949719278
2059,2026-03-03 11:18:00,0.006103633318063704,-0.16115920617912907,0.006103633318063704,-0.16115920617912907
2060,2026-03-03 12:07:00,0.006103633318063704,-0.15505557286106536,0.006103633318063704,-0.15505557286106536
2061,2026-03-03 12:13:00,0.006103633318063704,-0.1611592061791291,-0.006103633318063735,-0.1611592061791291
2062,2026-03-03 12:37:00,0.006103633318063704,-0.16726283949719284,-0.006103633318063735,-0.16726283949719284
2063,2026-03-03 14:09:00,0.006103633318063704,-0.17336647281525658,-0.006103633318063735,-0.17336647281525658
2064,2026-03-03 14:34:00,0.006103633318063704,-0.16726283949719287,0.006103633318063704,-0.16726283949719287
2065,2026-03-03 14:39:00,0.006103633318063704,-0.1733664728152566,-0.006103633318063735,-0.1733664728152566
2066,2026-03-03 14:43:00,0.006103633318063704,-0.17947010613332035,-0.006103633318063735,-0.17947010613332035
2067,2026-03-03 14:49:00,0.006103633318063704,-0.17336647281525663,0.006103633318063704,-0.17336647281525663
2068,2026-03-03 14:52:00,0.006103633318063704,-0.16726283949719292,0.006103633318063704,-0.16726283949719292
2069,2026-03-03 14:55:00,0.006103633318063704,-0.17336647281525666,-0.006103633318063735,-0.17336647281525666
2070,2026-03-03 15:01:00,0.006103633318063704,-0.16726283949719295,0.006103633318063704,-0.16726283949719295
2071,2026-03-03 15:16:00,0.006103633318063704,-0.1733664728152567,-0.006103633318063735,-0.1733664728152567
2072,2026-03-03 15:21:00,0.006103633318063704,-0.16726283949719298,0.006103633318063704,-0.16726283949719298
2073,2026-03-03 15:32:00,0.006103633318063704,-0.16115920617912927,0.006103633318063704,-0.16115920617912927
2074,2026-03-03 15:40:00,0.006103633318063704,-0.15505557286106555,0.006103633318063704,-0.15505557286106555
2075,2026-03-03 16:05:00,0.006103633318063704,-0.14895193954300184,0.006103633318063704,-0.14895193954300184
2076,2026-03-03 16:10:00,0.006103633318063704,-0.14284830622493813,0.006103633318063704,-0.14284830622493813
2077,2026-03-03 16:16:00,0.006103633318063704,-0.13674467290687442,0.006103633318063704,-0.13674467290687442
2078,2026-03-03 16:24:00,0.006103633318063704,-0.14284830622493805,-0.006103633318063623,-0.14284830622493805
2079,2026-03-03 16:31:00,0.006103633318063704,-0.14895193954300168,-0.006103633318063623,-0.14895193954300168
2080,2026-03-03 16:34:00,0.006103633318063704,-0.15505557286106542,-0.006103633318063735,-0.15505557286106542
2081,2026-03-03 16:39:00,0.006103633318063704,-0.16115920617912904,-0.006103633318063623,-0.16115920617912904
2082,2026-03-03 16:43:00,0.006103633318063704,-0.15505557286106533,0.006103633318063704,-0.15505557286106533
2083,2026-03-03 16:46:00,0.006103633318063704,-0.16115920617912907,-0.006103633318063735,-0.16115920617912907
2084,2026-03-03 17:02:00,0.006103633318063704,-0.1672628394971928,-0.006103633318063735,-0.1672628394971928
2085,2026-03-03 17:11:00,0.006103633318063704,-0.1611592061791291,0.006103633318063704,-0.1611592061791291
2086,2026-03-03 17:23:00,0.006103633318063704,-0.16726283949719284,-0.006103633318063735,-0.16726283949719284
2087,2026-03-03 17:33:00,0.006103633318063704,-0.16115920617912913,0.006103633318063704,-0.16115920617912913
2088,2026-03-03 17:44:00,0.006103633318063704,-0.15505557286106542,0.006103633318063704,-0.15505557286106542
2089,2026-03-03 17:50:00,0.006103633318063704,-0.16115920617912904,-0.006103633318063623,-0.16115920617912904
2090,2026-03-03 18:12:00,0.006103633318063704,-0.15505557286106533,0.006103633318063704,-0.15505557286106533
2091,2026-03-03 18:18:00,0.006103633318063704,-0.14895193954300162,0.006103633318063704,-0.14895193954300162
2092,2026-03-03 18:28:00,0.006103633318063704,-0.15505557286106536,-0.006103633318063735,-0.15505557286106536
2093,2026-03-03 19:08:00,0.006103633318063704,-0.14895193954300165,0.006103633318063704,-0.14895193954300165
2094,2026-03-03 19:21:00,0.006103633318063704,-0.1550555728610654,-0.006103633318063735,-0.1550555728610654
2095,2026-03-03 19:36:00,0.006103633318063704,-0.14895193954300168,0.006103633318063704,-0.14895193954300168
2096,2026-03-03 19:38:00,0.006103633318063704,-0.15505557286106542,-0.006103633318063735,-0.15505557286106542
2097,2026-03-03 20:38:00,0.006103633318063704,-0.16115920617912916,-0.006103633318063735,-0.16115920617912916
2098,2026-03-03 21:03:00,0.006103633318063704,-0.15505557286106544,0.006103633318063704,-0.15505557286106544
2099,2026-03-03 21:37:00,0.006103633318063704,-0.14895193954300173,0.006103633318063704,-0.14895193954300173
2100,2026-03-03 22:03:00,0.006103633318063704,-0.14284830622493802,0.006103633318063704,-0.14284830622493802
2101,2026-03-03 22:38:00,0.006103633318063704,-0.1367446729068743,0.006103633318063704,-0.1367446729068743
2102,2026-03-03 23:08:00,0.006103633318063704,-0.13801042303271438,-0.0012657501258400725,-0.13801042303271438
2103,2026-03-04 00:13:00,0.006103633318063704,-0.14411405635077812,-0.006103633318063735,-0.14411405635077812
2104,2026-03-04 00:55:00,0.006103633318063704,-0.1380104230327144,0.006103633318063704,-0.1380104230327144
2105,2026-03-04 01:04:00,0.006103633318063704,-0.14411405635077826,-0.006103633318063847,-0.14411405635077826
2106,2026-03-04 01:15:00,0.006103633318063704,-0.13801042303271455,0.006103633318063704,-0.13801042303271455
2107,2026-03-04 01:33:00,0.006103633318063704,-0.13190678971465084,0.006103633318063704,-0.13190678971465084
2108,2026-03-04 01:43:00,0.006103633318063704,-0.13801042303271457,-0.006103633318063735,-0.13801042303271457
2109,2026-03-04 01:50:00,0.006103633318063704,-0.1441140563507783,-0.006103633318063735,-0.1441140563507783
2110,2026-03-04 02:29:00,0.006103633318063704,-0.1380104230327146,0.006103633318063704,-0.1380104230327146
2111,2026-03-04 03:30:00,0.006103633318063704,-0.14411405635077823,-0.006103633318063623,-0.14411405635077823
2112,2026-03-04 03:35:00,0.006103633318063704,-0.13801042303271452,0.006103633318063704,-0.13801042303271452
2113,2026-03-04 03:40:00,0.006103633318063704,-0.14411405635077826,-0.006103633318063735,-0.14411405635077826
2114,2026-03-04 03:45:00,0.006103633318063704,-0.15021768966884189,-0.006103633318063623,-0.15021768966884189
2115,2026-03-04 05:43:00,0.006103633318063704,-0.15632132298690563,-0.006103633318063735,-0.15632132298690563
2116,2026-03-04 06:35:00,0.006103633318063704,-0.16242495630496936,-0.006103633318063735,-0.16242495630496936
2117,2026-03-04 07:48:00,0.006103633318063704,-0.15632132298690565,0.006103633318063704,-0.15632132298690565
2118,2026-03-04 08:47:00,0.006103633318063704,-0.15021768966884194,0.006103633318063704,-0.15021768966884194
2119,2026-03-04 08:56:00,0.006103633318063704,-0.14411405635077823,0.006103633318063704,-0.14411405635077823
2120,2026-03-04 08:58:00,0.006103633318063704,-0.13801042303271452,0.006103633318063704,-0.13801042303271452
2121,2026-03-04 09:21:00,0.006103633318063704,-0.1319067897146508,0.006103633318063704,-0.1319067897146508
2122,2026-03-04 09:32:00,0.006103633318063704,-0.1258031563965871,0.006103633318063704,-0.1258031563965871
2123,2026-03-04 09:36:00,0.006103633318063704,-0.1196995230785234,0.006103633318063704,-0.1196995230785234
2124,2026-03-04 09:38:00,0.006103633318063704,-0.12580315639658723,-0.006103633318063847,-0.12580315639658723
2125,2026-03-04 09:53:00,0.006103633318063704,-0.11969952307852354,0.006103633318063704,-0.11969952307852354
2126,2026-03-04 10:10:00,0.006103633318063704,-0.12580315639658726,-0.006103633318063735,-0.12580315639658726
2127,2026-03-04 10:24:00,0.006103633318063704,-0.11969952307852356,0.006103633318063704,-0.11969952307852356
2128,2026-03-04 10:32:00,0.006103633318063704,-0.12158244992381001,-0.0018829268452864474,-0.12158244992381001
2129,2026-03-04 11:37:00,0.006103633318063704,-0.12768608324187375,-0.006103633318063735,-0.12768608324187375
2130,2026-03-04 13:07:00,0.006103633318063704,-0.1236905174379198,0.0039955658039539455,-0.1236905174379198
2131,2026-03-04 14:19:00,0.006103633318063704,-0.1175868841198561,0.006103633318063704,-0.1175868841198561
2132,2026-03-04 14:31:00,0.006103633318063704,-0.1114832508017924,0.006103633318063704,-0.1114832508017924
2133,2026-03-04 14:33:00,0.006103633318063704,-0.11758688411985614,-0.006103633318063735,-0.11758688411985614
2134,2026-03-04 14:36:00,0.006103633318063704,-0.11148325080179244,0.006103633318063704,-0.11148325080179244
2135,2026-03-04 14:39:00,0.006103633318063704,-0.11758688411985607,-0.006103633318063623,-0.11758688411985607
2136,2026-03-04 14:44:00,0.006103633318063704,-0.11148325080179237,0.006103633318063704,-0.11148325080179237
2137,2026-03-04 14:48:00,0.006103633318063704,-0.10537961748372868,0.006103633318063704,-0.10537961748372868
2138,2026-03-04 15:01:00,0.006103633318063704,-0.09927598416566498,0.006103633318063704,-0.09927598416566498
2139,2026-03-04 15:19:00,0.006103633318063704,-0.09317235084760128,0.006103633318063704,-0.09317235084760128
2140,2026-03-04 15:30:00,0.006103633318063704,-0.08706871752953758,0.006103633318063704,-0.08706871752953758
2141,2026-03-04 15:59:00,0.006103633318063704,-0.09317235084760132,-0.006103633318063735,-0.09317235084760132
2142,2026-03-04 16:05:00,0.006103633318063704,-0.09927598416566506,-0.006103633318063735,-0.09927598416566506
2143,2026-03-04 16:12:00,0.006103633318063704,-0.1053796174837288,-0.006103633318063735,-0.1053796174837288
2144,2026-03-04 16:22:00,0.006103633318063704,-0.0992759841656651,0.006103633318063704,-0.0992759841656651
2145,2026-03-04 16:28:00,0.006103633318063704,-0.0931723508476014,0.006103633318063704,-0.0931723508476014
2146,2026-03-04 17:14:00,0.006103633318063704,-0.09927598416566515,-0.006103633318063735,-0.09927598416566515
2147,2026-03-04 17:20:00,0.006103633318063704,-0.10537961748372877,-0.006103633318063623,-0.10537961748372877
2148,2026-03-04 17:24:00,0.006103633318063704,-0.09927598416566508,0.006103633318063704,-0.09927598416566508
2149,2026-03-04 17:34:00,0.006103633318063704,-0.09317235084760138,0.006103633318063704,-0.09317235084760138
2150,2026-03-04 18:21:00,0.006103633318063704,-0.08706871752953768,0.006103633318063704,-0.08706871752953768
2151,2026-03-04 19:20:00,0.006103633318063704,-0.09317235084760142,-0.006103633318063735,-0.09317235084760142
2152,2026-03-04 19:24:00,0.006103633318063704,-0.08706871752953772,0.006103633318063704,-0.08706871752953772
2153,2026-03-04 19:40:00,0.006103633318063704,-0.08096508421147403,0.006103633318063704,-0.08096508421147403
2154,2026-03-04 19:43:00,0.006103633318063704,-0.08706871752953776,-0.006103633318063735,-0.08706871752953776
2155,2026-03-04 20:00:00,0.006103633318063704,-0.09126249753494697,-0.004193780005409214,-0.09126249753494697
2156,2026-03-05 01:22:00,0.006103633318063704,-0.09736613085301071,-0.006103633318063735,-0.09736613085301071
2157,2026-03-05 01:40:00,0.006103633318063704,-0.09126249753494702,0.006103633318063704,-0.09126249753494702
2158,2026-03-05 02:10:00,0.006103633318063704,-0.09159518398104295,-0.00033268644609594025,-0.09159518398104295
2159,2026-03-05 07:53:00,0.006103633318063704,-0.08549155066297925,0.006103633318063704,-0.08549155066297925
2160,2026-03-05 09:12:00,0.006103633318063704,-0.07938791734491556,0.006103633318063704,-0.07938791734491556
2161,2026-03-05 09:37:00,0.006103633318063704,-0.0854915506629793,-0.006103633318063735,-0.0854915506629793
2162,2026-03-05 10:27:00,0.006103633318063704,-0.0793879173449156,0.006103633318063704,-0.0793879173449156
2163,2026-03-05 10:53:00,0.006103633318063704,-0.08549155066297934,-0.006103633318063735,-0.08549155066297934
2164,2026-03-05 13:26:00,0.006103633318063704,-0.09159518398104297,-0.006103633318063623,-0.09159518398104297
2165,2026-03-05 13:32:00,0.006103633318063704,-0.09137445779098431,0.0002207261900586499,-0.09137445779098431
2166,2026-03-05 14:34:00,0.006103633318063704,-0.09747809110904805,-0.006103633318063735,-0.09747809110904805
2167,2026-03-05 14:40:00,0.006103633318063704,-0.09137445779098435,0.006103633318063704,-0.09137445779098435
2168,2026-03-05 14:52:00,0.006103633318063704,-0.08527082447292066,0.006103633318063704,-0.08527082447292066
2169,2026-03-05 14:59:00,0.006103633318063704,-0.0913744577909844,-0.006103633318063735,-0.0913744577909844
2170,2026-03-05 15:05:00,0.006103633318063704,-0.09747809110904813,-0.006103633318063735,-0.09747809110904813
2171,2026-03-05 15:09:00,0.006103633318063704,-0.10358172442711187,-0.006103633318063735,-0.10358172442711187
2172,2026-03-05 15:23:00,0.006103633318063704,-0.10968535774517561,-0.006103633318063735,-0.10968535774517561
2173,2026-03-05 15:32:00,0.006103633318063704,-0.10358172442711192,0.006103633318063704,-0.10358172442711192
2174,2026-03-05 15:39:00,0.006103633318063704,-0.10968535774517565,-0.006103633318063735,-0.10968535774517565
2175,2026-03-05 15:48:00,0.006103633318063704,-0.1157889910632395,-0.006103633318063847,-0.1157889910632395
2176,2026-03-05 16:06:00,0.006103633318063704,-0.12189262438130324,-0.006103633318063735,-0.12189262438130324
2177,2026-03-05 16:10:00,0.006103633318063704,-0.11578899106323955,0.006103633318063704,-0.11578899106323955
2178,2026-03-05 16:26:00,0.006103633318063704,-0.10968535774517585,0.006103633318063704,-0.10968535774517585
2179,2026-03-05 16:40:00,0.006103633318063704,-0.11578899106323948,-0.006103633318063623,-0.11578899106323948
2180,2026-03-05 17:11:00,0.006103633318063704,-0.12189262438130322,-0.006103633318063735,-0.12189262438130322
2181,2026-03-05 17:32:00,0.006103633318063704,-0.11860482594320573,0.0032877984380974895,-0.11860482594320573
2182,2026-03-06 01:36:00,0.006103633318063704,-0.12470845926126958,-0.006103633318063847,-0.12470845926126958
2183,2026-03-06 02:22:00,0.006103633318063704,-0.12436915031722359,0.000339308944045991,-0.12436915031722359
2184,2026-03-06 12:10:00,0.006103633318063704,-0.1182655169991599,0.006103633318063704,-0.1182655169991599
2185,2026-03-06 13:35:00,0.006103633318063704,-0.12436915031722363,-0.006103633318063735,-0.12436915031722363
2186,2026-03-06 13:56:00,0.006103633318063704,-0.13047278363528736,-0.006103633318063735,-0.13047278363528736
2187,2026-03-06 14:01:00,0.006103633318063704,-0.1365764169533512,-0.006103633318063847,-0.1365764169533512
2188,2026-03-06 14:12:00,0.006103633318063704,-0.14268005027141484,-0.006103633318063623,-0.14268005027141484
2189,2026-03-06 14:37:00,0.006103633318063704,-0.13657641695335113,0.006103633318063704,-0.13657641695335113
2190,2026-03-06 14:41:00,0.006103633318063704,-0.14268005027141487,-0.006103633318063735,-0.14268005027141487
2191,2026-03-06 14:53:00,0.006103633318063704,-0.13657641695335115,0.006103633318063704,-0.13657641695335115
2192,2026-03-06 15:18:00,0.006103633318063704,-0.1426800502714149,-0.006103633318063735,-0.1426800502714149
2193,2026-03-06 15:52:00,0.006103633318063704,-0.13657641695335118,0.006103633318063704,-0.13657641695335118
2194,2026-03-06 16:05:00,0.006103633318063704,-0.14268005027141492,-0.006103633318063735,-0.14268005027141492
2195,2026-03-06 16:11:00,0.006103633318063704,-0.1365764169533512,0.006103633318063704,-0.1365764169533512
2196,2026-03-06 16:55:00,0.006103633318063704,-0.14268005027141495,-0.006103633318063735,-0.14268005027141495
2197,2026-03-06 18:02:00,0.006103633318063704,-0.13657641695335124,0.006103633318063704,-0.13657641695335124
2198,2026-03-08 02:51:00,0.006103633318063704,-0.13657641695335124,0.0,-0.13657641695335124
2199,2026-03-08 12:16:00,0.006103633318063704,-0.13047278363528753,0.006103633318063704,-0.13047278363528753
2200,2026-03-08 12:25:00,0.006103633318063704,-0.13657641695335138,-0.006103633318063847,-0.13657641695335138
2201,2026-03-08 14:11:00,0.006103633318063704,-0.13511602969124453,0.0014603872621068354,-0.13511602969124453
2202,2026-03-08 22:04:00,0.006103633318063704,-0.12901239637318082,0.006103633318063704,-0.12901239637318082
2203,2026-03-08 22:07:00,0.006103633318063704,-0.12290876305511712,0.006103633318063704,-0.12290876305511712
2204,2026-03-08 22:37:00,0.006103633318063704,-0.11680512973705343,0.006103633318063704,-0.11680512973705343
2205,2026-03-08 22:49:00,0.006103633318063704,-0.12290876305511717,-0.006103633318063735,-0.12290876305511717
2206,2026-03-09 00:12:00,0.006103633318063704,-0.1290123963731809,-0.006103633318063735,-0.1290123963731809
2207,2026-03-09 00:27:00,0.006103633318063704,-0.1229087630551172,0.006103633318063704,-0.1229087630551172
2208,2026-03-09 00:34:00,0.006103633318063704,-0.11680512973705351,0.006103633318063704,-0.11680512973705351
2209,2026-03-09 00:37:00,0.006103633318063704,-0.12290876305511725,-0.006103633318063735,-0.12290876305511725
2210,2026-03-09 00:54:00,0.006103633318063704,-0.11680512973705355,0.006103633318063704,-0.11680512973705355
2211,2026-03-09 01:26:00,0.006103633318063704,-0.1229087630551174,-0.006103633318063847,-0.1229087630551174
2212,2026-03-09 01:32:00,0.006103633318063704,-0.12901239637318124,-0.006103633318063847,-0.12901239637318124
2213,2026-03-09 02:14:00,0.006103633318063704,-0.12290876305511754,0.006103633318063704,-0.12290876305511754
2214,2026-03-09 02:37:00,0.006103633318063704,-0.11680512973705384,0.006103633318063704,-0.11680512973705384
2215,2026-03-09 03:03:00,0.006103633318063704,-0.11070149641899014,0.006103633318063704,-0.11070149641899014
2216,2026-03-09 03:10:00,0.006103633318063704,-0.10459786310092645,0.006103633318063704,-0.10459786310092645
2217,2026-03-09 03:20:00,0.006103633318063704,-0.11070149641899008,-0.006103633318063623,-0.11070149641899008
2218,2026-03-09 03:40:00,0.006103633318063704,-0.10459786310092638,0.006103633318063704,-0.10459786310092638
2219,2026-03-09 05:48:00,0.006103633318063704,-0.11070149641899012,-0.006103633318063735,-0.11070149641899012
2220,2026-03-09 09:36:00,0.006103633318063704,-0.11680512973705397,-0.006103633318063847,-0.11680512973705397
2221,2026-03-09 13:31:00,0.006103633318063704,-0.11070149641899027,0.006103633318063704,-0.11070149641899027
2222,2026-03-09 13:44:00,0.006103633318063704,-0.11680512973705401,-0.006103633318063735,-0.11680512973705401
2223,2026-03-09 13:56:00,0.006103633318063704,-0.12290876305511786,-0.006103633318063847,-0.12290876305511786
2224,2026-03-09 14:09:00,0.006103633318063704,-0.11680512973705416,0.006103633318063704,-0.11680512973705416
2225,2026-03-09 14:17:00,0.006103633318063704,-0.1229087630551179,-0.006103633318063735,-0.1229087630551179
2226,2026-03-09 14:22:00,0.006103633318063704,-0.12419961578379742,-0.001290852728679519,-0.12419961578379742
2227,2026-03-09 16:55:00,0.006103633318063704,-0.13030324910186125,-0.006103633318063847,-0.13030324910186125
2228,2026-03-09 17:44:00,0.006103633318063704,-0.12419961578379755,0.006103633318063704,-0.12419961578379755
2229,2026-03-09 17:55:00,0.006103633318063704,-0.13030324910186128,-0.006103633318063735,-0.13030324910186128
2230,2026-03-09 18:19:00,0.006103633318063704,-0.1250379236512503,0.005265325450610993,-0.1250379236512503
2231,2026-03-09 19:22:00,0.006103633318063704,-0.1189342903331866,0.006103633318063704,-0.1189342903331866
2232,2026-03-09 19:26:00,0.006103633318063704,-0.12503792365125022,-0.006103633318063623,-0.12503792365125022
2233,2026-03-09 19:41:00,0.006103633318063704,-0.13114155696931384,-0.006103633318063623,-0.13114155696931384
2234,2026-03-09 20:11:00,0.006103633318063704,-0.12503792365125013,0.006103633318063704,-0.12503792365125013
2235,2026-03-10 02:36:00,0.006103633318063704,-0.12608049542248873,-0.0010425717712385988,-0.12608049542248873
2236,2026-03-10 08:09:00,0.006103633318063704,-0.13218412874055246,-0.006103633318063735,-0.13218412874055246
2237,2026-03-10 13:38:00,0.006103633318063704,-0.12608049542248875,0.006103633318063704,-0.12608049542248875
2238,2026-03-10 13:48:00,0.006103633318063704,-0.1321841287405525,-0.006103633318063735,-0.1321841287405525
2239,2026-03-10 14:02:00,0.006103633318063704,-0.13828776205861623,-0.006103633318063735,-0.13828776205861623
2240,2026-03-10 14:09:00,0.006103633318063704,-0.14439139537667986,-0.006103633318063623,-0.14439139537667986
2241,2026-03-10 14:17:00,0.006103633318063704,-0.13828776205861615,0.006103633318063704,-0.13828776205861615
2242,2026-03-10 14:35:00,0.006103633318063704,-0.13218412874055244,0.006103633318063704,-0.13218412874055244
2243,2026-03-10 14:41:00,0.006103633318063704,-0.12608049542248873,0.006103633318063704,-0.12608049542248873
2244,2026-03-10 14:51:00,0.006103633318063704,-0.11997686210442503,0.006103633318063704,-0.11997686210442503
2245,2026-03-10 14:55:00,0.006103633318063704,-0.11387322878636133,0.006103633318063704,-0.11387322878636133
2246,2026-03-10 15:01:00,0.006103633318063704,-0.11997686210442496,-0.006103633318063623,-0.11997686210442496
2247,2026-03-10 15:07:00,0.006103633318063704,-0.11387322878636126,0.006103633318063704,-0.11387322878636126
2248,2026-03-10 15:59:00,0.006103633318063704,-0.119976862104425,-0.006103633318063735,-0.119976862104425
2249,2026-03-10 16:06:00,0.006103633318063704,-0.1138732287863613,0.006103633318063704,-0.1138732287863613
2250,2026-03-10 16:20:00,0.006103633318063704,-0.1077695954682976,0.006103633318063704,-0.1077695954682976
2251,2026-03-10 17:39:00,0.006103633318063704,-0.11387322878636146,-0.006103633318063847,-0.11387322878636146
2252,2026-03-10 18:15:00,0.006103633318063704,-0.1199768621044252,-0.006103633318063735,-0.1199768621044252
2253,2026-03-10 18:23:00,0.006103633318063704,-0.12608049542248892,-0.006103633318063735,-0.12608049542248892
2254,2026-03-10 18:46:00,0.006103633318063704,-0.127010187528964,-0.0009296921064750876,-0.127010187528964
2255,2026-03-10 19:47:00,0.006103633318063704,-0.12515166684067666,0.0018585206882873566,-0.12515166684067666
2256,2026-03-11 13:19:00,0.006103633318063704,-0.11904803352261296,0.006103633318063704,-0.11904803352261296
2257,2026-03-11 13:33:00,0.006103633318063704,-0.1251516668406767,-0.006103633318063735,-0.1251516668406767
2258,2026-03-11 13:45:00,0.006103633318063704,-0.13125530015874043,-0.006103633318063735,-0.13125530015874043
2259,2026-03-11 13:52:00,0.006103633318063704,-0.12515166684067672,0.006103633318063704,-0.12515166684067672
2260,2026-03-11 14:01:00,0.006103633318063704,-0.11904803352261302,0.006103633318063704,-0.11904803352261302
2261,2026-03-11 14:03:00,0.006103633318063704,-0.11294440020454932,0.006103633318063704,-0.11294440020454932
2262,2026-03-11 14:30:00,0.006103633318063704,-0.10684076688648562,0.006103633318063704,-0.10684076688648562
2263,2026-03-11 14:39:00,0.006103633318063704,-0.11294440020454936,-0.006103633318063735,-0.11294440020454936
2264,2026-03-11 15:03:00,0.006103633318063704,-0.11904803352261299,-0.006103633318063623,-0.11904803352261299
2265,2026-03-11 15:13:00,0.006103633318063704,-0.12515166684067672,-0.006103633318063735,-0.12515166684067672
2266,2026-03-11 15:31:00,0.006103633318063704,-0.11904803352261302,0.006103633318063704,-0.11904803352261302
2267,2026-03-11 15:52:00,0.006103633318063704,-0.11294440020454932,0.006103633318063704,-0.11294440020454932
2268,2026-03-11 16:11:00,0.006103633318063704,-0.10684076688648562,0.006103633318063704,-0.10684076688648562
2269,2026-03-11 16:40:00,0.006103633318063704,-0.10073713356842193,0.006103633318063704,-0.10073713356842193
2270,2026-03-11 17:04:00,0.006103633318063704,-0.09463350025035823,0.006103633318063704,-0.09463350025035823
2271,2026-03-11 17:27:00,0.006103633318063704,-0.10073713356842197,-0.006103633318063735,-0.10073713356842197
2272,2026-03-11 17:38:00,0.006103633318063704,-0.09463350025035827,0.006103633318063704,-0.09463350025035827
2273,2026-03-11 17:42:00,0.006103633318063704,-0.08852986693229457,0.006103633318063704,-0.08852986693229457
2274,2026-03-11 18:07:00,0.006103633318063704,-0.09463350025035831,-0.006103633318063735,-0.09463350025035831
2275,2026-03-11 18:44:00,0.006103633318063704,-0.08852986693229462,0.006103633318063704,-0.08852986693229462
2276,2026-03-11 18:52:00,0.006103633318063704,-0.09463350025035835,-0.006103633318063735,-0.09463350025035835
2277,2026-03-12 09:47:00,0.006103633318063704,-0.08852986693229466,0.006103633318063704,-0.08852986693229466
2278,2026-03-12 13:37:00,0.006103633318063704,-0.09463350025035851,-0.006103633318063847,-0.09463350025035851
2279,2026-03-12 13:46:00,0.006103633318063704,-0.08852986693229481,0.006103633318063704,-0.08852986693229481
2280,2026-03-12 14:03:00,0.006103633318063704,-0.09463350025035855,-0.006103633318063735,-0.09463350025035855
2281,2026-03-12 14:22:00,0.006103633318063704,-0.10073713356842218,-0.006103633318063623,-0.10073713356842218
2282,2026-03-12 14:32:00,0.006103633318063704,-0.10684076688648592,-0.006103633318063735,-0.10684076688648592
2283,2026-03-12 14:39:00,0.006103633318063704,-0.11294440020454977,-0.006103633318063847,-0.11294440020454977
2284,2026-03-12 15:21:00,0.006103633318063704,-0.10684076688648607,0.006103633318063704,-0.10684076688648607
2285,2026-03-12 15:27:00,0.006103633318063704,-0.10073713356842237,0.006103633318063704,-0.10073713356842237
2286,2026-03-12 15:40:00,0.006103633318063704,-0.10684076688648611,-0.006103633318063735,-0.10684076688648611
2287,2026-03-12 16:08:00,0.006103633318063704,-0.10073713356842241,0.006103633318063704,-0.10073713356842241
2288,2026-03-12 16:17:00,0.006103633318063704,-0.09463350025035872,0.006103633318063704,-0.09463350025035872
2289,2026-03-12 16:23:00,0.006103633318063704,-0.10073713356842234,-0.006103633318063623,-0.10073713356842234
2290,2026-03-12 16:30:00,0.006103633318063704,-0.09463350025035865,0.006103633318063704,-0.09463350025035865
2291,2026-03-12 16:40:00,0.006103633318063704,-0.10073713356842239,-0.006103633318063735,-0.10073713356842239
2292,2026-03-13 00:16:00,0.006103633318063704,-0.09463350025035869,0.006103633318063704,-0.09463350025035869
2293,2026-03-13 00:23:00,0.006103633318063704,-0.08852986693229499,0.006103633318063704,-0.08852986693229499
2294,2026-03-13 00:31:00,0.006103633318063704,-0.09463350025035884,-0.006103633318063847,-0.09463350025035884
2295,2026-03-13 00:42:00,0.006103633318063704,-0.10073713356842258,-0.006103633318063735,-0.10073713356842258
2296,2026-03-13 00:59:00,0.006103633318063704,-0.09463350025035888,0.006103633318063704,-0.09463350025035888
2297,2026-03-13 01:29:00,0.006103633318063704,-0.09940677900301643,-0.004773278752657548,-0.09940677900301643
2298,2026-03-13 08:38:00,0.006103633318063704,-0.10551041232108017,-0.006103633318063735,-0.10551041232108017
2299,2026-03-13 12:47:00,0.006103633318063704,-0.09940677900301648,0.006103633318063704,-0.09940677900301648
2300,2026-03-13 12:50:00,0.006103633318063704,-0.09330314568495278,0.006103633318063704,-0.09330314568495278
2301,2026-03-13 13:18:00,0.006103633318063704,-0.09940677900301652,-0.006103633318063735,-0.09940677900301652
2302,2026-03-13 13:22:00,0.006103633318063704,-0.09330314568495282,0.006103633318063704,-0.09330314568495282
2303,2026-03-13 13:32:00,0.006103633318063704,-0.09940677900301656,-0.006103633318063735,-0.09940677900301656
2304,2026-03-13 13:36:00,0.006103633318063704,-0.09330314568495286,0.006103633318063704,-0.09330314568495286
2305,2026-03-13 13:43:00,0.006103633318063704,-0.08719951236688916,0.006103633318063704,-0.08719951236688916
2306,2026-03-13 14:01:00,0.006103633318063704,-0.08109587904882547,0.006103633318063704,-0.08109587904882547
2307,2026-03-13 14:26:00,0.006103633318063704,-0.0871995123668892,-0.006103633318063735,-0.0871995123668892
2308,2026-03-13 14:36:00,0.006103633318063704,-0.09330314568495295,-0.006103633318063735,-0.09330314568495295
2309,2026-03-13 14:46:00,0.006103633318063704,-0.09940677900301668,-0.006103633318063735,-0.09940677900301668
2310,2026-03-13 15:03:00,0.006103633318063704,-0.09330314568495299,0.006103633318063704,-0.09330314568495299
2311,2026-03-13 15:16:00,0.006103633318063704,-0.09940677900301684,-0.006103633318063847,-0.09940677900301684
2312,2026-03-13 15:30:00,0.006103633318063704,-0.10551041232108047,-0.006103633318063623,-0.10551041232108047
2313,2026-03-13 15:43:00,0.006103633318063704,-0.1116140456391442,-0.006103633318063735,-0.1116140456391442
2314,2026-03-13 16:27:00,0.006103633318063704,-0.10551041232108051,0.006103633318063704,-0.10551041232108051
2315,2026-03-13 16:54:00,0.006103633318063704,-0.11161404563914414,-0.006103633318063623,-0.11161404563914414
2316,2026-03-13 17:48:00,0.006103633318063704,-0.11217726728174336,-0.000563221642599225,-0.11217726728174336
2317,2026-03-15 21:34:00,0.006103633318063704,-0.10607363396367966,0.006103633318063704,-0.10607363396367966
2318,2026-03-15 21:38:00,0.006103633318063704,-0.09997000064561597,0.006103633318063704,-0.09997000064561597
2319,2026-03-15 22:04:00,0.006103633318063704,-0.1060736339636797,-0.006103633318063735,-0.1060736339636797
2320,2026-03-15 22:09:00,0.006103633318063704,-0.09997000064561601,0.006103633318063704,-0.09997000064561601
2321,2026-03-15 22:32:00,0.006103633318063704,-0.09386636732755231,0.006103633318063704,-0.09386636732755231
2322,2026-03-15 22:42:00,0.006103633318063704,-0.08776273400948861,0.006103633318063704,-0.08776273400948861
2323,2026-03-15 22:53:00,0.006103633318063704,-0.08165910069142492,0.006103633318063704,-0.08165910069142492
2324,2026-03-15 23:07:00,0.006103633318063704,-0.08776273400948877,-0.006103633318063847,-0.08776273400948877
2325,2026-03-15 23:19:00,0.006103633318063704,-0.09386636732755262,-0.006103633318063847,-0.09386636732755262
2326,2026-03-15 23:30:00,0.006103633318063704,-0.08776273400948892,0.006103633318063704,-0.08776273400948892
2327,2026-03-16 00:01:00,0.006103633318063704,-0.09386636732755277,-0.006103633318063847,-0.09386636732755277
2328,2026-03-16 00:21:00,0.006103633318063704,-0.09997000064561662,-0.006103633318063847,-0.09997000064561662
2329,2026-03-16 03:31:00,0.006103633318063704,-0.09386636732755292,0.006103633318063704,-0.09386636732755292
2330,2026-03-16 03:34:00,0.006103633318063704,-0.09997000064561666,-0.006103633318063735,-0.09997000064561666
2331,2026-03-16 03:44:00,0.006103633318063704,-0.10179472073545064,-0.0018247200898339764,-0.10179472073545064
2332,2026-03-16 04:56:00,0.006103633318063704,-0.09569108741738694,0.006103633318063704,-0.09569108741738694
2333,2026-03-16 05:25:00,0.006103633318063704,-0.10179472073545068,-0.006103633318063735,-0.10179472073545068
2334,2026-03-16 13:33:00,0.006103633318063704,-0.10789835405351442,-0.006103633318063735,-0.10789835405351442
2335,2026-03-16 13:44:00,0.006103633318063704,-0.10179472073545072,0.006103633318063704,-0.10179472073545072
2336,2026-03-16 13:48:00,0.006103633318063704,-0.10789835405351446,-0.006103633318063735,-0.10789835405351446
2337,2026-03-16 13:55:00,0.006103633318063704,-0.10179472073545076,0.006103633318063704,-0.10179472073545076
2338,2026-03-16 14:03:00,0.006103633318063704,-0.1078983540535145,-0.006103633318063735,-0.1078983540535145
2339,2026-03-16 14:30:00,0.006103633318063704,-0.1017947207354508,0.006103633318063704,-0.1017947207354508
2340,2026-03-16 14:55:00,0.006103633318063704,-0.0956910874173871,0.006103633318063704,-0.0956910874173871
2341,2026-03-16 15:15:00,0.006103633318063704,-0.08958745409932341,0.006103633318063704,-0.08958745409932341
2342,2026-03-16 15:31:00,0.006103633318063704,-0.09569108741738715,-0.006103633318063735,-0.09569108741738715
2343,2026-03-16 15:51:00,0.006103633318063704,-0.09088312901290972,0.00480795840447742,-0.09088312901290972
2344,2026-03-16 19:10:00,0.006103633318063704,-0.08783546757141159,0.0030476614414981303,-0.08783546757141159
2345,2026-03-16 21:37:00,0.006103633318063704,-0.08173183425334789,0.006103633318063704,-0.08173183425334789
2346,2026-03-16 22:06:00,0.006103633318063704,-0.08783546757141163,-0.006103633318063735,-0.08783546757141163
2347,2026-03-16 22:22:00,0.006103633318063704,-0.09393910088947537,-0.006103633318063735,-0.09393910088947537
2348,2026-03-16 23:12:00,0.006103633318063704,-0.08783546757141167,0.006103633318063704,-0.08783546757141167
2349,2026-03-17 00:13:00,0.006103633318063704,-0.09393910088947541,-0.006103633318063735,-0.09393910088947541
2350,2026-03-17 00:18:00,0.006103633318063704,-0.10004273420753926,-0.006103633318063847,-0.10004273420753926
2351,2026-03-17 00:26:00,0.006103633318063704,-0.106146367525603,-0.006103633318063735,-0.106146367525603
2352,2026-03-17 01:05:00,0.006103633318063704,-0.1000427342075393,0.006103633318063704,-0.1000427342075393
2353,2026-03-17 01:11:00,0.006103633318063704,-0.10614636752560304,-0.006103633318063735,-0.10614636752560304
2354,2026-03-17 13:33:00,0.006103633318063704,-0.11225000084366678,-0.006103633318063735,-0.11225000084366678
2355,2026-03-17 14:09:00,0.006103633318063704,-0.10614636752560308,0.006103633318063704,-0.10614636752560308
2356,2026-03-17 15:02:00,0.006103633318063704,-0.11225000084366671,-0.006103633318063623,-0.11225000084366671
2357,2026-03-17 15:09:00,0.006103633318063704,-0.11835363416173045,-0.006103633318063735,-0.11835363416173045
2358,2026-03-17 15:26:00,0.006103633318063704,-0.12445726747979419,-0.006103633318063735,-0.12445726747979419
2359,2026-03-17 15:37:00,0.006103633318063704,-0.11835363416173049,0.006103633318063704,-0.11835363416173049
2360,2026-03-18 11:31:00,0.006103633318063704,-0.12445726747979434,-0.006103633318063847,-0.12445726747979434
2361,2026-03-18 11:38:00,0.006103633318063704,-0.13056090079785806,-0.006103633318063735,-0.13056090079785806
2362,2026-03-18 12:32:00,0.006103633318063704,-0.1366645341159218,-0.006103633318063735,-0.1366645341159218
2363,2026-03-18 13:04:00,0.006103633318063704,-0.14276816743398554,-0.006103633318063735,-0.14276816743398554
2364,2026-03-18 14:14:00,0.006103633318063704,-0.14887180075204917,-0.006103633318063623,-0.14887180075204917
2365,2026-03-18 15:11:00,0.006103633318063704,-0.15022163222809465,-0.001349831476045488,-0.15022163222809465
2366,2026-03-18 17:39:00,0.006103633318063704,-0.1525506966647326,-0.0023290644366379372,-0.1525506966647326
2367,2026-03-18 18:58:00,0.006103633318063704,-0.14644706334666888,0.006103633318063704,-0.14644706334666888
2368,2026-03-19 03:28:00,0.006103633318063704,-0.15255069666473262,-0.006103633318063735,-0.15255069666473262
2369,2026-03-19 07:24:00,0.006103633318063704,-0.1464470633466689,0.006103633318063704,-0.1464470633466689
2370,2026-03-19 09:28:00,0.006103633318063704,-0.1403434300286052,0.006103633318063704,-0.1403434300286052
2371,2026-03-19 13:03:00,0.006103633318063704,-0.14644706334666893,-0.006103633318063735,-0.14644706334666893
2372,2026-03-19 13:43:00,0.006103633318063704,-0.15255069666473267,-0.006103633318063735,-0.15255069666473267
2373,2026-03-19 14:16:00,0.006103633318063704,-0.1586543299827964,-0.006103633318063735,-0.1586543299827964
2374,2026-03-19 14:38:00,0.006103633318063704,-0.1525506966647327,0.006103633318063704,-0.1525506966647327
2375,2026-03-19 14:52:00,0.006103633318063704,-0.15865432998279633,-0.006103633318063623,-0.15865432998279633
2376,2026-03-19 15:24:00,0.006103633318063704,-0.16475796330086007,-0.006103633318063735,-0.16475796330086007
2377,2026-03-19 15:46:00,0.006103633318063704,-0.1604131131088363,0.004344850192023769,-0.1604131131088363
2378,2026-03-19 17:24:00,0.006103633318063704,-0.16086843468756218,-0.0004553215787258931,-0.16086843468756218
2379,2026-03-19 19:11:00,0.006103633318063704,-0.16697206800562592,-0.006103633318063735,-0.16697206800562592
2380,2026-03-19 19:40:00,0.006103633318063704,-0.16584847238179942,0.0011235956238264877,-0.16584847238179942
2381,2026-03-20 08:10:00,0.006103633318063704,-0.17195210569986316,-0.006103633318063735,-0.17195210569986316
2382,2026-03-20 13:44:00,0.006103633318063704,-0.1780557390179269,-0.006103633318063735,-0.1780557390179269
2383,2026-03-20 14:12:00,0.006103633318063704,-0.1719521056998632,0.006103633318063704,-0.1719521056998632
2384,2026-03-20 14:28:00,0.006103633318063704,-0.16584847238179948,0.006103633318063704,-0.16584847238179948
2385,2026-03-20 14:33:00,0.006103633318063704,-0.17195210569986322,-0.006103633318063735,-0.17195210569986322
2386,2026-03-20 14:55:00,0.006103633318063704,-0.17805573901792696,-0.006103633318063735,-0.17805573901792696
2387,2026-03-20 15:10:00,0.006103633318063704,-0.17195210569986324,0.006103633318063704,-0.17195210569986324
2388,2026-03-20 15:33:00,0.006103633318063704,-0.17363645846459339,-0.0016843527647301538,-0.17363645846459339
2389,2026-03-21 23:51:00,0.006103633318063704,-0.179740091782657,-0.006103633318063623,-0.179740091782657
2390,2026-03-21 23:53:00,0.006103633318063704,-0.18584372510072075,-0.006103633318063735,-0.18584372510072075
2391,2026-03-21 23:56:00,0.006103633318063704,-0.1919473584187846,-0.006103633318063847,-0.1919473584187846
2392,2026-03-22 00:02:00,0.006103633318063704,-0.1858437251007209,0.006103633318063704,-0.1858437251007209
2393,2026-03-22 00:09:00,0.006103633318063704,-0.19194735841878452,-0.006103633318063623,-0.19194735841878452
2394,2026-03-22 00:16:00,0.006103633318063704,-0.1858437251007208,0.006103633318063704,-0.1858437251007208
2395,2026-03-22 00:33:00,0.006103633318063704,-0.1867592664784744,-0.0009155413777535899,-0.1867592664784744
2396,2026-03-22 02:31:00,0.006103633318063704,-0.1806556331604107,0.006103633318063704,-0.1806556331604107
2397,2026-03-22 03:37:00,0.006103633318063704,-0.17761799792822763,0.003037635232183074,-0.17761799792822763
2398,2026-03-22 21:06:00,0.006103633318063704,-0.18372163124629137,-0.006103633318063735,-0.18372163124629137
2399,2026-03-22 21:20:00,0.006103633318063704,-0.17761799792822766,0.006103633318063704,-0.17761799792822766
2400,2026-03-22 21:28:00,0.006103633318063704,-0.17151436461016395,0.006103633318063704,-0.17151436461016395
2401,2026-03-22 22:10:00,0.006103633318063704,-0.17761799792822758,-0.006103633318063623,-0.17761799792822758
2402,2026-03-22 22:16:00,0.006103633318063704,-0.17151436461016387,0.006103633318063704,-0.17151436461016387
2403,2026-03-22 22:25:00,0.006103633318063704,-0.16541073129210015,0.006103633318063704,-0.16541073129210015
2404,2026-03-23 00:51:00,0.006103633318063704,-0.16657230651853536,-0.0011615752264352006,-0.16657230651853536
2405,2026-03-23 06:46:00,0.006103633318063704,-0.1726759398365991,-0.006103633318063735,-0.1726759398365991
2406,2026-03-23 07:39:00,0.006103633318063704,-0.1698862135126256,0.002789726323973509,-0.1698862135126256
2407,2026-03-23 11:06:00,0.006103633318063704,-0.17598984683068933,-0.006103633318063735,-0.17598984683068933
2408,2026-03-23 11:08:00,0.006103633318063704,-0.16988621351262562,0.006103633318063704,-0.16988621351262562
2409,2026-03-23 11:10:00,0.006103633318063704,-0.1637825801945619,0.006103633318063704,-0.1637825801945619
2410,2026-03-23 11:12:00,0.006103633318063704,-0.1576789468764982,0.006103633318063704,-0.1576789468764982
2411,2026-03-23 11:14:00,0.006103633318063704,-0.15157531355843448,0.006103633318063704,-0.15157531355843448
2412,2026-03-23 11:16:00,0.006103633318063704,-0.15767894687649822,-0.006103633318063735,-0.15767894687649822
2413,2026-03-23 11:20:00,0.006103633318063704,-0.16378258019456196,-0.006103633318063735,-0.16378258019456196
2414,2026-03-23 11:24:00,0.006103633318063704,-0.15767894687649825,0.006103633318063704,-0.15767894687649825
2415,2026-03-23 11:27:00,0.006103633318063704,-0.163782580194562,-0.006103633318063735,-0.163782580194562
2416,2026-03-23 11:39:00,0.006103633318063704,-0.16988621351262573,-0.006103633318063735,-0.16988621351262573
2417,2026-03-23 11:48:00,0.006103633318063704,-0.17598984683068947,-0.006103633318063735,-0.17598984683068947
2418,2026-03-23 11:57:00,0.006103633318063704,-0.1820934801487532,-0.006103633318063735,-0.1820934801487532
2419,2026-03-23 12:04:00,0.006103633318063704,-0.1759898468306895,0.006103633318063704,-0.1759898468306895
2420,2026-03-23 12:18:00,0.006103633318063704,-0.16988621351262578,0.006103633318063704,-0.16988621351262578
2421,2026-03-23 12:36:00,0.006103633318063704,-0.16555840339529923,0.0043278101173265604,-0.16555840339529923
2422,2026-03-23 13:38:00,0.006103633318063704,-0.15945477007723552,0.006103633318063704,-0.15945477007723552
2423,2026-03-23 13:44:00,0.006103633318063704,-0.1533511367591718,0.006103633318063704,-0.1533511367591718
2424,2026-03-23 13:52:00,0.006103633318063704,-0.1551041776376134,-0.0017530408784415764,-0.1551041776376134
2425,2026-03-23 15:03:00,0.006103633318063704,-0.16120781095567713,-0.006103633318063735,-0.16120781095567713
2426,2026-03-23 15:21:00,0.006103633318063704,-0.16731144427374087,-0.006103633318063735,-0.16731144427374087
2427,2026-03-23 15:35:00,0.006103633318063704,-0.1734150775918045,-0.006103633318063623,-0.1734150775918045
2428,2026-03-23 15:53:00,0.006103633318063704,-0.17951871090986823,-0.006103633318063735,-0.17951871090986823
2429,2026-03-23 16:34:00,0.006103633318063704,-0.17341507759180452,0.006103633318063704,-0.17341507759180452
2430,2026-03-23 16:49:00,0.006103633318063704,-0.17951871090986826,-0.006103633318063735,-0.17951871090986826
2431,2026-03-23 17:35:00,0.006103633318063704,-0.17341507759180455,0.006103633318063704,-0.17341507759180455
2432,2026-03-23 17:56:00,0.006103633318063704,-0.17133527825418626,0.0020797993376182877,-0.17133527825418626
2433,2026-03-24 13:41:00,0.006103633318063704,-0.17743891157225,-0.006103633318063735,-0.17743891157225
2434,2026-03-24 13:53:00,0.006103633318063704,-0.18354254489031363,-0.006103633318063623,-0.18354254489031363
2435,2026-03-24 14:26:00,0.006103633318063704,-0.18964617820837737,-0.006103633318063735,-0.18964617820837737
2436,2026-03-24 14:51:00,0.006103633318063704,-0.18354254489031366,0.006103633318063704,-0.18354254489031366
2437,2026-03-24 15:04:00,0.006103633318063704,-0.17743891157224995,0.006103633318063704,-0.17743891157224995
2438,2026-03-24 15:23:00,0.006103633318063704,-0.1835425448903138,-0.006103633318063847,-0.1835425448903138
2439,2026-03-24 15:34:00,0.006103633318063704,-0.18510434797440206,-0.0015618030840882746,-0.18510434797440206
2440,2026-03-24 20:27:00,0.006103633318063704,-0.18410251118999094,0.0010018367844111197,-0.18410251118999094
2441,2026-03-25 16:27:00,0.006103633318063704,-0.1902061445080548,-0.006103633318063847,-0.1902061445080548
2442,2026-03-26 09:33:00,0.006103633318063704,-0.1871363905199217,0.0030697539881330864,-0.1871363905199217
2443,2026-03-26 13:46:00,0.006103633318063704,-0.19135797246417324,-0.0042215819442515306,-0.19135797246417324
2444,2026-03-26 20:12:00,0.006103633318063704,-0.1911268387522924,0.00023113371188085964,-0.1911268387522924
2445,2026-03-27 08:37:00,0.006103633318063704,-0.18502320543422868,0.006103633318063704,-0.18502320543422868
2446,2026-03-27 08:52:00,0.006103633318063704,-0.19112683875229253,-0.006103633318063847,-0.19112683875229253
2447,2026-03-27 10:38:00,0.006103633318063704,-0.18502320543422882,0.006103633318063704,-0.18502320543422882
2448,2026-03-27 10:43:00,0.006103633318063704,-0.19112683875229244,-0.006103633318063623,-0.19112683875229244
2449,2026-03-27 10:55:00,0.006103633318063704,-0.18502320543422873,0.006103633318063704,-0.18502320543422873
2450,2026-03-27 13:38:00,0.006103633318063704,-0.19112683875229258,-0.006103633318063847,-0.19112683875229258
2451,2026-03-27 15:24:00,0.006103633318063704,-0.18502320543422887,0.006103633318063704,-0.18502320543422887
2452,2026-03-27 15:32:00,0.006103633318063704,-0.1911268387522926,-0.006103633318063735,-0.1911268387522926
2453,2026-03-28 13:41:00,0.006103633318063704,-0.19723047207035624,-0.006103633318063623,-0.19723047207035624
2454,2026-03-28 13:47:00,0.006103633318063704,-0.20333410538841998,-0.006103633318063735,-0.20333410538841998
2455,2026-03-28 15:21:00,0.006103633318063704,-0.20655356801539299,-0.0032194626269730214,-0.20655356801539299
2456,2026-03-29 22:42:00,0.006103633318063704,-0.21265720133345672,-0.006103633318063735,-0.21265720133345672
2457,2026-03-29 22:46:00,0.006103633318063704,-0.21876083465152057,-0.006103633318063847,-0.21876083465152057
2458,2026-03-29 22:50:00,0.006103633318063704,-0.21265720133345686,0.006103633318063704,-0.21265720133345686
2459,2026-03-29 22:53:00,0.006103633318063704,-0.20655356801539315,0.006103633318063704,-0.20655356801539315
2460,2026-03-29 22:56:00,0.006103633318063704,-0.20044993469732944,0.006103633318063704,-0.20044993469732944
2461,2026-03-29 23:01:00,0.006103633318063704,-0.19909617164521565,0.0013537630521137944,-0.19909617164521565
2462,2026-03-30 00:20:00,0.006103633318063704,-0.2051998049632794,-0.006103633318063735,-0.2051998049632794
2463,2026-03-30 00:26:00,0.006103633318063704,-0.21130343828134301,-0.006103633318063623,-0.21130343828134301
2464,2026-03-30 00:36:00,0.006103633318063704,-0.21740707159940675,-0.006103633318063735,-0.21740707159940675
2465,2026-03-30 00:52:00,0.006103633318063704,-0.21130343828134304,0.006103633318063704,-0.21130343828134304
2466,2026-03-30 01:02:00,0.006103633318063704,-0.20519980496327933,0.006103633318063704,-0.20519980496327933
2467,2026-03-30 02:46:00,0.006103633318063704,-0.21130343828134307,-0.006103633318063735,-0.21130343828134307
2468,2026-03-30 14:59:00,0.006103633318063704,-0.21740707159940692,-0.006103633318063847,-0.21740707159940692
2469,2026-03-31 00:46:00,0.006103633318063704,-0.2113034382813432,0.006103633318063704,-0.2113034382813432
2470,2026-03-31 01:27:00,0.006103633318063704,-0.2051998049632795,0.006103633318063704,-0.2051998049632795
2471,2026-03-31 01:33:00,0.006103633318063704,-0.21130343828134324,-0.006103633318063735,-0.21130343828134324
2472,2026-03-31 01:43:00,0.006103633318063704,-0.21034867033675309,0.0009547679445901652,-0.21034867033675309
2473,2026-03-31 09:54:00,0.006103633318063704,-0.21645230365481682,-0.006103633318063735,-0.21645230365481682
2474,2026-03-31 09:57:00,0.006103633318063704,-0.2103486703367531,0.006103633318063704,-0.2103486703367531
2475,2026-03-31 10:17:00,0.006103633318063704,-0.21645230365481685,-0.006103633318063735,-0.21645230365481685
2476,2026-03-31 13:47:00,0.006103633318063704,-0.21034867033675314,0.006103633318063704,-0.21034867033675314
2477,2026-03-31 14:03:00,0.006103633318063704,-0.20424503701868943,0.006103633318063704,-0.20424503701868943
2478,2026-03-31 14:19:00,0.006103633318063704,-0.21034867033675317,-0.006103633318063735,-0.21034867033675317
2479,2026-03-31 14:36:00,0.006103633318063704,-0.2164523036548169,-0.006103633318063735,-0.2164523036548169
2480,2026-03-31 14:49:00,0.006103633318063704,-0.22255593697288054,-0.006103633318063623,-0.22255593697288054
2481,2026-03-31 14:52:00,0.006103633318063704,-0.21645230365481682,0.006103633318063704,-0.21645230365481682
2482,2026-03-31 15:07:00,0.006103633318063704,-0.2103486703367531,0.006103633318063704,-0.2103486703367531
2483,2026-03-31 15:15:00,0.006103633318063704,-0.21645230365481685,-0.006103633318063735,-0.21645230365481685
2484,2026-03-31 15:30:00,0.006103633318063704,-0.21398468981786073,0.00246761383695612,-0.21398468981786073
2485,2026-03-31 16:40:00,0.006103633318063704,-0.20788105649979702,0.006103633318063704,-0.20788105649979702
2486,2026-03-31 16:42:00,0.006103633318063704,-0.21398468981786087,-0.006103633318063847,-0.21398468981786087
2487,2026-03-31 16:47:00,0.006103633318063704,-0.20788105649979716,0.006103633318063704,-0.20788105649979716
2488,2026-03-31 17:04:00,0.006103633318063704,-0.20177742318173345,0.006103633318063704,-0.20177742318173345
2489,2026-03-31 17:15:00,0.006103633318063704,-0.20788105649979707,-0.006103633318063623,-0.20788105649979707
2490,2026-03-31 17:37:00,0.006103633318063704,-0.20534160293120868,0.0025394535685884004,-0.20534160293120868
2491,2026-04-01 12:46:00,0.006103633318063704,-0.21144523624927242,-0.006103633318063735,-0.21144523624927242
2492,2026-04-01 13:43:00,0.006103633318063704,-0.2053416029312087,0.006103633318063704,-0.2053416029312087
2493,2026-04-01 15:29:00,0.006103633318063704,-0.21144523624927244,-0.006103633318063735,-0.21144523624927244
2494,2026-04-01 16:24:00,0.006103633318063704,-0.20534160293120873,0.006103633318063704,-0.20534160293120873
2495,2026-04-01 16:29:00,0.006103633318063704,-0.19923796961314502,0.006103633318063704,-0.19923796961314502
2496,2026-04-01 16:37:00,0.006103633318063704,-0.1931343362950813,0.006103633318063704,-0.1931343362950813
2497,2026-04-01 17:01:00,0.006103633318063704,-0.1870307029770176,0.006103633318063704,-0.1870307029770176
2498,2026-04-01 17:04:00,0.006103633318063704,-0.19313433629508134,-0.006103633318063735,-0.19313433629508134
2499,2026-04-01 17:10:00,0.006103633318063704,-0.19923796961314508,-0.006103633318063735,-0.19923796961314508
2500,2026-04-01 17:22:00,0.006103633318063704,-0.2053416029312087,-0.006103633318063623,-0.2053416029312087
2501,2026-04-01 17:26:00,0.006103633318063704,-0.21144523624927244,-0.006103633318063735,-0.21144523624927244
2502,2026-04-01 18:03:00,0.006103633318063704,-0.2149040028913785,-0.003458766642106076,-0.2149040028913785
2503,2026-04-01 20:09:00,0.006103633318063704,-0.22100763620944214,-0.006103633318063623,-0.22100763620944214
2504,2026-04-01 21:39:00,0.006103633318063704,-0.22711126952750588,-0.006103633318063735,-0.22711126952750588
2505,2026-04-01 21:52:00,0.006103633318063704,-0.23321490284556962,-0.006103633318063735,-0.23321490284556962
2506,2026-04-01 22:21:00,0.006103633318063704,-0.23050253525985662,0.0027123675857129957,-0.23050253525985662
2507,2026-04-02 01:06:00,0.006103633318063704,-0.2243989019417929,0.006103633318063704,-0.2243989019417929
2508,2026-04-02 01:09:00,0.006103633318063704,-0.23050253525985653,-0.006103633318063623,-0.23050253525985653
2509,2026-04-02 01:16:00,0.006103633318063704,-0.23660616857792027,-0.006103633318063735,-0.23660616857792027
2510,2026-04-02 01:19:00,0.006103633318063704,-0.24270980189598412,-0.006103633318063847,-0.24270980189598412
2511,2026-04-02 01:27:00,0.006103633318063704,-0.24881343521404775,-0.006103633318063623,-0.24881343521404775
2512,2026-04-02 01:33:00,0.006103633318063704,-0.2549170685321114,-0.006103633318063623,-0.2549170685321114
2513,2026-04-02 02:05:00,0.006103633318063704,-0.2610207018501751,-0.006103633318063735,-0.2610207018501751
2514,2026-04-02 02:22:00,0.006103633318063704,-0.2575949546693824,0.0034257471807926662,-0.2575949546693824
2515,2026-04-02 03:44:00,0.006103633318063704,-0.25683449835897093,0.0007604563104115124,-0.25683449835897093
2516,2026-04-02 13:16:00,0.006103633318063704,-0.26293813167703467,-0.006103633318063735,-0.26293813167703467
2517,2026-04-02 13:36:00,0.006103633318063704,-0.256834498358971,0.006103633318063704,-0.256834498358971
2518,2026-04-02 13:50:00,0.006103633318063704,-0.2507308650409073,0.006103633318063704,-0.2507308650409073
2519,2026-04-02 13:59:00,0.006103633318063704,-0.2446272317228436,0.006103633318063704,-0.2446272317228436
2520,2026-04-02 14:23:00,0.006103633318063704,-0.23852359840477988,0.006103633318063704,-0.23852359840477988
2521,2026-04-02 14:34:00,0.006103633318063704,-0.23241996508671617,0.006103633318063704,-0.23241996508671617
2522,2026-04-02 14:37:00,0.006103633318063704,-0.2385235984047799,-0.006103633318063735,-0.2385235984047799
2523,2026-04-02 14:50:00,0.006103633318063704,-0.2324199650867162,0.006103633318063704,-0.2324199650867162
2524,2026-04-02 14:57:00,0.006103633318063704,-0.23852359840477994,-0.006103633318063735,-0.23852359840477994
2525,2026-04-02 15:20:00,0.006103633318063704,-0.23241996508671622,0.006103633318063704,-0.23241996508671622
2526,2026-04-02 15:38:00,0.006103633318063704,-0.2263163317686525,0.006103633318063704,-0.2263163317686525
2527,2026-04-02 16:41:00,0.006103633318063704,-0.23241996508671636,-0.006103633318063847,-0.23241996508671636
2528,2026-04-03 12:51:00,0.006103633318063704,-0.2326722355219595,-0.0002522704352431456,-0.2326722355219595
2529,2026-04-04 15:05:00,0.006103633318063704,-0.2265686022038958,0.006103633318063704,-0.2265686022038958
2530,2026-04-04 15:07:00,0.006103633318063704,-0.23267223552195954,-0.006103633318063735,-0.23267223552195954
2531,2026-04-04 15:26:00,0.006103633318063704,-0.2288443614894114,0.0038278740325481445,-0.2288443614894114
2532,2026-04-05 15:27:00,0.006103633318063704,-0.2317292803921332,-0.002884918902721791,-0.2317292803921332
2533,2026-04-05 22:46:00,0.006103633318063704,-0.22562564707406949,0.006103633318063704,-0.22562564707406949
2534,2026-04-05 23:09:00,0.006103633318063704,-0.21952201375600577,0.006103633318063704,-0.21952201375600577
2535,2026-04-05 23:16:00,0.006103633318063704,-0.21341838043794206,0.006103633318063704,-0.21341838043794206
2536,2026-04-06 00:01:00,0.006103633318063704,-0.2195220137560058,-0.006103633318063735,-0.2195220137560058
2537,2026-04-06 00:03:00,0.006103633318063704,-0.2134183804379421,0.006103633318063704,-0.2134183804379421
2538,2026-04-06 00:31:00,0.006103633318063704,-0.21952201375600594,-0.006103633318063847,-0.21952201375600594
2539,2026-04-06 02:12:00,0.006103633318063704,-0.2242518752207611,-0.004729861464755142,-0.2242518752207611
2540,2026-04-06 09:25:00,0.006103633318063704,-0.22497879553384628,-0.0007269203130851904,-0.22497879553384628
2541,2026-04-06 14:40:00,0.006103633318063704,-0.22388116751950513,0.0010976280143411505,-0.22388116751950513
2542,2026-04-06 23:02:00,0.006103633318063704,-0.22300501751665264,0.0008761500028524819,-0.22300501751665264
2543,2026-04-07 17:37:00,0.006103633318063704,-0.22910865083471627,-0.006103633318063623,-0.22910865083471627
2544,2026-04-07 17:41:00,0.006103633318063704,-0.23361203597875083,-0.0045033851440345616,-0.23361203597875083
2545,2026-04-07 19:17:00,0.006103633318063704,-0.22750840266068711,0.006103633318063704,-0.22750840266068711
2546,2026-04-07 19:46:00,0.006103633318063704,-0.2214047693426234,0.006103633318063704,-0.2214047693426234
2547,2026-04-07 20:02:00,0.006103633318063704,-0.22213638747061185,-0.0007316181279884344,-0.22213638747061185
2548,2026-04-07 21:12:00,0.006103633318063704,-0.2282400207886757,-0.006103633318063847,-0.2282400207886757
2549,2026-04-07 21:18:00,0.006103633318063704,-0.22213638747061198,0.006103633318063704,-0.22213638747061198
2550,2026-04-07 21:46:00,0.006103633318063704,-0.21603275415254827,0.006103633318063704,-0.21603275415254827
2551,2026-04-07 22:07:00,0.006103633318063704,-0.20992912083448456,0.006103633318063704,-0.20992912083448456
2552,2026-04-07 22:33:00,0.006103633318063704,-0.20382548751642085,0.006103633318063704,-0.20382548751642085
2553,2026-04-07 22:37:00,0.006103633318063704,-0.2099291208344846,-0.006103633318063735,-0.2099291208344846
2554,2026-04-07 22:42:00,0.006103633318063704,-0.20382548751642088,0.006103633318063704,-0.20382548751642088
2555,2026-04-07 22:53:00,0.006103633318063704,-0.19772185419835717,0.006103633318063704,-0.19772185419835717
2556,2026-04-07 23:00:00,0.006103633318063704,-0.19161822088029346,0.006103633318063704,-0.19161822088029346
2557,2026-04-07 23:22:00,0.006103633318063704,-0.18551458756222974,0.006103633318063704,-0.18551458756222974
2558,2026-04-07 23:30:00,0.006103633318063704,-0.1916182208802936,-0.006103633318063847,-0.1916182208802936
2559,2026-04-07 23:37:00,0.006103633318063704,-0.19772185419835733,-0.006103633318063735,-0.19772185419835733
2560,2026-04-07 23:55:00,0.006103633318063704,-0.20382548751642107,-0.006103633318063735,-0.20382548751642107
2561,2026-04-08 00:23:00,0.006103633318063704,-0.2099291208344848,-0.006103633318063735,-0.2099291208344848
2562,2026-04-08 00:36:00,0.006103633318063704,-0.20886434699830536,0.0010647738361794492,-0.20886434699830536
2563,2026-04-08 14:20:00,0.006103633318063704,-0.214967980316369,-0.006103633318063623,-0.214967980316369
2564,2026-04-08 14:36:00,0.006103633318063704,-0.20886434699830528,0.006103633318063704,-0.20886434699830528
2565,2026-04-08 17:37:00,0.006103633318063704,-0.21496798031636913,-0.006103633318063847,-0.21496798031636913
2566,2026-04-09 15:17:00,0.006103633318063704,-0.20886434699830542,0.006103633318063704,-0.20886434699830542
2567,2026-04-09 15:34:00,0.006103633318063704,-0.2027607136802417,0.006103633318063704,-0.2027607136802417
2568,2026-04-09 15:49:00,0.006103633318063704,-0.196657080362178,0.006103633318063704,-0.196657080362178
2569,2026-04-09 16:01:00,0.006103633318063704,-0.20276071368024184,-0.006103633318063847,-0.20276071368024184
2570,2026-04-09 17:01:00,0.006103633318063704,-0.19665708036217813,0.006103633318063704,-0.19665708036217813
2571,2026-04-09 17:39:00,0.006103633318063704,-0.20276071368024187,-0.006103633318063735,-0.20276071368024187
2572,2026-04-09 22:18:00,0.006103633318063704,-0.2088643469983056,-0.006103633318063735,-0.2088643469983056
2573,2026-04-09 22:26:00,0.006103633318063704,-0.21496798031636935,-0.006103633318063735,-0.21496798031636935
2574,2026-04-09 22:41:00,0.006103633318063704,-0.2210716136344331,-0.006103633318063735,-0.2210716136344331
2575,2026-04-09 23:17:00,0.006103633318063704,-0.22717524695249683,-0.006103633318063735,-0.22717524695249683
2576,2026-04-10 14:21:00,0.006103633318063704,-0.22505834624428753,0.002116900708209309,-0.22505834624428753
2577,2026-04-10 15:27:00,0.006103633318063704,-0.23116197956235127,-0.006103633318063735,-0.23116197956235127
2578,2026-04-11 18:40:00,0.006103633318063704,-0.22505834624428755,0.006103633318063704,-0.22505834624428755
2579,2026-04-12 01:36:00,0.006103633318063704,-0.2311619795623514,-0.006103633318063847,-0.2311619795623514
2580,2026-04-12 01:44:00,0.006103633318063704,-0.23726561288041514,-0.006103633318063735,-0.23726561288041514
2581,2026-04-12 01:46:00,0.006103633318063704,-0.24336924619847877,-0.006103633318063623,-0.24336924619847877
2582,2026-04-12 02:05:00,0.006103633318063704,-0.23726561288041506,0.006103633318063704,-0.23726561288041506
2583,2026-04-12 02:14:00,0.006103633318063704,-0.2362966205565338,0.0009689923238812569,-0.2362966205565338
2584,2026-04-12 22:07:00,0.006103633318063704,-0.24240025387459754,-0.006103633318063735,-0.24240025387459754
2585,2026-04-12 22:20:00,0.006103633318063704,-0.24460721896852136,-0.0022069650939238058,-0.24460721896852136
2586,2026-04-13 13:49:00,0.006103633318063704,-0.2507108522865851,-0.006103633318063735,-0.2507108522865851
2587,2026-04-13 13:54:00,0.006103633318063704,-0.2568144856046488,-0.006103633318063735,-0.2568144856046488
2588,2026-04-13 14:24:00,0.006103633318063704,-0.25071085228658513,0.006103633318063704,-0.25071085228658513
2589,2026-04-13 14:52:00,0.006103633318063704,-0.24460721896852142,0.006103633318063704,-0.24460721896852142
2590,2026-04-13 14:59:00,0.006103633318063704,-0.25071085228658513,-0.006103633318063735,-0.25071085228658513
2591,2026-04-13 22:15:00,0.006103633318063704,-0.24460721896852142,0.006103633318063704,-0.24460721896852142
2592,2026-04-13 22:17:00,0.006103633318063704,-0.2385035856504577,0.006103633318063704,-0.2385035856504577
2593,2026-04-13 22:31:00,0.006103633318063704,-0.232399952332394,0.006103633318063704,-0.232399952332394
2594,2026-04-13 22:56:00,0.006103633318063704,-0.22800535754158635,0.004394594790807653,-0.22800535754158635
2595,2026-04-14 13:50:00,0.006103633318063704,-0.22190172422352264,0.006103633318063704,-0.22190172422352264
2596,2026-04-14 14:31:00,0.006103633318063704,-0.22800535754158638,-0.006103633318063735,-0.22800535754158638
2597,2026-04-14 14:35:00,0.006103633318063704,-0.23410899085965012,-0.006103633318063735,-0.23410899085965012
2598,2026-04-14 14:39:00,0.006103633318063704,-0.24021262417771386,-0.006103633318063735,-0.24021262417771386
2599,2026-04-14 15:00:00,0.006103633318063704,-0.2463162574957777,-0.006103633318063847,-0.2463162574957777
2600,2026-04-14 15:10:00,0.006103633318063704,-0.240212624177714,0.006103633318063704,-0.240212624177714
2601,2026-04-15 14:17:00,0.006103633318063704,-0.23842956278405747,0.0017830613936565222,-0.23842956278405747
2602,2026-04-16 13:53:00,0.006103633318063704,-0.24453319610212132,-0.006103633318063847,-0.24453319610212132
2603,2026-04-16 13:55:00,0.006103633318063704,-0.2384295627840576,0.006103633318063704,-0.2384295627840576
2604,2026-04-16 14:46:00,0.006103633318063704,-0.2323259294659939,0.006103633318063704,-0.2323259294659939
2605,2026-04-16 14:51:00,0.006103633318063704,-0.22622229614793019,0.006103633318063704,-0.22622229614793019
2606,2026-04-16 15:10:00,0.006103633318063704,-0.22011866282986647,0.006103633318063704,-0.22011866282986647
2607,2026-04-16 15:38:00,0.006103633318063704,-0.22622229614793032,-0.006103633318063847,-0.22622229614793032
2608,2026-04-16 16:34:00,0.006103633318063704,-0.23232592946599406,-0.006103633318063735,-0.23232592946599406
2609,2026-04-16 16:55:00,0.006103633318063704,-0.22622229614793035,0.006103633318063704,-0.22622229614793035
2610,2026-04-16 17:53:00,0.006103633318063704,-0.22011866282986664,0.006103633318063704,-0.22011866282986664
2611,2026-04-16 18:19:00,0.006103633318063704,-0.21401502951180293,0.006103633318063704,-0.21401502951180293
2612,2026-04-16 18:46:00,0.006103633318063704,-0.20791139619373922,0.006103633318063704,-0.20791139619373922
2613,2026-04-16 18:54:00,0.006103633318063704,-0.2018077628756755,0.006103633318063704,-0.2018077628756755
2614,2026-04-16 19:26:00,0.006103633318063704,-0.1957041295576118,0.006103633318063704,-0.1957041295576118
2615,2026-04-16 19:33:00,0.006103633318063704,-0.18960049623954808,0.006103633318063704,-0.18960049623954808
2616,2026-04-16 19:43:00,0.006103633318063704,-0.18349686292148437,0.006103633318063704,-0.18349686292148437
2617,2026-04-16 20:01:00,0.006103633318063704,-0.189600496239548,-0.006103633318063623,-0.189600496239548
2618,2026-04-16 21:25:00,0.006103633318063704,-0.18836419374996402,0.001236302489583967,-0.18836419374996402
2619,2026-04-17 09:31:00,0.006103633318063704,-0.19446782706802776,-0.006103633318063735,-0.19446782706802776
2620,2026-04-17 09:35:00,0.006103633318063704,-0.2005714603860915,-0.006103633318063735,-0.2005714603860915
2621,2026-04-17 13:11:00,0.006103633318063704,-0.1944678270680278,0.006103633318063704,-0.1944678270680278
2622,2026-04-17 13:21:00,0.006103633318063704,-0.20057146038609153,-0.006103633318063735,-0.20057146038609153
2623,2026-04-17 13:29:00,0.006103633318063704,-0.20667509370415538,-0.006103633318063847,-0.20667509370415538
2624,2026-04-17 13:31:00,0.006103633318063704,-0.20057146038609167,0.006103633318063704,-0.20057146038609167
2625,2026-04-17 13:36:00,0.006103633318063704,-0.19446782706802795,0.006103633318063704,-0.19446782706802795
2626,2026-04-17 13:52:00,0.006103633318063704,-0.18836419374996424,0.006103633318063704,-0.18836419374996424
2627,2026-04-17 14:42:00,0.006103633318063704,-0.19446782706802798,-0.006103633318063735,-0.19446782706802798
2628,2026-04-17 14:44:00,0.006103633318063704,-0.20057146038609172,-0.006103633318063735,-0.20057146038609172
2629,2026-04-17 15:04:00,0.006103633318063704,-0.1956743999597105,0.0048970604263812115,-0.1956743999597105
2630,2026-04-17 17:25:00,0.006103633318063704,-0.1895707666416468,0.006103633318063704,-0.1895707666416468
2631,2026-04-19 22:15:00,0.006103633318063704,-0.19567439995971053,-0.006103633318063735,-0.19567439995971053
2632,2026-04-19 22:21:00,0.006103633318063704,-0.18957076664164682,0.006103633318063704,-0.18957076664164682
2633,2026-04-19 22:33:00,0.006103633318063704,-0.19052862112101182,-0.0009578544793649888,-0.19052862112101182
2634,2026-04-20 07:24:00,0.006103633318063704,-0.19663225443907567,-0.006103633318063847,-0.19663225443907567
2635,2026-04-20 07:32:00,0.006103633318063704,-0.20273588775713952,-0.006103633318063847,-0.20273588775713952
2636,2026-04-20 14:24:00,0.006103633318063704,-0.20883952107520326,-0.006103633318063735,-0.20883952107520326
2637,2026-04-20 14:52:00,0.006103633318063704,-0.214943154393267,-0.006103633318063735,-0.214943154393267
2638,2026-04-20 15:18:00,0.006103633318063704,-0.2088395210752033,0.006103633318063704,-0.2088395210752033
2639,2026-04-20 15:31:00,0.006103633318063704,-0.20848874644430468,0.00035077463089862256,-0.20848874644430468
2640,2026-04-21 15:01:00,0.006103633318063704,-0.2047643473533224,0.0037243990909822727,-0.2047643473533224
2641,2026-04-21 17:20:00,0.006103633318063704,-0.1986607140352587,0.006103633318063704,-0.1986607140352587
2642,2026-04-21 17:46:00,0.006103633318063704,-0.20476434735332233,-0.006103633318063623,-0.20476434735332233
2643,2026-04-21 19:43:00,0.006103633318063704,-0.19866071403525862,0.006103633318063704,-0.19866071403525862
2644,2026-04-21 20:11:00,0.006103633318063704,-0.19913019761195705,-0.00046948357669842147,-0.19913019761195705
2645,2026-04-22 05:26:00,0.006103633318063704,-0.19913019761195705,0.0,-0.19913019761195705
2646,2026-04-22 09:12:00,0.006103633318063704,-0.20150832001692437,-0.0023781224049673243,-0.20150832001692437
2647,2026-04-23 00:20:00,0.006103633318063704,-0.2076119533349881,-0.006103633318063735,-0.2076119533349881
2648,2026-04-23 17:56:00,0.006103633318063704,-0.20702582120402901,0.0005861321309590828,-0.20702582120402901
2649,2026-04-27 05:16:00,0.006103633318063704,-0.21312945452209275,-0.006103633318063735,-0.21312945452209275
2650,2026-04-27 05:24:00,0.006103633318063704,-0.2192330878401565,-0.006103633318063735,-0.2192330878401565
2651,2026-04-27 14:37:00,0.006103633318063704,-0.22533672115822023,-0.006103633318063735,-0.22533672115822023
2652,2026-04-27 15:19:00,0.006103633318063704,-0.23144035447628397,-0.006103633318063735,-0.23144035447628397
2653,2026-04-27 15:23:00,0.006103633318063704,-0.22533672115822026,0.006103633318063704,-0.22533672115822026
2654,2026-04-29 18:09:00,0.006103633318063704,-0.21923308784015655,0.006103633318063704,-0.21923308784015655
2655,2026-04-29 18:56:00,0.006103633318063704,-0.21801595039681207,0.001217137443344486,-0.21801595039681207
2656,2026-05-04 01:33:00,0.006103633318063704,-0.21191231707874836,0.006103633318063704,-0.21191231707874836
2657,2026-05-04 01:56:00,0.006103633318063704,-0.20580868376068465,0.006103633318063704,-0.20580868376068465
2658,2026-05-04 02:01:00,0.006103633318063704,-0.19970505044262093,0.006103633318063704,-0.19970505044262093
2659,2026-05-04 02:37:00,0.006103633318063704,-0.2013457399000808,-0.0016406894574598886,-0.2013457399000808
2660,2026-05-04 10:07:00,0.006103633318063704,-0.20744937321814455,-0.006103633318063735,-0.20744937321814455
2661,2026-05-04 10:20:00,0.006103633318063704,-0.20134573990008084,0.006103633318063704,-0.20134573990008084
2662,2026-05-04 10:35:00,0.006103633318063704,-0.20396603677806846,-0.0026202968779876256,-0.20396603677806846
2663,2026-05-04 14:57:00,0.006103633318063704,-0.2100696700961322,-0.006103633318063735,-0.2100696700961322
2664,2026-05-04 15:22:00,0.006103633318063704,-0.2056886317704048,0.004381038325727396,-0.2056886317704048
2665,2026-05-06 08:57:00,0.006103633318063704,-0.1995849984523411,0.006103633318063704,-0.1995849984523411
2666,2026-05-06 13:08:00,0.006103633318063704,-0.20568863177040472,-0.006103633318063623,-0.20568863177040472
2667,2026-05-06 13:47:00,0.006103633318063704,-0.21179226508846846,-0.006103633318063735,-0.21179226508846846
2668,2026-05-06 14:08:00,0.006103633318063704,-0.20568863177040475,0.006103633318063704,-0.20568863177040475
2669,2026-05-06 14:27:00,0.006103633318063704,-0.20207648200252346,0.003612149767881288,-0.20207648200252346
2670,2026-05-08 17:31:00,0.006103633318063704,-0.19597284868445974,0.006103633318063704,-0.19597284868445974
2671,2026-05-08 18:22:00,0.006103633318063704,-0.1925088919841657,0.00346395670029403,-0.1925088919841657
2672,2026-05-09 02:00:00,0.006103633318063704,-0.19304390884995865,-0.0005350168657929459,-0.19304390884995865
2673,2026-05-10 19:25:00,0.006103633318063704,-0.19914754216802238,-0.006103633318063735,-0.19914754216802238
2674,2026-05-10 20:47:00,0.006103633318063704,-0.20525117548608612,-0.006103633318063735,-0.20525117548608612
2675,2026-05-10 20:50:00,0.006103633318063704,-0.1991475421680224,0.006103633318063704,-0.1991475421680224
2676,2026-05-10 20:53:00,0.006103633318063704,-0.1930439088499587,0.006103633318063704,-0.1930439088499587
2677,2026-05-10 21:03:00,0.006103633318063704,-0.186940275531895,0.006103633318063704,-0.186940275531895
2678,2026-05-10 21:31:00,0.006103633318063704,-0.18083664221383128,0.006103633318063704,-0.18083664221383128
2679,2026-05-10 22:28:00,0.006103633318063704,-0.17473300889576757,0.006103633318063704,-0.17473300889576757
2680,2026-05-11 14:33:00,0.006103633318063704,-0.16862937557770385,0.006103633318063704,-0.16862937557770385
2681,2026-05-11 15:27:00,0.006103633318063704,-0.16252574225964014,0.006103633318063704,-0.16252574225964014
2682,2026-05-11 16:09:00,0.006103633318063704,-0.16862937557770377,-0.006103633318063623,-0.16862937557770377
2683,2026-05-12 01:42:00,0.006103633318063704,-0.16252574225964006,0.006103633318063704,-0.16252574225964006
2684,2026-05-12 12:40:00,0.006103633318063704,-0.1686293755777038,-0.006103633318063735,-0.1686293755777038
2685,2026-05-13 12:38:00,0.006103633318063704,-0.1625257422596401,0.006103633318063704,-0.1625257422596401
2686,2026-05-13 12:45:00,0.006103633318063704,-0.16862937557770394,-0.006103633318063847,-0.16862937557770394
2687,2026-05-13 13:48:00,0.006103633318063704,-0.17473300889576768,-0.006103633318063735,-0.17473300889576768
2688,2026-05-13 14:01:00,0.006103633318063704,-0.16862937557770397,0.006103633318063704,-0.16862937557770397
2689,2026-05-14 16:53:00,0.006103633318063704,-0.16252574225964025,0.006103633318063704,-0.16252574225964025
2690,2026-05-14 17:01:00,0.006103633318063704,-0.168629375577704,-0.006103633318063735,-0.168629375577704
2691,2026-05-14 17:48:00,0.006103633318063704,-0.16734237411305675,0.0012870014646472398,-0.16734237411305675
2692,2026-05-15 05:38:00,0.006103633318063704,-0.16123874079499304,0.006103633318063704,-0.16123874079499304
2693,2026-05-15 13:39:00,0.006103633318063704,-0.16734237411305677,-0.006103633318063735,-0.16734237411305677
2694,2026-05-15 13:52:00,0.006103633318063704,-0.16123874079499306,0.006103633318063704,-0.16123874079499306
2695,2026-05-15 13:55:00,0.006103633318063704,-0.1673423741130567,-0.006103633318063623,-0.1673423741130567
2696,2026-05-15 14:01:00,0.006103633318063704,-0.16123874079499298,0.006103633318063704,-0.16123874079499298
2697,2026-05-15 14:14:00,0.006103633318063704,-0.16734237411305672,-0.006103633318063735,-0.16734237411305672
2698,2026-05-16 07:16:00,0.006103633318063704,-0.161238740794993,0.006103633318063704,-0.161238740794993
2699,2026-05-16 09:18:00,0.006103633318063704,-0.16734237411305675,-0.006103633318063735,-0.16734237411305675
2700,2026-05-17 23:41:00,0.006103633318063704,-0.16123874079499304,0.006103633318063704,-0.16123874079499304
2701,2026-05-17 23:43:00,0.006103633318063704,-0.15513510747692932,0.006103633318063704,-0.15513510747692932
2702,2026-05-17 23:50:00,0.006103633318063704,-0.1490314741588656,0.006103633318063704,-0.1490314741588656
2703,2026-05-17 23:54:00,0.006103633318063704,-0.15513510747692935,-0.006103633318063735,-0.15513510747692935
2704,2026-05-18 00:07:00,0.006103633318063704,-0.14903147415886564,0.006103633318063704,-0.14903147415886564
2705,2026-05-18 11:42:00,0.006103633318063704,-0.14292784084080193,0.006103633318063704,-0.14292784084080193
2706,2026-05-18 13:43:00,0.006103633318063704,-0.14903147415886556,-0.006103633318063623,-0.14903147415886556
2707,2026-05-18 14:18:00,0.006103633318063704,-0.1551351074769294,-0.006103633318063847,-0.1551351074769294
2708,2026-05-18 19:02:00,0.006103633318063704,-0.1490314741588657,0.006103633318063704,-0.1490314741588657
2709,2026-05-18 19:53:00,0.006103633318063704,-0.15067930880669037,-0.0016478346478246595,-0.15067930880669037
2710,2026-05-20 14:17:00,0.006103633318063704,-0.14457567548862665,0.006103633318063704,-0.14457567548862665
2711,2026-05-20 14:40:00,0.006103633318063704,-0.13847204217056294,0.006103633318063704,-0.13847204217056294
2712,2026-05-20 14:54:00,0.006103633318063704,-0.1445756754886268,-0.006103633318063847,-0.1445756754886268
2713,2026-05-20 15:16:00,0.006103633318063704,-0.14434346835882453,0.00023220712980225088,-0.14434346835882453
2714,2026-05-20 16:46:00,0.006103633318063704,-0.14319059758321992,0.0011528707756045973,-0.14319059758321992
2715,2026-05-21 14:38:00,0.006103633318063704,-0.14929423090128366,-0.006103633318063735,-0.14929423090128366
2716,2026-05-21 14:49:00,0.006103633318063704,-0.14319059758321995,0.006103633318063704,-0.14319059758321995
2717,2026-05-21 17:17:00,0.006103633318063704,-0.13708696426515624,0.006103633318063704,-0.13708696426515624
2718,2026-05-21 17:25:00,0.006103633318063704,-0.13788545857553444,-0.0007984943103781929,-0.13788545857553444
2719,2026-05-22 18:46:00,0.006103633318063704,-0.13178182525747073,0.006103633318063704,-0.13178182525747073
2720,2026-05-22 18:57:00,0.006103633318063704,-0.13788545857553436,-0.006103633318063623,-0.13788545857553436
2721,2026-05-22 19:31:00,0.006103633318063704,-0.13178182525747065,0.006103633318063704,-0.13178182525747065
2722,2026-05-22 20:07:00,0.006103633318063704,-0.13237058005810998,-0.0005887548006393235,-0.13237058005810998
2723,2026-05-23 07:47:00,0.006103633318063704,-0.13847421337617372,-0.006103633318063735,-0.13847421337617372
2724,2026-05-23 07:50:00,0.006103633318063704,-0.13237058005811,0.006103633318063704,-0.13237058005811
2725,2026-05-23 07:52:00,0.006103633318063704,-0.13066180385811388,0.0017087761999961218,-0.13066180385811388
2726,2026-05-23 20:38:00,0.006103633318063704,-0.12455817054005018,0.006103633318063704,-0.12455817054005018
2727,2026-05-23 20:56:00,0.006103633318063704,-0.11845453722198648,0.006103633318063704,-0.11845453722198648
2728,2026-05-23 21:01:00,0.006103633318063704,-0.12455817054005022,-0.006103633318063735,-0.12455817054005022
2729,2026-05-23 21:04:00,0.006103633318063704,-0.13066180385811407,-0.006103633318063847,-0.13066180385811407
2730,2026-05-23 21:30:00,0.006103633318063704,-0.12455817054005038,0.006103633318063704,-0.12455817054005038
2731,2026-05-23 21:37:00,0.006103633318063704,-0.1306618038581141,-0.006103633318063735,-0.1306618038581141
2732,2026-05-24 14:17:00,0.006103633318063704,-0.1245581705400504,0.006103633318063704,-0.1245581705400504
2733,2026-05-24 22:10:00,0.006103633318063704,-0.12255781686955915,0.002000353670491259,-0.12255781686955915
2734,2026-05-26 10:32:00,0.006103633318063704,-0.12279184448588586,-0.00023402761632670667,-0.12279184448588586
2735,2026-05-26 14:40:00,0.006103633318063704,-0.1288954778039497,-0.006103633318063847,-0.1288954778039497
2736,2026-05-27 12:23:00,0.006103633318063704,-0.13499911112201343,-0.006103633318063735,-0.13499911112201343
2737,2026-05-27 21:47:00,0.006103633318063704,-0.12889547780394972,0.006103633318063704,-0.12889547780394972
2738,2026-05-27 22:05:00,0.006103633318063704,-0.13499911112201335,-0.006103633318063623,-0.13499911112201335
2739,2026-05-27 22:13:00,0.006103633318063704,-0.1330575985597078,0.0019415125623055453,-0.1330575985597078
2740,2026-05-28 03:19:00,0.006103633318063704,-0.1269539652416441,0.006103633318063704,-0.1269539652416441
2741,2026-05-28 03:24:00,0.006103633318063704,-0.13305759855970783,-0.006103633318063735,-0.13305759855970783
2742,2026-05-28 04:03:00,0.006103633318063704,-0.12695396524164412,0.006103633318063704,-0.12695396524164412
2743,2026-05-28 04:11:00,0.006103633318063704,-0.13305759855970786,-0.006103633318063735,-0.13305759855970786
2744,2026-05-28 14:11:00,0.006103633318063704,-0.12695396524164415,0.006103633318063704,-0.12695396524164415
2745,2026-05-28 14:14:00,0.006103633318063704,-0.12085033192358045,0.006103633318063704,-0.12085033192358045
2746,2026-05-28 14:20:00,0.006103633318063704,-0.1269539652416443,-0.006103633318063847,-0.1269539652416443
2747,2026-05-28 14:36:00,0.006103633318063704,-0.12534853112096447,0.0016054341206798094,-0.12534853112096447
2748,2026-05-29 14:27:00,0.006103633318063704,-0.11924489780290078,0.006103633318063704,-0.11924489780290078
2749,2026-05-29 14:52:00,0.006103633318063704,-0.11314126448483708,0.006103633318063704,-0.11314126448483708
2750,2026-05-29 15:09:00,0.006103633318063704,-0.10703763116677338,0.006103633318063704,-0.10703763116677338
2751,2026-05-29 15:29:00,0.006103633318063704,-0.10093399784870968,0.006103633318063704,-0.10093399784870968
2752,2026-05-29 15:35:00,0.006103633318063704,-0.10703763116677342,-0.006103633318063735,-0.10703763116677342
2753,2026-05-29 15:43:00,0.006103633318063704,-0.10093399784870973,0.006103633318063704,-0.10093399784870973
2754,2026-05-29 16:26:00,0.006103633318063704,-0.09483036453064603,0.006103633318063704,-0.09483036453064603
2755,2026-05-29 16:36:00,0.006103633318063704,-0.09254162053329,0.0022887439973560252,-0.09254162053329
