entry_time,exit_time,direction,entry_price,exit_price,profit_pct,expected_log_return,fact_log_return,fact_1h_max_range_log_return,tp_price,sl_price,hold_minutes,exit_reason,score_pct_at_entry,bucket_mean_mfe
2025-12-01 00:00:00,2025-12-01 00:04:00,long,133.62,132.8069164222874,-0.0060850439882697005,0.006103633318063704,-0.006103633318063623,-0.0013480118868946383,134.43806151803497,132.8069164222874,4,stop_loss,0.9536553724053725,0.006103633318063704
2025-12-01 00:05:00,2025-12-01 00:06:00,long,132.76,131.95214956011728,-0.0060850439882699225,0.006103633318063704,-0.006103633318063847,-0.005438079866781619,133.57279634137345,131.95214956011728,1,stop_loss,0.9467757936507937,0.006103633318063704
2025-12-01 00:07:00,2025-12-01 00:18:00,long,131.21,130.41158137829913,-0.0060850439882698115,0.006103633318063704,-0.006103633318063735,0.0025118947555804855,132.01330677878587,130.41158137829913,11,stop_loss,0.9849244505494505,0.006103633318063704
2025-12-01 00:19:00,2025-12-01 00:21:00,long,130.38,129.58663196480938,-0.0060850439882697005,0.006103633318063704,-0.006103633318063623,0.0014562179235538906,131.17822527107768,129.58663196480938,2,stop_loss,0.9966460622710622,0.006103633318063704
2025-12-01 00:22:00,2025-12-01 00:32:00,long,130.08,129.28845747800588,-0.0060850439882698115,0.006103633318063704,-0.006103633318063735,0.0028403657832367867,130.8763885815446,129.28845747800588,10,stop_loss,0.9967605311355311,0.006103633318063704
2025-12-01 00:33:00,2025-12-01 00:47:00,long,129.11,128.3243599706745,-0.0060850439882698115,0.006103633318063704,-0.006103633318063735,0.003324959568143651,129.9004499520543,128.3243599706745,14,stop_loss,0.9973443223443224,0.006103633318063704
2025-12-01 00:48:00,2025-12-01 00:53:00,long,128.48,127.69819354838708,-0.0060850439882698115,0.006103633318063704,-0.006103633318063735,0.005046398660108634,129.2665929040348,127.69819354838708,5,stop_loss,0.9874923687423688,0.006103633318063704
2025-12-01 00:54:00,2025-12-01 01:03:00,long,127.76,128.54218484915543,0.006122298443608454,0.006103633318063704,0.006103633318063704,0.010666144951803196,128.54218484915543,126.98257478005866,9,take_profit,0.9757135225885226,0.006103633318063704
2025-12-01 01:04:00,2025-12-01 01:09:00,long,128.37,129.15591945120602,0.006122298443608454,0.006103633318063704,0.006103633318063704,0.00590292976172497,129.15591945120602,127.5888629032258,5,take_profit,0.9721535409035409,0.006103633318063704
2025-12-01 01:10:00,2025-12-01 02:10:00,long,128.38,128.16,-0.0017136625642623082,0.006103633318063704,-0.001715132563582967,0.0030332514020604837,129.16598067419045,127.59880205278591,60,timeout_1h,0.9901594932844933,0.006103633318063704
2025-12-01 12:52:00,2025-12-01 13:03:00,long,126.65,127.42538909788301,0.006122298443608454,0.006103633318063704,0.006103633318063704,0.007551361298200754,127.42538909788301,125.87932917888564,11,take_profit,0.9197191697191697,0.006103633318063704
2025-12-01 13:04:00,2025-12-01 13:32:00,long,127.27,126.4955564516129,-0.0060850439882698115,0.006103633318063704,-0.006103633318063735,0.0026679237419291566,128.04918492291804,126.4955564516129,28,stop_loss,0.9318261599511599,0.006103633318063704
2025-12-01 13:34:00,2025-12-01 14:32:00,long,126.24,125.47182404692082,-0.0060850439882698115,0.006103633318063704,-0.006103633318063735,0.005608451053123347,127.01287895552113,125.47182404692082,58,stop_loss,0.9100656288156288,0.006103633318063704
2025-12-01 14:33:00,2025-12-01 14:37:00,long,126.17,126.94245039463009,0.006122298443608454,0.006103633318063704,0.006103633318063704,0.00584796988242312,126.94245039463009,125.40225,4,take_profit,0.9134500915750916,0.006103633318063704
2025-12-01 14:38:00,2025-12-01 14:45:00,long,126.66,125.88926832844574,-0.0060850439882698115,0.006103633318063704,-0.006103633318063735,-0.0009478673695459731,127.43545032086745,125.88926832844574,7,stop_loss,0.9444291819291819,0.006103633318063704
2025-12-01 14:46:00,2025-12-01 15:14:00,long,126.25,125.48176319648094,-0.0060850439882698115,0.006103633318063704,-0.006103633318063735,0.0022943955632690237,127.02294017850556,125.48176319648094,28,stop_loss,0.9312232905982906,0.006103633318063704
2025-12-01 15:15:00,2025-12-01 15:30:00,long,125.0,124.23936950146627,-0.0060850439882698115,0.006103633318063704,-0.006103633318063735,0.0053456863247521025,125.76528730545105,124.23936950146627,15,stop_loss,0.940357905982906,0.006103633318063704
2025-12-01 15:34:00,2025-12-01 15:36:00,long,123.26,124.01463450615918,0.006122298443608454,0.006103633318063704,0.006103633318063704,0.01888592316506462,124.01463450615918,122.50995747800587,2,take_profit,0.9210126678876679,0.006103633318063704
2025-12-01 15:37:00,2025-12-01 15:50:00,long,123.67,124.42714464852106,0.006122298443608454,0.006103633318063704,0.006103633318063704,0.015565140945195996,124.42714464852106,122.91746260997067,13,take_profit,0.978865231990232,0.006103633318063704
2025-12-01 15:51:00,2025-12-01 16:06:00,long,125.21,124.44809164222873,-0.0060850439882698115,0.006103633318063704,-0.006103633318063735,0.003189541018305337,125.9765729881242,124.44809164222873,15,stop_loss,0.976541514041514,0.006103633318063704
2025-12-01 16:07:00,2025-12-01 16:36:00,long,124.32,123.56350733137829,-0.0060850439882698115,0.006103633318063704,-0.006103633318063735,0.002329973335438922,125.0811241425094,123.56350733137829,29,stop_loss,0.9700434981684982,0.006103633318063704
2025-12-01 16:37:00,2025-12-01 16:50:00,long,124.46,123.70265542521993,-0.0060850439882698115,0.006103633318063704,-0.006103633318063735,0.0012847279750042653,125.2219812642915,123.70265542521993,13,stop_loss,0.9055326617826618,0.006103633318063704
2025-12-01 16:51:00,2025-12-01 17:27:00,long,123.8,124.55794054731872,0.006122298443608454,0.006103633318063704,0.006103633318063704,0.00852574938310227,124.55794054731872,123.0466715542522,36,take_profit,0.9328334859584859,0.006103633318063704
2025-12-01 17:35:00,2025-12-01 18:14:00,long,124.38,125.14149148041602,0.006122298443608454,0.006103633318063704,0.006103633318063704,0.006331417664188981,125.14149148041602,123.623142228739,39,take_profit,0.9004044566544567,0.006103633318063704
2025-12-01 18:15:00,2025-12-01 18:31:00,long,125.1,124.33876099706744,-0.0060850439882698115,0.006103633318063704,-0.006103633318063735,0.0005593958670668349,125.86589953529541,124.33876099706744,16,stop_loss,0.9058913308913309,0.006103633318063704
2025-12-01 20:07:00,2025-12-01 21:07:00,long,124.79,124.67,-0.0009616155140637073,0.006103633318063704,-0.00096207816287945,0.00391890772272999,125.5540016227779,124.03064736070381,60,timeout_1h,0.9060859279609279,0.006103633318063704
2025-12-01 21:22:00,2025-12-01 21:40:00,long,125.26,126.0268791030464,0.006122298443608454,0.006103633318063704,0.006103633318063704,0.010798898018713731,126.0268791030464,124.49778739002933,18,take_profit,0.9054029304029304,0.006103633318063704
2025-12-01 22:05:00,2025-12-01 22:53:00,long,126.47,127.24428708416316,0.006122298443608454,0.006103633318063704,0.006103633318063704,0.006384258137646403,127.24428708416316,125.70042448680351,48,take_profit,0.9260264041514041,0.006103633318063704
2025-12-02 01:07:00,2025-12-02 01:15:00,long,128.06,127.28074926686217,-0.0060850439882698115,0.006103633318063704,-0.006103633318063735,-0.0010156647617125339,128.8440215386885,127.28074926686217,8,stop_loss,0.9237599206349206,0.006103633318063704
2025-12-02 01:16:00,2025-12-02 02:16:00,long,127.19,127.67,0.0037738815944650117,0.006103633318063704,0.0037667783688663725,0.0037667783688663725,127.96869513904255,126.41604325513197,60,timeout_1h,0.9556929181929182,0.006103633318063704
2025-12-02 10:53:00,2025-12-02 11:53:00,long,128.35,128.35,0.0,0.006103633318063704,0.0,0.0,129.13579700523715,127.56898460410557,60,timeout_1h,0.9151175213675213,0.006103633318063704
2025-12-02 13:17:00,2025-12-02 13:27:00,long,130.12,130.91663347348234,0.006122298443608454,0.006103633318063704,0.006103633318063704,0.008265774904837868,130.91663347348234,129.32821407624633,10,take_profit,0.9324137667887668,0.006103633318063704
2025-12-02 13:28:00,2025-12-02 14:26:00,long,130.75,131.5504905215018,0.006122298443608454,0.006103633318063704,0.006103633318063704,0.008756956778236732,131.5504905215018,129.9543804985337,58,take_profit,0.9282318376068376,0.006103633318063704
2025-12-02 14:32:00,2025-12-02 14:36:00,long,131.4,132.20447001549016,0.006122298443608454,0.006103633318063704,0.006103633318063704,0.038737631964290156,132.20447001549016,130.60042521994134,4,take_profit,0.9015796703296703,0.006103633318063704
2025-12-02 14:39:00,2025-12-02 14:45:00,long,131.67,132.4761230360699,0.006122298443608454,0.006103633318063704,0.006103633318063704,0.03668494564654816,132.4761230360699,130.8687822580645,6,take_profit,0.9168498168498168,0.006103633318063704
2025-12-02 14:46:00,2025-12-02 14:49:00,long,132.6,133.41181677362246,0.006122298443608454,0.006103633318063704,0.006103633318063704,0.04504834502343666,133.41181677362246,131.79312316715541,3,take_profit,0.9605273199023199,0.006103633318063704
2025-12-02 14:50:00,2025-12-02 14:54:00,long,133.08,132.27020234604106,-0.0060850439882698115,0.006103633318063704,-0.006103633318063735,0.041434971624922635,133.89475547687542,132.27020234604106,4,stop_loss,0.9622367216117216,0.006103633318063704
2025-12-02 14:55:00,2025-12-02 15:03:00,long,132.72,133.53255144943572,0.006122298443608454,0.006103633318063704,0.006103633318063704,0.044143776893009815,133.53255144943572,131.91239296187683,8,take_profit,0.9784913003663004,0.006103633318063704
2025-12-02 15:04:00,2025-12-02 15:08:00,long,133.82,134.6392859777237,0.006122298443608454,0.006103633318063704,0.006103633318063704,0.035889809420527996,134.6392859777237,133.00569941348974,4,take_profit,0.9710050366300367,0.006103633318063704
2025-12-02 15:09:00,2025-12-02 15:13:00,long,134.3,135.12222468097661,0.006122298443608454,0.006103633318063704,0.006103633318063704,0.032309319246006864,135.12222468097661,133.48277859237538,4,take_profit,0.9851343101343102,0.006103633318063704
2025-12-02 15:14:00,2025-12-02 15:15:00,long,135.68,136.5106734528288,0.006122298443608454,0.006103633318063704,0.006103633318063704,0.023455077716705238,136.5106734528288,134.85438123167157,1,take_profit,0.9852754884004884,0.006103633318063704
2025-12-02 15:16:00,2025-12-02 15:29:00,long,136.19,135.36127785923753,-0.0060850439882698115,0.006103633318063704,-0.006103633318063735,0.019703280179432087,137.02379582503502,135.36127785923753,13,stop_loss,0.9923267704517704,0.006103633318063704
2025-12-02 15:30:00,2025-12-02 15:41:00,long,135.9,136.73202035848638,0.006122298443608454,0.006103633318063704,0.006103633318063704,0.02183492860319995,136.73202035848638,135.07304252199413,11,take_profit,0.9869276556776557,0.006103633318063704
2025-12-02 15:42:00,2025-12-02 15:43:00,long,137.47,138.31163236704285,0.006122298443608454,0.006103633318063704,0.006103633318063704,0.013941786843094845,138.31163236704285,136.63348900293255,1,take_profit,0.9747519841269842,0.006103633318063704
2025-12-02 15:44:00,2025-12-02 15:45:00,long,138.44,139.28757099653316,0.006122298443608454,0.006103633318063704,0.006103633318063704,0.006910479559280012,139.28757099653316,137.59758651026394,1,take_profit,0.996432387057387,0.006103633318063704
2025-12-02 15:46:00,2025-12-02 15:54:00,long,138.65,137.8063086510264,-0.0060850439882698115,0.006103633318063704,-0.006103633318063735,0.0053947262646363665,139.4988566792063,137.8063086510264,8,stop_loss,0.9959745115995116,0.006103633318063704
2025-12-02 15:55:00,2025-12-02 16:10:00,long,137.89,138.73420373238915,0.006122298443608454,0.006103633318063704,0.006103633318063704,0.011106417353279918,138.73420373238915,137.05093328445747,15,take_profit,0.991231684981685,0.006103633318063704
2025-12-02 16:11:00,2025-12-02 16:15:00,long,138.9,138.05478739002933,-0.0060850439882698115,0.006103633318063704,-0.006103633318063735,0.007816741726435818,139.75038725381722,138.05478739002933,4,stop_loss,0.9856646825396825,0.006103633318063704
2025-12-02 16:16:00,2025-12-02 16:22:00,long,138.51,137.66716055718473,-0.0060850439882699225,0.006103633318063704,-0.006103633318063847,0.010628466299726642,139.3579995574242,137.66716055718473,6,stop_loss,0.9786095848595848,0.006103633318063704
2025-12-02 16:23:00,2025-12-02 16:29:00,long,137.45,138.29150992107398,0.006122298443608454,0.006103633318063704,0.006103633318063704,0.019881084121785554,138.29150992107398,136.6136107038123,6,take_profit,0.9664911477411477,0.006103633318063704
2025-12-02 16:30:00,2025-12-02 16:56:00,long,138.75,139.59946890905067,0.006122298443608454,0.006103633318063704,0.006103633318063704,0.01395621149379934,139.59946890905067,137.90570014662757,26,take_profit,0.9791819291819291,0.006103633318063704
2025-12-02 16:57:00,2025-12-02 17:18:00,long,139.36,140.21320351110128,0.006122298443608454,0.006103633318063704,0.006103633318063704,0.010066839735681378,140.21320351110128,138.51198826979473,21,take_profit,0.9248778998778999,0.006103633318063704
2025-12-02 17:19:00,2025-12-02 17:31:00,long,139.96,140.81687689016744,0.006122298443608454,0.006103633318063704,0.006103633318063704,0.005770685340386684,140.81687689016744,139.10833724340176,12,take_profit,0.9303838522588522,0.006103633318063704
2025-12-02 17:32:00,2025-12-02 17:51:00,long,140.2,139.34687683284457,-0.0060850439882697005,0.006103633318063704,-0.006103633318063623,0.0009980752236530624,141.05834624179388,139.34687683284457,19,stop_loss,0.9127251221001221,0.006103633318063704
2025-12-02 17:52:00,2025-12-02 18:23:00,long,139.36,140.21320351110128,0.006122298443608454,0.006103633318063704,0.006103633318063704,0.005724114083888422,140.21320351110128,138.51198826979473,31,take_profit,0.930406746031746,0.006103633318063704
2025-12-03 14:03:00,2025-12-03 14:10:00,long,139.27,140.12265250424136,0.006122298443608454,0.006103633318063704,0.006103633318063704,0.028874697264378205,140.12265250424136,138.42253592375368,7,take_profit,0.9676816239316239,0.006103633318063704
2025-12-03 14:11:00,2025-12-03 14:26:00,long,140.02,140.87724422807406,0.006122298443608454,0.006103633318063704,0.006103633318063704,0.023503922780327115,140.87724422807406,139.16797214076246,15,take_profit,0.9920520451770451,0.006103633318063704
2025-12-03 14:27:00,2025-12-03 14:41:00,long,140.77,141.63183595190677,0.006122298443608454,0.006103633318063704,0.006103633318063704,0.018161839489504665,141.63183595190677,139.91340835777126,14,take_profit,0.9702152014652015,0.006103633318063704
2025-12-03 14:42:00,2025-12-03 14:46:00,long,143.13,142.25904765395893,-0.0060850439882698115,0.006103633318063704,-0.006103633318063735,0.0015358841332535678,144.00628457623367,142.25904765395893,4,stop_loss,0.9859928266178266,0.006103633318063704
2025-12-03 14:47:00,2025-12-03 14:52:00,long,141.95,141.08622800586508,-0.0060850439882699225,0.006103633318063704,-0.006103633318063847,-0.00021136435771085922,142.8190602640702,141.08622800586508,5,stop_loss,0.993482905982906,0.006103633318063704
2025-12-03 14:53:00,2025-12-03 15:05:00,long,141.1,141.96385631039314,0.006122298443608454,0.006103633318063704,0.006103633318063704,0.005724194987677921,141.96385631039314,140.2414002932551,12,take_profit,0.9901976495726496,0.006103633318063704
2025-12-03 15:06:00,2025-12-03 15:14:00,long,141.42,140.55945307917887,-0.0060850439882698115,0.006103633318063704,-0.006103633318063735,0.0006361997881853649,142.28581544589508,140.55945307917887,8,stop_loss,0.9853250915750916,0.006103633318063704
2025-12-03 15:15:00,2025-12-03 16:12:00,long,140.77,139.91340835777126,-0.0060850439882699225,0.006103633318063704,-0.006103633318063847,0.004253214039067142,141.63183595190677,139.91340835777126,57,stop_loss,0.9726839133089134,0.006103633318063704
2025-12-03 16:36:00,2025-12-03 16:58:00,long,141.39,140.52963563049852,-0.0060850439882698115,0.006103633318063704,-0.006103633318063735,0.0012016258735135829,142.25563177694178,140.52963563049852,22,stop_loss,0.9145260989010989,0.006103633318063704
2025-12-03 21:00:00,2025-12-03 21:16:00,long,141.62,142.48703990558383,0.006122298443608454,0.006103633318063704,0.006103633318063704,0.029156990104565995,142.48703990558383,140.75823607038123,16,take_profit,0.9038118131868131,0.006103633318063704
2025-12-03 21:57:00,2025-12-03 21:59:00,long,145.0,145.88773327432324,0.006122298443608454,0.006103633318063704,0.006103633318063704,0.005570661907619565,145.88773327432324,144.1176686217009,2,take_profit,0.9025221306471306,0.006103633318063704
2025-12-03 22:00:00,2025-12-03 22:02:00,long,145.81,144.92273973607038,-0.0060850439882698115,0.006103633318063704,-0.006103633318063735,-0.0025407738990252467,146.70269233606254,144.92273973607038,2,stop_loss,0.9868398962148962,0.006103633318063704
2025-12-03 22:03:00,2025-12-03 22:06:00,long,143.75,144.6300804012687,0.006122298443608454,0.006103633318063704,0.006103633318063704,0.009829789795876953,144.6300804012687,142.87527492668622,3,take_profit,0.9889728327228328,0.006103633318063704
2025-12-03 22:07:00,2025-12-03 22:25:00,long,144.63,143.74992008797653,-0.0060850439882698115,0.006103633318063704,-0.006103633318063735,0.006134777124226415,145.51546802389907,143.74992008797653,18,stop_loss,0.9925862332112332,0.006103633318063704
2025-12-03 22:26:00,2025-12-03 22:39:00,long,143.54,144.41879471859556,0.006122298443608454,0.006103633318063704,0.006103633318063704,0.013699792207941038,144.41879471859556,142.66655278592376,13,take_profit,0.9664720695970695,0.006103633318063704
2025-12-03 22:40:00,2025-12-03 23:01:00,long,144.28,145.16332521944383,0.006122298443608454,0.006103633318063704,0.006103633318063704,0.008557678174528724,145.16332521944383,143.40204985337243,21,take_profit,0.9465086996336997,0.006103633318063704
2025-12-03 23:02:00,2025-12-03 23:07:00,long,144.7,145.58589658479013,0.006122298443608454,0.006103633318063704,0.006103633318063704,0.005650900572428823,145.58589658479013,143.81949413489735,5,take_profit,0.9354242979242979,0.006103633318063704
2025-12-03 23:08:00,2025-12-04 00:08:00,long,145.22,144.89,-0.0022724142680072834,0.006103633318063704,-0.0022750001194699106,0.001032382486132806,146.10908017998082,144.33632991202344,60,timeout_1h,0.9467147435897436,0.006103633318063704
2025-12-04 01:13:00,2025-12-04 01:19:00,long,146.5,145.60854105571846,-0.0060850439882699225,0.006103633318063704,-0.006103633318063847,0.0015687347622533483,147.39691672198865,145.60854105571846,6,stop_loss,0.9119887057387057,0.006103633318063704
2025-12-04 01:20:00,2025-12-04 01:46:00,long,145.9,145.01219208211145,-0.0060850439882697005,0.006103633318063704,-0.006103633318063623,0.0006851661795965106,146.79324334292247,145.01219208211145,26,stop_loss,0.9757364163614164,0.006103633318063704
2025-12-04 01:47:00,2025-12-04 02:20:00,long,144.66,145.5456516928524,0.006122298443608454,0.006103633318063704,0.006103633318063704,0.008672364904886478,145.5456516928524,143.77973753665688,33,take_profit,0.9251144688644689,0.006103633318063704
2025-12-04 14:39:00,2025-12-04 14:58:00,long,142.47,141.6030637829912,-0.0060850439882698115,0.006103633318063704,-0.006103633318063735,0.011167841344241479,143.3422438592609,141.6030637829912,19,stop_loss,0.9173916361416361,0.006103633318063704
2025-12-04 14:59:00,2025-12-04 15:05:00,long,141.78,142.6480194733348,0.006122298443608454,0.006103633318063704,0.006103633318063704,0.01602273214651018,142.6480194733348,140.91726246334312,6,take_profit,0.9124275030525031,0.006103633318063704
2025-12-04 15:06:00,2025-12-04 15:39:00,long,142.71,143.58371321088737,0.006122298443608454,0.006103633318063704,0.006103633318063704,0.009484693461081616,143.58371321088737,141.84160337243404,33,take_profit,0.9125381562881563,0.006103633318063704
2025-12-04 15:40:00,2025-12-04 16:03:00,long,143.37,142.49758724340177,-0.0060850439882698115,0.006103633318063704,-0.006103633318063735,0.001811847185554747,144.24775392786015,142.49758724340177,23,stop_loss,0.9565132783882784,0.006103633318063704
2025-12-04 16:04:00,2025-12-04 16:19:00,long,142.55,143.42273364313638,0.006122298443608454,0.006103633318063704,0.006103633318063704,0.00754773308505032,143.42273364313638,141.68257697947215,15,take_profit,0.9193528693528693,0.006103633318063704
2025-12-04 16:20:00,2025-12-04 16:38:00,long,143.46,142.5870395894428,-0.0060850439882699225,0.006103633318063704,-0.006103633318063847,0.0011842977454429968,144.33830493472007,142.5870395894428,18,stop_loss,0.915583028083028,0.006103633318063704
2025-12-04 19:15:00,2025-12-04 19:20:00,long,139.22,138.3728401759531,-0.0060850439882697005,0.006103633318063704,-0.006103633318063623,0.004943943004674056,140.07234638931916,138.3728401759531,5,stop_loss,0.9050289987789988,0.006103633318063704
2025-12-04 19:21:00,2025-12-04 19:28:00,long,138.04,138.8851220771557,0.006122298443608454,0.006103633318063704,0.006103633318063704,0.013455860515391927,138.8851220771557,137.20002052785924,7,take_profit,0.9529456654456654,0.006103633318063704
2025-12-04 19:29:00,2025-12-04 19:33:00,long,138.73,139.57934646308178,0.006122298443608454,0.006103633318063704,0.006103633318063704,0.00846976065256044,139.57934646308178,137.88582184750732,4,take_profit,0.9330013736263736,0.006103633318063704
2025-12-04 19:34:00,2025-12-04 19:46:00,long,139.03,139.88118315261488,0.006122298443608454,0.006103633318063704,0.006103633318063704,0.00630962156374247,139.88118315261488,138.18399633431085,12,take_profit,0.9736111111111111,0.006103633318063704
2025-12-04 19:47:00,2025-12-04 20:47:00,long,139.59,139.89,0.0021491510853210993,0.006103633318063704,0.0021468449636721475,0.0025756614367956703,140.4446116397433,138.7405887096774,60,timeout_1h,0.902712912087912,0.006103633318063704
2025-12-05 07:10:00,2025-12-05 08:01:00,long,140.18,139.32699853372435,-0.0060850439882698115,0.006103633318063704,-0.006103633318063735,0.001354482474055842,141.03822379582505,139.32699853372435,51,stop_loss,0.9362675518925518,0.006103633318063704
2025-12-05 14:40:00,2025-12-05 15:02:00,long,134.83,135.65546949915174,0.006122298443608454,0.006103633318063704,0.006103633318063704,0.014943779878368492,135.65546949915174,134.0095535190616,22,take_profit,0.9240995115995116,0.006103633318063704
2025-12-05 15:03:00,2025-12-05 15:05:00,long,136.14,136.97348971011283,0.006122298443608454,0.006103633318063704,0.006103633318063704,0.0052747375045464505,136.97348971011283,135.31158211143693,2,take_profit,0.9553228021978022,0.006103633318063704
2025-12-05 15:06:00,2025-12-05 15:10:00,long,136.7,135.8681744868035,-0.0060850439882699225,0.006103633318063704,-0.006103633318063847,-0.00197708115512105,137.53691819724128,135.8681744868035,4,stop_loss,0.9758547008547008,0.006103633318063704
2025-12-05 15:11:00,2025-12-05 15:45:00,long,135.97,135.14261656891495,-0.0060850439882698115,0.006103633318063704,-0.006103633318063735,0.00337738940718808,136.80244891937744,135.14261656891495,34,stop_loss,0.9861683455433455,0.006103633318063704
2025-12-05 15:46:00,2025-12-05 16:07:00,long,135.19,134.3673629032258,-0.0060850439882698115,0.006103633318063704,-0.006103633318063735,0.0030281791299812525,136.01767352659144,134.3673629032258,21,stop_loss,0.9543536324786325,0.006103633318063704
2025-12-05 16:08:00,2025-12-05 16:19:00,long,133.25,134.06579626761084,0.006122298443608454,0.006103633318063704,0.006103633318063704,0.004791504263334144,134.06579626761084,132.43916788856305,11,take_profit,0.9686736874236874,0.006103633318063704
2025-12-05 16:20:00,2025-12-05 16:32:00,long,133.79,132.97588196480936,-0.0060850439882699225,0.006103633318063704,-0.006103633318063847,0.0002989313227553798,134.60910230877036,132.97588196480936,12,stop_loss,0.9527434371184371,0.006103633318063704
2025-12-05 16:33:00,2025-12-05 16:36:00,long,133.13,132.31989809384163,-0.0060850439882698115,0.006103633318063704,-0.006103633318063735,-0.0015786509574323743,133.94506159179758,132.31989809384163,3,stop_loss,0.9337263431013431,0.006103633318063704
2025-12-05 16:37:00,2025-12-05 16:49:00,long,132.14,131.33592228739002,-0.0060850439882698115,0.006103633318063704,-0.006103633318063735,0.0027206788245373453,132.9490005163384,131.33592228739002,12,stop_loss,0.9394917582417582,0.006103633318063704
2025-12-05 16:50:00,2025-12-05 16:57:00,long,131.53,132.33526591428782,0.006122298443608454,0.006103633318063704,0.006103633318063704,0.006668206870978234,132.33526591428782,130.7296341642229,7,take_profit,0.9588522588522589,0.006103633318063704
2025-12-05 16:58:00,2025-12-05 17:23:00,long,132.35,131.54464442815248,-0.0060850439882698115,0.006103633318063704,-0.006103633318063735,0.00151000406192434,133.16028619901158,131.54464442815248,25,stop_loss,0.9697535103785104,0.006103633318063704
2025-12-05 17:24:00,2025-12-05 17:37:00,long,131.9,131.0973826979472,-0.0060850439882698115,0.006103633318063704,-0.006103633318063735,0.007477658620147211,132.70753116471195,131.0973826979472,13,stop_loss,0.926171398046398,0.006103633318063704
2025-12-05 17:39:00,2025-12-05 17:52:00,long,131.58,132.38557202921,0.006122298443608454,0.006103633318063704,0.006103633318063704,0.009906686685564292,132.38557202921,130.77932991202346,13,take_profit,0.9105120573870574,0.006103633318063704
2025-12-05 17:53:00,2025-12-05 18:41:00,long,132.39,131.58440102639295,-0.0060850439882698115,0.006103633318063704,-0.006103633318063735,0.0037696063938507367,133.2005310909493,131.58440102639295,48,stop_loss,0.9388125763125763,0.006103633318063704
2025-12-07 14:25:00,2025-12-07 14:33:00,long,128.65,127.8671590909091,-0.0060850439882698115,0.006103633318063704,-0.006103633318063735,0.008436909057156099,129.43763369477023,127.8671590909091,8,stop_loss,0.9722909035409035,0.006103633318063704
2025-12-07 14:34:00,2025-12-07 15:07:00,long,128.32,129.10561333628382,0.006122298443608454,0.006103633318063704,0.006103633318063704,0.011005303666705003,129.10561333628382,127.5391671554252,33,take_profit,0.9843902625152625,0.006103633318063704
2025-12-07 15:08:00,2025-12-07 15:12:00,long,129.02,129.80989894519436,0.006122298443608454,0.006103633318063704,0.006103633318063704,0.02230404779158964,129.80989894519436,128.23490762463345,4,take_profit,0.9634386446886447,0.006103633318063704
2025-12-07 15:13:00,2025-12-07 15:54:00,long,129.39,130.1821641956185,0.006122298443608454,0.006103633318063704,0.006103633318063704,0.019440379567823834,130.1821641956185,128.60265615835775,41,take_profit,0.9460470085470085,0.006103633318063704
2025-12-07 15:55:00,2025-12-07 16:11:00,long,131.38,130.58054692082112,-0.0060850439882697005,0.006103633318063704,-0.006103633318063623,0.004177591431358415,132.18434756952126,130.58054692082112,16,stop_loss,0.9031593406593407,0.006103633318063704
2025-12-07 16:12:00,2025-12-07 16:59:00,long,130.88,131.68128642029947,0.006122298443608454,0.006103633318063704,0.006103633318063704,0.007687368983356492,131.68128642029947,130.08358944281525,47,take_profit,0.9350236568986569,0.006103633318063704
2025-12-07 17:00:00,2025-12-07 17:16:00,long,131.79,132.59685771188316,0.006122298443608454,0.006103633318063704,0.006103633318063704,0.02731899116908208,132.59685771188316,130.98805205278592,16,take_profit,0.925473137973138,0.006103633318063704
2025-12-07 17:17:00,2025-12-07 17:21:00,long,132.62,133.43193921959136,0.006122298443608454,0.006103633318063704,0.006103633318063704,0.021336132008849387,133.43193921959136,131.81300146627567,4,take_profit,0.9276862026862027,0.006103633318063704
2025-12-07 17:22:00,2025-12-07 17:30:00,long,133.55,134.3676329571439,0.006122298443608454,0.006103633318063704,0.006103633318063704,0.015085932446849713,134.3676329571439,132.73734237536658,8,take_profit,0.9686278998778999,0.006103633318063704
2025-12-07 17:31:00,2025-12-07 17:35:00,long,134.43,135.2530205797743,0.006122298443608454,0.006103633318063704,0.006103633318063704,0.011758316281331272,135.2530205797743,133.6119875366569,4,take_profit,0.9739125457875458,0.006103633318063704
2025-12-07 17:36:00,2025-12-07 18:18:00,long,134.89,135.71583683705833,0.006122298443608454,0.006103633318063704,0.006103633318063704,0.008342302265904367,135.71583683705833,134.06918841642226,42,take_profit,0.994223137973138,0.006103633318063704
2025-12-07 18:19:00,2025-12-07 19:19:00,long,135.56,135.41,-0.0011065210976689555,0.006103633318063704,-0.0011071337441179274,0.004049035605131696,136.38993877701557,134.73511143695015,60,timeout_1h,0.9160027472527472,0.006103633318063704
2025-12-07 21:49:00,2025-12-07 21:56:00,long,133.45,132.63795087976538,-0.0060850439882698115,0.006103633318063704,-0.006103633318063735,-0.0006746374079944381,134.26702072729952,132.63795087976538,7,stop_loss,0.9278311965811966,0.006103633318063704
2025-12-07 21:57:00,2025-12-07 22:05:00,long,132.7,131.89251466275658,-0.0060850439882698115,0.006103633318063704,-0.006103633318063735,0.002558893546510363,133.51242900346682,131.89251466275658,8,stop_loss,0.94560057997558,0.006103633318063704
2025-12-07 22:06:00,2025-12-07 22:10:00,long,130.41,131.20840894003098,0.006122298443608454,0.006103633318063704,0.006103633318063704,0.01582383721122152,131.20840894003098,129.61644941348973,4,take_profit,0.9809638278388279,0.006103633318063704
2025-12-07 22:11:00,2025-12-07 22:12:00,long,131.5,130.6998167155425,-0.0060850439882699225,0.006103633318063704,-0.006103633318063847,0.007500319262212521,132.30508224533452,130.6998167155425,1,stop_loss,0.9986454517704517,0.006103633318063704
2025-12-07 22:13:00,2025-12-07 22:33:00,long,130.95,131.7517149811905,0.006122298443608454,0.006103633318063704,0.006103633318063704,0.011691599926310983,131.7517149811905,130.15316348973604,20,take_profit,0.9987675518925518,0.006103633318063704
2025-12-07 22:34:00,2025-12-07 22:55:00,long,131.88,131.07750439882696,-0.0060850439882699225,0.006103633318063704,-0.006103633318063847,0.004614752676501593,132.6874087187431,131.07750439882696,21,stop_loss,0.9643582112332112,0.006103633318063704
2025-12-07 22:56:00,2025-12-07 23:55:00,long,131.09,131.89257210297262,0.006122298443608454,0.006103633318063704,0.006103633318063704,0.006159949513551069,131.89257210297262,130.2923115835777,59,take_profit,0.9739888583638584,0.006103633318063704
2025-12-07 23:58:00,2025-12-08 00:58:00,long,132.21,131.5,-0.005370244308297467,0.006103633318063704,-0.005384715904186139,0.0027946692912401904,133.0194290772295,131.40549633431087,60,timeout_1h,0.9045138888888888,0.006103633318063704
2025-12-08 01:29:00,2025-12-08 01:39:00,long,133.37,134.18653094342406,0.006122298443608454,0.006103633318063704,0.006103633318063704,0.006576512754670962,134.18653094342406,132.55843768328447,10,take_profit,0.9098634004884005,0.006103633318063704
2025-12-08 01:40:00,2025-12-08 01:53:00,long,134.06,133.24423900293255,-0.0060850439882698115,0.006103633318063704,-0.006103633318063735,-0.00104485418864651,134.88075532935017,133.24423900293255,13,stop_loss,0.939957264957265,0.006103633318063704
2025-12-08 09:06:00,2025-12-08 09:15:00,long,138.82,137.9752741935484,-0.0060850439882697005,0.006103633318063704,-0.006103633318063623,-0.0011532363970932606,139.66989746994173,137.9752741935484,9,stop_loss,0.9546245421245422,0.006103633318063704
2025-12-08 09:16:00,2025-12-08 10:16:00,long,137.91,138.43,0.0037705750126895143,0.006103633318063704,0.0037634842133973685,0.005351473575540798,138.75432617835804,137.0708115835777,60,timeout_1h,0.9376907814407814,0.006103633318063704
2025-12-08 14:36:00,2025-12-08 14:44:00,long,137.58,138.42230581987167,0.006122298443608454,0.006103633318063704,0.006103633318063704,0.006881342571919472,138.42230581987167,136.74281964809384,8,take_profit,0.9119429181929182,0.006103633318063704
2025-12-08 14:45:00,2025-12-08 14:56:00,long,138.35,137.50813416422287,-0.0060850439882698115,0.006103633318063704,-0.006103633318063735,0.0013002024368528509,139.19701998967324,137.50813416422287,11,stop_loss,0.9394078144078144,0.006103633318063704
2025-12-08 14:57:00,2025-12-08 15:11:00,long,137.11,136.27567961876835,-0.0060850439882697005,0.006103633318063704,-0.006103633318063623,0.0026221881147649806,137.94942833960317,136.27567961876835,14,stop_loss,0.9129082722832723,0.006103633318063704
2025-12-08 15:12:00,2025-12-08 15:25:00,long,136.28,135.4507302052786,-0.0060850439882697005,0.006103633318063704,-0.006103633318063623,0.0019060191973683117,137.11434683189495,135.4507302052786,13,stop_loss,0.9566277472527472,0.006103633318063704
2025-12-08 15:26:00,2025-12-08 15:33:00,long,135.57,136.39999999999998,0.006122298443608454,0.006103633318063704,0.006103633318063704,0.006103633318063704,136.39999999999998,134.74505058651025,7,take_profit,0.971340811965812,0.006103633318063704
2025-12-08 15:34:00,2025-12-08 15:37:00,long,136.39,135.56006085043987,-0.0060850439882698115,0.006103633318063704,-0.006103633318063735,-0.000440011740745221,137.22502028472374,135.56006085043987,3,stop_loss,0.9564293345543345,0.006103633318063704
2025-12-08 15:38:00,2025-12-08 16:02:00,long,135.77,134.9438335777126,-0.0060850439882699225,0.006103633318063704,-0.006103633318063847,0.004482829480316829,136.60122445968872,134.9438335777126,24,stop_loss,0.96001221001221,0.006103633318063704
2025-12-08 16:03:00,2025-12-08 16:20:00,long,134.84,135.66553072213617,0.006122298443608454,0.006103633318063704,0.006103633318063704,0.011356216726646754,135.66553072213617,134.0194926686217,17,take_profit,0.9381982600732601,0.006103633318063704
2025-12-08 16:21:00,2025-12-08 16:53:00,long,136.18,135.35133870967744,-0.0060850439882697005,0.006103633318063704,-0.006103633318063623,0.001467567037686127,137.01373460205062,135.35133870967744,32,stop_loss,0.9307425213675213,0.006103633318063704
2025-12-08 18:00:00,2025-12-08 18:28:00,long,136.01,135.18237316715542,-0.0060850439882698115,0.006103633318063704,-0.006103633318063735,0.0006614972127583614,136.84269381131517,135.18237316715542,28,stop_loss,0.9051091269841269,0.006103633318063704
2025-12-08 18:49:00,2025-12-08 18:56:00,long,134.98,134.15864076246334,-0.0060850439882698115,0.006103633318063704,-0.006103633318063735,0.0008886256508927138,135.80638784391826,134.15864076246334,7,stop_loss,0.9036858974358974,0.006103633318063704
2025-12-08 18:57:00,2025-12-08 19:10:00,long,133.35,134.1664084974552,0.006122298443608454,0.006103633318063704,0.006103633318063704,0.00843823847233683,134.1664084974552,132.53855938416422,13,take_profit,0.9218788156288157,0.006103633318063704
2025-12-08 19:11:00,2025-12-08 20:11:00,long,133.91,134.17,0.0019416025688894223,0.006103633318063704,0.001939720094905365,0.00424755659288536,134.7298369845836,133.09515175953078,60,timeout_1h,0.9289072039072039,0.006103633318063704
2025-12-08 20:58:00,2025-12-08 21:58:00,long,133.92,134.47,0.004106929510155455,0.006103633318063704,0.004098519094613534,0.004098519094613534,134.73989820756802,133.1050909090909,60,timeout_1h,0.9090850122100123,0.006103633318063704
2025-12-09 14:37:00,2025-12-09 15:02:00,long,132.58,133.39169432765362,0.006122298443608454,0.006103633318063704,0.006103633318063704,0.014006145901627989,133.39169432765362,131.7732448680352,25,take_profit,0.9038499694749694,0.006103633318063704
2025-12-09 15:03:00,2025-12-09 15:11:00,long,133.66,132.84667302052785,-0.0060850439882699225,0.006103633318063704,-0.006103633318063847,0.04197649765887078,134.4783064099727,132.84667302052785,8,stop_loss,0.980540293040293,0.006103633318063704
2025-12-09 15:12:00,2025-12-09 15:29:00,long,133.36,134.17646972043963,0.006122298443608454,0.006103633318063704,0.006103633318063704,0.052297588955087654,134.17646972043963,132.54849853372434,17,take_profit,0.9908386752136752,0.006103633318063704
2025-12-09 15:30:00,2025-12-09 15:39:00,long,134.11,134.93106144427233,0.006122298443608454,0.006103633318063704,0.006103633318063704,0.05469886755367674,134.93106144427233,133.29393475073314,9,take_profit,0.9477907509157509,0.006103633318063704
2025-12-09 15:40:00,2025-12-09 15:44:00,long,135.18,136.007612303607,0.006122298443608454,0.006103633318063704,0.006103633318063704,0.059518730438090445,136.007612303607,134.3574237536657,4,take_profit,0.9314407814407815,0.006103633318063704
2025-12-09 15:45:00,2025-12-09 15:50:00,long,136.47,137.30551006859923,0.006122298443608454,0.006103633318063704,0.006103633318063704,0.05009084241405927,137.30551006859923,135.6395740469208,5,take_profit,0.9810019841269841,0.006103633318063704
2025-12-09 15:51:00,2025-12-09 16:00:00,long,138.12,138.9656118610312,0.006122298443608454,0.006103633318063704,0.006103633318063704,0.04363298351354666,138.9656118610312,137.27953372434018,9,take_profit,0.9963179181929182,0.006103633318063704
2025-12-09 16:01:00,2025-12-09 16:08:00,long,139.22,140.07234638931916,0.006122298443608454,0.006103633318063704,0.006103633318063704,0.03743168272023019,140.07234638931916,138.3728401759531,7,take_profit,0.9953296703296703,0.006103633318063704
2025-12-09 16:09:00,2025-12-09 16:11:00,long,139.53,140.3842443018367,0.006122298443608454,0.006103633318063704,0.006103633318063704,0.035760831722585595,140.3842443018367,138.68095381231672,2,take_profit,0.9954784798534798,0.006103633318063704
2025-12-09 16:12:00,2025-12-09 16:13:00,long,140.52,141.38030537729588,0.006122298443608454,0.006103633318063704,0.006103633318063704,0.028690636229074522,141.38030537729588,139.66492961876833,1,take_profit,0.9955166361416361,0.006103633318063704
2025-12-09 16:14:00,2025-12-09 16:18:00,long,141.35,140.48987903225805,-0.0060850439882699225,0.006103633318063704,-0.006103633318063847,0.024321556673165788,142.21538688500405,140.48987903225805,4,stop_loss,0.9965811965811966,0.006103633318063704
2025-12-09 16:19:00,2025-12-09 16:25:00,long,140.43,141.28975437043593,0.006122298443608454,0.006103633318063704,0.006103633318063704,0.030851496832676212,141.28975437043593,139.57547727272728,6,take_profit,0.9988476800976801,0.006103633318063704
2025-12-09 16:26:00,2025-12-09 16:31:00,long,141.07,141.93367264143984,0.006122298443608454,0.006103633318063704,0.006103633318063704,0.026304419726354077,141.93367264143984,140.21158284457476,5,take_profit,0.9807005494505494,0.006103633318063704
2025-12-09 16:32:00,2025-12-09 16:34:00,long,142.4,143.27181529836986,0.006122298443608454,0.006103633318063704,0.006103633318063704,0.016920641834889713,143.27181529836986,141.53348973607038,2,take_profit,0.9821085164835165,0.006103633318063704
2025-12-09 16:35:00,2025-12-09 16:49:00,long,143.2,144.07671313712473,0.006122298443608454,0.006103633318063704,0.006103633318063704,0.01131838628621985,144.07671313712473,142.32862170087975,14,take_profit,0.9860767704517704,0.006103633318063704
2025-12-09 16:50:00,2025-12-09 17:27:00,long,144.28,143.40204985337243,-0.0060850439882698115,0.006103633318063704,-0.006103633318063735,0.0038047847774267357,145.16332521944383,143.40204985337243,37,stop_loss,0.986965811965812,0.006103633318063704
2025-12-09 17:28:00,2025-12-09 17:33:00,long,143.55,142.67649193548388,-0.0060850439882698115,0.006103633318063704,-0.006103633318063735,0.0017400387198734486,144.42885594158,142.67649193548388,5,stop_loss,0.9641674297924298,0.006103633318063704
2025-12-09 17:34:00,2025-12-09 17:40:00,long,142.67,143.5434683189496,0.006122298443608454,0.006103633318063704,0.006103633318063704,0.006636651555448509,143.5434683189496,141.80184677419354,6,take_profit,0.9730082417582417,0.006103633318063704
2025-12-09 17:41:00,2025-12-09 18:07:00,long,143.62,142.7460659824047,-0.0060850439882698115,0.006103633318063704,-0.006103633318063735,-0.0005571806802457562,144.49928450247106,142.7460659824047,26,stop_loss,0.956177503052503,0.006103633318063704
2025-12-09 18:08:00,2025-12-09 19:08:00,long,142.34,141.93,-0.0028804271462694597,0.006103633318063704,-0.002884583559958616,0.004765918749124982,143.21144796046323,141.47385483870968,60,timeout_1h,0.9491185897435898,0.006103633318063704
2025-12-09 20:24:00,2025-12-09 21:18:00,long,140.43,139.57547727272728,-0.0060850439882698115,0.006103633318063704,-0.006103633318063735,0.0018497444090328416,141.28975437043593,139.57547727272728,54,stop_loss,0.9010225885225885,0.006103633318063704
2025-12-09 21:46:00,2025-12-09 21:47:00,long,138.58,137.73673460410558,-0.0060850439882698115,0.006103633318063704,-0.006103633318063735,0.004679465721958719,139.42842811831528,137.73673460410558,1,stop_loss,0.9023962148962149,0.006103633318063704
2025-12-09 21:48:00,2025-12-09 22:07:00,long,137.45,138.29150992107398,0.006122298443608454,0.006103633318063704,0.006103633318063704,0.012867027309939529,138.29150992107398,136.6136107038123,19,take_profit,0.9572535103785104,0.006103633318063704
2025-12-09 22:08:00,2025-12-09 22:38:00,long,138.36,139.20708121265767,0.006122298443608454,0.006103633318063704,0.006103633318063704,0.006268257852226059,139.20708121265767,137.518073313783,30,take_profit,0.9567498473748474,0.006103633318063704
2025-12-09 22:39:00,2025-12-09 23:14:00,long,138.77,137.92557844574782,-0.0060850439882697005,0.006103633318063704,-0.006103633318063623,0.0030220198563900434,139.61959135501957,137.92557844574782,35,stop_loss,0.9434218559218559,0.006103633318063704
2025-12-09 23:17:00,2025-12-09 23:29:00,long,137.67,138.51285682673156,0.006122298443608454,0.006103633318063704,0.006103633318063704,0.00745381024593402,138.51285682673156,136.83227199413489,12,take_profit,0.9027892246642246,0.006103633318063704
2025-12-10 10:08:00,2025-12-10 10:20:00,long,138.66,137.8162478005865,-0.0060850439882699225,0.006103633318063704,-0.006103633318063847,-0.0012989826463906215,139.50891790219075,137.8162478005865,12,stop_loss,0.9262019230769231,0.006103633318063704
2025-12-10 10:22:00,2025-12-10 10:40:00,long,137.9,137.0608724340176,-0.0060850439882698115,0.006103633318063704,-0.006103633318063735,-0.0010883367662323025,138.7442649553736,137.0608724340176,18,stop_loss,0.9034989316239316,0.006103633318063704
2025-12-10 15:38:00,2025-12-10 16:24:00,long,136.07,136.9030611492218,0.006122298443608454,0.006103633318063704,0.006103633318063704,0.007322285040522653,136.9030611492218,135.2420080645161,46,take_profit,0.9122710622710622,0.006103633318063704
2025-12-10 16:27:00,2025-12-10 16:31:00,long,137.03,136.19616642228738,-0.0060850439882699225,0.006103633318063704,-0.006103633318063847,-0.000730033613967237,137.86893855572768,136.19616642228738,4,stop_loss,0.9043956043956044,0.006103633318063704
2025-12-10 16:32:00,2025-12-10 17:28:00,long,136.15,136.9835509330973,0.006122298443608454,0.006103633318063704,0.006103633318063704,0.005712627224373645,136.9835509330973,135.32152126099706,56,take_profit,0.9321733821733822,0.006103633318063704
2025-12-10 18:37:00,2025-12-10 18:41:00,long,138.86,138.01503079178886,-0.0060850439882699225,0.006103633318063704,-0.006103633318063847,0.0037377846852452647,139.7101423618795,138.01503079178886,4,stop_loss,0.940964590964591,0.006103633318063704
2025-12-10 18:42:00,2025-12-10 18:57:00,long,137.65,136.81239369501466,-0.0060850439882698115,0.006103633318063704,-0.006103633318063735,0.011700263476384237,138.4927343807627,136.81239369501466,15,stop_loss,0.9930822649572649,0.006103633318063704
2025-12-10 18:58:00,2025-12-10 19:00:00,long,137.55,138.39212215091837,0.006122298443608454,0.006103633318063704,0.006103633318063704,0.012427007694417054,138.39212215091837,136.7130021994135,2,take_profit,0.9829517704517704,0.006103633318063704
2025-12-10 19:01:00,2025-12-10 19:02:00,long,138.15,137.30935117302053,-0.0060850439882698115,0.006103633318063704,-0.006103633318063735,0.008074443695575176,138.99579552998452,137.30935117302053,1,stop_loss,0.9919184981684982,0.006103633318063704
2025-12-10 19:03:00,2025-12-10 19:06:00,long,137.08,137.91924467064985,0.006122298443608454,0.006103633318063704,0.006103633318063704,0.015849798058592417,137.91924467064985,136.24586217008797,3,take_profit,0.9942269536019536,0.006103633318063704
2025-12-10 19:07:00,2025-12-10 19:10:00,long,137.59,138.4323670428561,0.006122298443608454,0.006103633318063704,0.006103633318063704,0.012136246625275546,138.4323670428561,136.75275879765397,3,take_profit,0.9950091575091575,0.006103633318063704
2025-12-10 19:11:00,2025-12-10 19:16:00,long,138.16,139.00585675296895,0.006122298443608454,0.006103633318063704,0.006103633318063704,0.011943447245415852,139.00585675296895,137.31929032258063,5,take_profit,0.9763240231990232,0.006103633318063704
2025-12-10 19:17:00,2025-12-10 19:28:00,long,138.37,137.52801246334312,-0.0060850439882698115,0.006103633318063704,-0.006103633318063735,0.0291300018689147,139.2171424356421,137.52801246334312,11,stop_loss,0.9775259462759462,0.006103633318063704
2025-12-10 19:29:00,2025-12-10 19:32:00,long,137.69,138.53297927270046,0.006122298443608454,0.006103633318063704,0.006103633318063704,0.03405647709392672,138.53297927270046,136.85215029325514,3,take_profit,0.9824595543345543,0.006103633318063704
2025-12-10 19:33:00,2025-12-10 19:37:00,long,138.66,137.8162478005865,-0.0060850439882699225,0.006103633318063704,-0.006103633318063847,0.027036365035863496,139.50891790219075,137.8162478005865,4,stop_loss,0.9650984432234432,0.006103633318063704
2025-12-10 19:38:00,2025-12-10 19:40:00,long,138.73,137.88582184750732,-0.0060850439882698115,0.006103633318063704,-0.006103633318063735,0.026531660457573637,139.57934646308178,137.88582184750732,2,stop_loss,0.9894001831501832,0.006103633318063704
2025-12-10 19:41:00,2025-12-10 19:56:00,long,137.84,138.68389761746698,0.006122298443608454,0.006103633318063704,0.006103633318063704,0.03296766633053355,138.68389761746698,137.0012375366569,15,take_profit,0.9901709401709402,0.006103633318063704
2025-12-10 19:57:00,2025-12-10 20:09:00,long,138.4,139.2473261045954,0.006122298443608454,0.006103633318063704,0.006103633318063704,0.028913215366638566,139.2473261045954,137.55782991202346,12,take_profit,0.9714094932844933,0.006103633318063704
2025-12-10 20:10:00,2025-12-10 20:12:00,long,139.36,140.21320351110128,0.006122298443608454,0.006103633318063704,0.006103633318063704,0.02200074544601514,140.21320351110128,138.51198826979473,2,take_profit,0.956662087912088,0.006103633318063704
2025-12-10 20:13:00,2025-12-10 20:15:00,long,140.97,141.83306041159548,0.006122298443608454,0.006103633318063704,0.006103633318063704,0.010514156767373679,141.83306041159548,140.1121913489736,2,take_profit,0.9887973137973138,0.006103633318063704
2025-12-10 20:16:00,2025-12-10 20:19:00,long,142.42,141.5533680351906,-0.0060850439882698115,0.006103633318063704,-0.006103633318063735,0.00028081999622925726,143.2919377443387,141.5533680351906,3,stop_loss,0.9893658424908425,0.006103633318063704
2025-12-10 20:20:00,2025-12-10 20:22:00,long,140.96,140.1022521994135,-0.0060850439882698115,0.006103633318063704,-0.006103633318063735,0.0007800588985414698,141.82299918861105,140.1022521994135,2,stop_loss,0.9992330586080586,0.006103633318063704
2025-12-10 20:23:00,2025-12-10 20:51:00,long,140.22,139.3667551319648,-0.0060850439882699225,0.006103633318063704,-0.006103633318063847,0.004979735694215192,141.07846868776278,139.3667551319648,28,stop_loss,0.9995612026862026,0.006103633318063704
2025-12-10 20:52:00,2025-12-10 20:54:00,long,138.84,137.9951524926686,-0.0060850439882699225,0.006103633318063704,-0.006103633318063847,-0.0005763688920366002,139.6900199159106,137.9951524926686,2,stop_loss,0.9865041208791209,0.006103633318063704
2025-12-10 20:55:00,2025-12-10 21:05:00,long,138.11,137.26959457478006,-0.0060850439882699225,0.006103633318063704,-0.006103633318063847,0.0046953530117115234,138.9555506380468,137.26959457478006,10,stop_loss,0.9911973443223443,0.006103633318063704
2025-12-10 21:06:00,2025-12-10 21:20:00,long,137.15,137.9896732315409,0.006122298443608454,0.006103633318063704,0.006103633318063704,0.0069028430316340214,137.9896732315409,136.3154362170088,14,take_profit,0.9891025641025641,0.006103633318063704
2025-12-10 21:21:00,2025-12-10 21:31:00,long,137.95,137.11056818181817,-0.0060850439882698115,0.006103633318063704,-0.006103633318063735,0.0005073015291607309,138.79457107029577,137.11056818181817,10,stop_loss,0.984878663003663,0.006103633318063704
2025-12-10 21:32:00,2025-12-10 21:44:00,long,137.03,137.86893855572768,0.006122298443608454,0.006103633318063704,0.006103633318063704,0.006763908110530607,137.86893855572768,136.19616642228738,12,take_profit,0.9556204212454212,0.006103633318063704
2025-12-10 21:45:00,2025-12-10 22:13:00,long,137.62,136.78257624633432,-0.0060850439882698115,0.006103633318063704,-0.006103633318063735,0.0024675242943064026,138.4625507118094,136.78257624633432,28,stop_loss,0.9535905067155067,0.006103633318063704
2025-12-10 22:14:00,2025-12-10 22:18:00,long,136.65,135.81847873900293,-0.0060850439882699225,0.006103633318063704,-0.006103633318063847,0.007654493360532044,137.4866120823191,135.81847873900293,4,stop_loss,0.9408081501831502,0.006103633318063704
2025-12-10 22:19:00,2025-12-10 22:24:00,long,135.48,136.30944899314005,0.006122298443608454,0.006103633318063704,0.006103633318063704,0.01625337778503826,136.30944899314005,134.6555982404692,5,take_profit,0.9677464896214896,0.006103633318063704
2025-12-10 22:25:00,2025-12-10 22:39:00,long,136.55,137.38599985247475,0.006122298443608454,0.006103633318063704,0.006103633318063704,0.008386557814894925,137.38599985247475,135.71908724340176,14,take_profit,0.9369619963369963,0.006103633318063704
2025-12-10 22:40:00,2025-12-10 23:40:00,long,137.13,136.7,-0.003135710639539213,0.006103633318063704,-0.0031406372818589033,0.004148024722846382,137.969550785572,136.29555791788854,60,timeout_1h,0.9607791514041514,0.006103633318063704
2025-12-11 00:42:00,2025-12-11 01:14:00,long,134.08,133.2641173020528,-0.0060850439882698115,0.006103633318063704,-0.006103633318063735,0.0016394667954189935,134.90087777531903,133.2641173020528,32,stop_loss,0.9081730769230769,0.006103633318063704
2025-12-11 01:29:00,2025-12-11 02:01:00,long,133.45,132.63795087976538,-0.0060850439882698115,0.006103633318063704,-0.006103633318063735,0.0022455099255828236,134.26702072729952,132.63795087976538,32,stop_loss,0.909581043956044,0.006103633318063704
2025-12-11 02:22:00,2025-12-11 02:29:00,long,131.89,131.08744354838709,-0.0060850439882698115,0.006103633318063704,-0.006103633318063735,-0.000303329038497716,132.69746994172752,131.08744354838709,7,stop_loss,0.9086462148962149,0.006103633318063704
2025-12-11 02:31:00,2025-12-11 03:03:00,long,131.13,130.3320681818182,-0.0060850439882697005,0.006103633318063704,-0.006103633318063623,0.005475715255962763,131.93281699491038,130.3320681818182,32,stop_loss,0.9053876678876679,0.006103633318063704
2025-12-11 03:04:00,2025-12-11 03:11:00,long,130.35,129.55681451612904,-0.0060850439882697005,0.006103633318063704,-0.006103633318063623,0.0005368715855454745,131.14804160212435,129.55681451612904,7,stop_loss,0.9060935592185592,0.006103633318063704
2025-12-11 03:12:00,2025-12-11 03:44:00,long,129.74,128.95052639296188,-0.0060850439882699225,0.006103633318063704,-0.006103633318063847,0.004307036345890044,130.53430700007377,128.95052639296188,32,stop_loss,0.9538232600732601,0.006103633318063704
2025-12-11 03:45:00,2025-12-11 04:12:00,long,129.34,130.13185808069633,0.006122298443608454,0.006103633318063704,0.006103633318063704,0.00585878950001269,130.13185808069633,128.55296041055718,27,take_profit,0.941632326007326,0.006103633318063704
2025-12-11 04:14:00,2025-12-11 04:50:00,long,129.92,130.7154090137936,0.006122298443608454,0.006103633318063704,0.006103633318063704,0.011555514080549098,130.7154090137936,129.12943108504396,36,take_profit,0.9080624236874237,0.006103633318063704
2025-12-11 04:58:00,2025-12-11 05:58:00,long,131.0,131.1,0.0007633587786259888,0.006103633318063704,0.0007630675685026486,0.0011443831117311865,131.8020210961127,130.20285923753664,60,timeout_1h,0.9211538461538461,0.006103633318063704
2025-12-11 14:43:00,2025-12-11 14:50:00,long,130.83,130.03389369501468,-0.0060850439882697005,0.006103633318063704,-0.006103633318063623,0.01291026436980247,131.6309803053773,130.03389369501468,7,stop_loss,0.9037164224664225,0.006103633318063704
2025-12-11 14:51:00,2025-12-11 14:58:00,long,130.4,131.19834771704654,0.006122298443608454,0.006103633318063704,0.006103633318063704,0.01620238540003466,131.19834771704654,129.60651026392964,7,take_profit,0.9463026556776557,0.006103633318063704
2025-12-11 14:59:00,2025-12-11 15:17:00,long,130.57,131.36938850778196,0.006122298443608454,0.006103633318063704,0.006103633318063704,0.01489955347264015,131.36938850778196,129.7754758064516,18,take_profit,0.9469436813186813,0.006103633318063704
2025-12-11 15:18:00,2025-12-11 15:23:00,long,131.34,132.14410267758353,0.006122298443608454,0.006103633318063704,0.006103633318063704,0.009019654129760853,132.14410267758353,130.54079032258065,5,take_profit,0.9203449328449328,0.006103633318063704
2025-12-11 15:24:00,2025-12-11 15:30:00,long,132.53,131.7235491202346,-0.0060850439882699225,0.006103633318063704,-0.006103633318063847,-0.00030186401255556937,133.34138821273143,131.7235491202346,6,stop_loss,0.9422313797313797,0.006103633318063704
2025-12-11 15:31:00,2025-12-11 15:49:00,long,131.63,130.82902565982403,-0.0060850439882699225,0.006103633318063704,-0.006103633318063847,0.001366535287058068,132.43587814413218,130.82902565982403,18,stop_loss,0.9679334554334554,0.006103633318063704
2025-12-11 15:50:00,2025-12-11 16:43:00,long,130.77,131.57061296747068,0.006122298443608454,0.006103633318063704,0.006103633318063704,0.007997300706162848,131.57061296747068,129.97425879765396,53,take_profit,0.9663499694749694,0.006103633318063704
2025-12-11 16:44:00,2025-12-11 17:37:00,long,131.37,132.17428634653686,0.006122298443608454,0.006103633318063704,0.006103633318063704,0.006827518556539215,132.17428634653686,130.570607771261,53,take_profit,0.9104471916971917,0.006103633318063704
2025-12-11 18:08:00,2025-12-11 18:15:00,long,132.8,133.6130412333112,0.006122298443608454,0.006103633318063704,0.006103633318063704,0.01961066462494653,133.6130412333112,131.99190615835778,7,take_profit,0.9073985042735043,0.006103633318063704
2025-12-11 18:17:00,2025-12-11 18:36:00,long,133.57,134.38775540311278,0.006122298443608454,0.006103633318063704,0.006103633318063704,0.01382921667826599,134.38775540311278,132.7572206744868,19,take_profit,0.9057348901098901,0.006103633318063704
2025-12-11 18:43:00,2025-12-11 18:52:00,long,135.01,134.18845821114368,-0.0060850439882698115,0.006103633318063704,-0.006103633318063735,0.00310605189812526,135.83657151287156,134.18845821114368,9,stop_loss,0.9412469474969475,0.006103633318063704
2025-12-11 18:53:00,2025-12-11 19:22:00,long,134.23,135.05179612008556,0.006122298443608454,0.006103633318063704,0.006103633318063704,0.007422285985723624,135.05179612008556,133.41320454545453,29,take_profit,0.9642895299145299,0.006103633318063704
2025-12-11 19:23:00,2025-12-11 19:52:00,long,135.23,134.40711950146627,-0.0060850439882698115,0.006103633318063704,-0.006103633318063735,-0.00029583610895442947,136.05791841852917,134.40711950146627,29,stop_loss,0.9479662698412699,0.006103633318063704
2025-12-11 19:55:00,2025-12-11 20:33:00,long,134.23,135.05179612008556,0.006122298443608454,0.006103633318063704,0.006103633318063704,0.008826313557954608,135.05179612008556,133.41320454545453,38,take_profit,0.9058150183150183,0.006103633318063704
2025-12-11 20:41:00,2025-12-11 20:57:00,long,135.39,136.21889798628013,0.006122298443608454,0.006103633318063704,0.006103633318063704,0.016046063590848668,136.21889798628013,134.56614589442813,16,take_profit,0.9127403846153846,0.006103633318063704
2025-12-11 20:58:00,2025-12-11 21:08:00,long,136.64,137.47655085933465,0.006122298443608454,0.006103633318063704,0.006103633318063704,0.006855836057608555,137.47655085933465,135.8085395894428,10,take_profit,0.9393391330891331,0.006103633318063704
2025-12-11 21:09:00,2025-12-11 22:09:00,long,136.97,137.04,0.0005110608162370855,0.006103633318063704,0.0005109302691345846,0.0044436423511383365,137.80857121782105,136.13653152492668,60,timeout_1h,0.9682119963369963,0.006103633318063704
2025-12-11 22:25:00,2025-12-11 22:33:00,long,136.08,136.91312237220626,0.006122298443608454,0.006103633318063704,0.006103633318063704,0.008050983983568856,136.91312237220626,135.25194721407627,8,take_profit,0.9263087606837607,0.006103633318063704
2025-12-11 22:34:00,2025-12-11 22:41:00,long,137.18,136.34525366568914,-0.0060850439882699225,0.006103633318063704,-0.006103633318063847,-0.0005833455029067087,138.0198569004942,136.34525366568914,7,stop_loss,0.9138965201465201,0.006103633318063704
2025-12-11 22:43:00,2025-12-11 23:43:00,long,136.29,136.58,0.002127815687137824,0.006103633318063704,0.002125555093521678,0.0024915739109748762,137.12440805487938,135.4606693548387,60,timeout_1h,0.903453144078144,0.006103633318063704
2025-12-12 01:04:00,2025-12-12 01:18:00,long,135.75,136.58110201371986,0.006122298443608454,0.006103633318063704,0.006103633318063704,0.00996856455451882,136.58110201371986,134.92395527859236,14,take_profit,0.9140911172161172,0.006103633318063704
2025-12-12 05:50:00,2025-12-12 05:59:00,long,138.07,138.915305746109,0.006122298443608454,0.006103633318063704,0.006103633318063704,0.013953045701772889,138.915305746109,137.22983797653959,9,take_profit,0.9024992368742368,0.006103633318063704
2025-12-12 06:01:00,2025-12-12 06:06:00,long,138.81,139.6598362469573,0.006122298443608454,0.006103633318063704,0.006103633318063704,0.00860775704281604,139.6598362469573,137.96533504398826,5,take_profit,0.9193337912087912,0.006103633318063704
2025-12-12 06:07:00,2025-12-12 07:07:00,long,139.31,138.88,-0.0030866413035676166,0.006103633318063704,-0.003091414806093538,0.005012182911700315,140.1628973961791,138.46229252199413,60,timeout_1h,0.9558608058608059,0.006103633318063704
2025-12-12 15:01:00,2025-12-12 15:07:00,long,138.09,137.24971627565984,-0.0060850439882697005,0.006103633318063704,-0.006103633318063623,-0.0010868384941146308,138.9354281920779,137.24971627565984,6,stop_loss,0.9064903846153847,0.006103633318063704
2025-12-12 15:08:00,2025-12-12 15:26:00,long,137.19,136.35519281524927,-0.0060850439882698115,0.006103633318063704,-0.006103633318063735,0.004218801718434275,138.02991812347864,136.35519281524927,18,stop_loss,0.9496451465201465,0.006103633318063704
2025-12-12 15:27:00,2025-12-12 15:31:00,long,135.92,135.09292082111435,-0.0060850439882698115,0.006103633318063704,-0.006103633318063735,-0.001325186088064172,136.75214280445525,135.09292082111435,4,stop_loss,0.9666437728937729,0.006103633318063704
2025-12-12 15:32:00,2025-12-12 15:36:00,long,135.28,134.45681524926687,-0.0060850439882698115,0.006103633318063704,-0.006103633318063735,0.0019938713543497005,136.10822453345136,134.45681524926687,4,stop_loss,0.9668498168498169,0.006103633318063704
2025-12-12 15:37:00,2025-12-12 15:40:00,long,134.92,134.0990058651026,-0.0060850439882699225,0.006103633318063704,-0.006103633318063847,0.0017772516526398132,135.74602050601163,134.0990058651026,3,stop_loss,0.9814293345543346,0.006103633318063704
2025-12-12 15:41:00,2025-12-12 15:47:00,long,134.17,134.99142878217893,0.006122298443608454,0.006103633318063704,0.006103633318063704,0.007351609243708941,134.99142878217893,133.35356964809384,6,take_profit,0.9843635531135531,0.006103633318063704
2025-12-12 15:48:00,2025-12-12 15:53:00,long,135.13,134.3077280058651,-0.0060850439882698115,0.006103633318063704,-0.006103633318063735,0.00022198379609462336,135.9573061886848,134.3077280058651,5,stop_loss,0.9790865384615385,0.006103633318063704
2025-12-12 15:54:00,2025-12-12 15:58:00,long,134.17,133.35356964809384,-0.0060850439882697005,0.006103633318063704,-0.006103633318063623,-0.0008201916725685986,134.99142878217893,133.35356964809384,4,stop_loss,0.9808112026862027,0.006103633318063704
2025-12-12 15:59:00,2025-12-12 16:11:00,long,133.42,132.60813343108504,-0.0060850439882698115,0.006103633318063704,-0.006103633318063735,0.0014230613194334712,134.23683705834623,132.60813343108504,12,stop_loss,0.9692918192918193,0.006103633318063704
2025-12-12 16:12:00,2025-12-12 16:21:00,long,133.0,132.19068914956011,-0.0060850439882698115,0.006103633318063704,-0.006103633318063735,0.0033777476287792157,133.81426569299992,132.19068914956011,9,stop_loss,0.9704403235653236,0.006103633318063704
2025-12-12 16:22:00,2025-12-12 16:25:00,long,132.13,132.93893929335397,0.006122298443608454,0.006103633318063704,0.006103633318063704,0.009940589424407488,132.93893929335397,131.3259831378299,3,take_profit,0.9801129426129426,0.006103633318063704
2025-12-12 16:26:00,2025-12-12 16:33:00,long,133.32,132.50874193548387,-0.0060850439882698115,0.006103633318063704,-0.006103633318063735,0.0009746224109941205,134.13622482850187,132.50874193548387,7,stop_loss,0.9604815323565323,0.006103633318063704
2025-12-12 16:34:00,2025-12-12 16:40:00,long,132.36,131.55458357771263,-0.0060850439882697005,0.006103633318063704,-0.006103633318063623,0.007751685099541081,133.17034742199604,131.55458357771263,6,stop_loss,0.9724931318681319,0.006103633318063704
2025-12-12 16:41:00,2025-12-12 17:06:00,long,131.83,132.63710260382092,0.006122298443608454,0.006103633318063704,0.006103633318063704,0.011763954383073942,132.63710260382092,131.0278086510264,25,take_profit,0.9514575702075702,0.006103633318063704
2025-12-12 17:07:00,2025-12-12 17:27:00,long,132.77,131.96208870967743,-0.0060850439882698115,0.006103633318063704,-0.006103633318063735,0.0046588602451418624,133.5828575643579,131.96208870967743,20,stop_loss,0.9205051892551892,0.006103633318063704
2025-12-12 17:28:00,2025-12-12 18:03:00,long,131.79,132.59685771188316,0.006122298443608454,0.006103633318063704,0.006103633318063704,0.006805833892547294,132.59685771188316,130.98805205278592,35,take_profit,0.9474549755799756,0.006103633318063704
2025-12-12 18:04:00,2025-12-12 18:20:00,long,132.5,131.69373167155425,-0.0060850439882698115,0.006103633318063704,-0.006103633318063735,0.004743449017548774,133.31120454377813,131.69373167155425,16,stop_loss,0.9159569597069597,0.006103633318063704
2025-12-12 18:21:00,2025-12-12 18:28:00,long,131.61,132.4157556981633,0.006122298443608454,0.006103633318063704,0.006103633318063704,0.011483090597593316,132.4157556981633,130.80914736070383,7,take_profit,0.9266330891330892,0.006103633318063704
2025-12-12 18:33:00,2025-12-12 19:28:00,long,132.47,131.6639142228739,-0.0060850439882698115,0.006103633318063704,-0.006103633318063735,0.004969889747655661,133.2810208748248,131.6639142228739,55,stop_loss,0.9091002747252748,0.006103633318063704
2025-12-12 19:47:00,2025-12-12 19:52:00,long,130.31,131.10779671018662,0.006122298443608454,0.006103633318063704,0.006103633318063704,0.010382565211437553,131.10779671018662,129.51705791788856,5,take_profit,0.919253663003663,0.006103633318063704
2025-12-12 19:53:00,2025-12-12 20:53:00,long,131.18,131.75,0.0043451745692939525,0.006103633318063704,0.004335761555882126,0.004411660003795315,131.98312310983258,130.38176392961878,60,timeout_1h,0.9087873931623932,0.006103633318063704
2025-12-14 11:56:00,2025-12-14 12:56:00,long,131.37,131.56,0.0014462967191901654,0.006103633318063704,0.001445251839439634,0.0031160960042570258,132.17428634653686,130.570607771261,60,timeout_1h,0.9004273504273504,0.006103633318063704
2025-12-14 23:08:00,2025-12-14 23:27:00,long,129.87,129.0797353372434,-0.0060850439882699225,0.006103633318063704,-0.006103633318063847,0.001923151483151785,130.66510289887142,129.0797353372434,19,stop_loss,0.9097603785103785,0.006103633318063704
2025-12-14 23:33:00,2025-12-15 00:01:00,long,128.96,129.74953160728776,0.006122298443608454,0.006103633318063704,0.006103633318063704,0.0101069409511545,129.74953160728776,128.17527272727273,28,take_profit,0.9496565934065934,0.006103633318063704
2025-12-15 00:02:00,2025-12-15 01:02:00,long,129.97,130.12,0.0011541124874971942,0.006103633318063704,0.0011534470116537356,0.0023055651159758026,130.76571512871578,129.17912683284456,60,timeout_1h,0.9500381562881562,0.006103633318063704
2025-12-15 01:36:00,2025-12-15 01:38:00,long,130.56,131.35932728479753,0.006122298443608454,0.006103633318063704,0.006103633318063704,0.01904241433985406,131.35932728479753,129.7655366568915,2,take_profit,0.9020985958485959,0.006103633318063704
2025-12-15 01:39:00,2025-12-15 02:04:00,long,131.04,131.84226598805046,0.006122298443608454,0.006103633318063704,0.006103633318063704,0.015372685450891752,131.84226598805046,130.24261583577712,25,take_profit,0.9395909645909646,0.006103633318063704
2025-12-15 02:19:00,2025-12-15 02:42:00,long,132.74,131.93227126099708,-0.0060850439882697005,0.006103633318063704,-0.006103633318063623,0.0024829778378721292,133.55267389540458,131.93227126099708,23,stop_loss,0.9233898046398047,0.006103633318063704
2025-12-15 13:20:00,2025-12-15 14:14:00,long,132.6,133.41181677362246,0.006122298443608454,0.006103633318063704,0.006103633318063704,0.019270145920446086,133.41181677362246,131.79312316715541,54,take_profit,0.9060477716727716,0.006103633318063704
2025-12-15 14:15:00,2025-12-15 14:16:00,long,133.9,134.71977576159918,0.006122298443608454,0.006103633318063704,0.006103633318063704,0.00951397097508115,134.71977576159918,133.08521260997068,1,take_profit,0.9199671855921856,0.006103633318063704
2025-12-15 14:17:00,2025-12-15 14:22:00,long,134.77,133.94991862170087,-0.0060850439882699225,0.006103633318063704,-0.006103633318063847,-0.0019310760605778816,135.5951021612451,133.94991862170087,5,stop_loss,0.9747786935286935,0.006103633318063704
2025-12-15 14:23:00,2025-12-15 14:34:00,long,133.21,132.39941129032258,-0.0060850439882699225,0.006103633318063704,-0.006103633318063847,0.004195076944123565,134.0255513756731,132.39941129032258,11,stop_loss,0.9915102258852259,0.006103633318063704
2025-12-15 14:35:00,2025-12-15 14:36:00,long,132.74,133.55267389540458,0.006122298443608454,0.006103633318063704,0.006103633318063704,0.007729579589716096,133.55267389540458,131.93227126099708,1,take_profit,0.9816048534798535,0.006103633318063704
2025-12-15 14:37:00,2025-12-15 14:38:00,long,133.77,132.95600366568917,-0.0060850439882697005,0.006103633318063704,-0.006103633318063623,-0.005697593942290307,134.58897986280152,132.95600366568917,1,stop_loss,0.9916094322344322,0.006103633318063704
2025-12-15 14:39:00,2025-12-15 14:46:00,long,132.85,132.04160190615835,-0.0060850439882698115,0.006103633318063704,-0.006103633318063735,0.0012036411593822505,133.66334734823337,132.04160190615835,7,stop_loss,0.9937843406593406,0.006103633318063704
2025-12-15 14:47:00,2025-12-15 14:52:00,long,132.04,131.23653079178885,-0.0060850439882698115,0.006103633318063704,-0.006103633318063735,-0.0018192849165852615,132.84838828649404,131.23653079178885,5,stop_loss,0.9844131562881563,0.006103633318063704
2025-12-15 14:53:00,2025-12-15 14:56:00,long,131.24,130.44139882697948,-0.0060850439882698115,0.006103633318063704,-0.006103633318063735,-0.0012198842622870212,132.04349044773917,130.44139882697948,3,stop_loss,0.9784340659340659,0.006103633318063704
2025-12-15 14:57:00,2025-12-15 15:01:00,long,130.17,129.3779098240469,-0.0060850439882699225,0.006103633318063704,-0.006103633318063847,0.0029150066667689265,130.9669395884045,129.3779098240469,4,stop_loss,0.982822039072039,0.006103633318063704
2025-12-15 15:02:00,2025-12-15 15:05:00,long,129.5,130.2928376484473,0.006122298443608454,0.006103633318063704,0.006103633318063704,0.006849078295788326,130.2928376484473,128.71198680351907,3,take_profit,0.9962301587301587,0.006103633318063704
2025-12-15 15:06:00,2025-12-15 15:14:00,long,130.08,129.28845747800588,-0.0060850439882698115,0.006103633318063704,-0.006103633318063735,0.0023803136358801704,130.8763885815446,129.28845747800588,8,stop_loss,0.9979662698412698,0.006103633318063704
2025-12-15 15:15:00,2025-12-15 15:18:00,long,129.04,128.25478592375364,-0.0060850439882699225,0.006103633318063704,-0.006103633318063847,-0.002482931132825652,129.83002139116323,128.25478592375364,3,stop_loss,0.9912469474969475,0.006103633318063704
2025-12-15 15:19:00,2025-12-15 15:20:00,long,128.28,127.49941055718475,-0.0060850439882698115,0.006103633318063704,-0.006103633318063735,-0.0020288731110967924,129.0653684443461,127.49941055718475,1,stop_loss,0.9838331807081807,0.006103633318063704
2025-12-15 15:21:00,2025-12-15 15:25:00,long,127.68,126.90306158357772,-0.0060850439882698115,0.006103633318063704,-0.006103633318063735,0.002659368012358804,128.46169506527994,126.90306158357772,4,stop_loss,0.995219017094017,0.006103633318063704
2025-12-15 15:26:00,2025-12-15 15:31:00,long,126.87,127.64673600354061,0.006122298443608454,0.006103633318063704,0.006103633318063704,0.009023561561350464,127.64673600354061,126.09799046920821,5,take_profit,0.9799068986568986,0.006103633318063704
2025-12-15 15:32:00,2025-12-15 15:38:00,long,127.77,126.99251392961877,-0.0060850439882698115,0.006103633318063704,-0.006103633318063735,0.001954729110625636,128.55224607213984,126.99251392961877,6,stop_loss,0.9918498168498169,0.006103633318063704
2025-12-15 15:39:00,2025-12-15 15:44:00,long,126.85,127.62661355757173,0.006122298443608454,0.006103633318063704,0.006103633318063704,0.009181215668566675,127.62661355757173,126.07811217008796,5,take_profit,0.9918002136752136,0.006103633318063704
2025-12-15 15:45:00,2025-12-15 15:52:00,long,128.02,127.24099266862171,-0.0060850439882698115,0.006103633318063704,-0.006103633318063735,0.0,128.80377664675078,127.24099266862171,7,stop_loss,0.9749656593406594,0.006103633318063704
2025-12-15 15:53:00,2025-12-15 16:13:00,long,126.59,125.81969428152493,-0.0060850439882698115,0.006103633318063704,-0.006103633318063735,0.004964353601921311,127.3650217599764,125.81969428152493,20,stop_loss,0.9838179181929182,0.006103633318063704
2025-12-15 16:14:00,2025-12-15 16:39:00,long,126.53,125.76005938416422,-0.0060850439882698115,0.006103633318063704,-0.006103633318063735,0.002919940519169618,127.30465442206977,125.76005938416422,25,stop_loss,0.9929754273504273,0.006103633318063704
2025-12-15 16:40:00,2025-12-15 17:33:00,long,126.08,125.31279765395894,-0.0060850439882698115,0.006103633318063704,-0.006103633318063735,0.00395789323759029,126.85189938777015,125.31279765395894,53,stop_loss,0.9402777777777778,0.006103633318063704
2025-12-15 17:34:00,2025-12-15 17:51:00,long,125.21,124.44809164222873,-0.0060850439882698115,0.006103633318063704,-0.006103633318063735,0.003587519293944646,125.9765729881242,124.44809164222873,17,stop_loss,0.9101114163614163,0.006103633318063704
2025-12-15 17:52:00,2025-12-15 18:31:00,long,124.88,124.12009970674487,-0.0060850439882698115,0.006103633318063704,-0.006103633318063735,0.0023195371327555184,125.64455262963781,124.12009970674487,39,stop_loss,0.9229395604395605,0.006103633318063704
2025-12-15 18:44:00,2025-12-15 19:01:00,long,124.32,125.0811241425094,0.006122298443608454,0.006103633318063704,0.006103633318063704,0.011198325310029535,125.0811241425094,123.56350733137829,17,take_profit,0.9288423382173382,0.006103633318063704
2025-12-15 19:02:00,2025-12-15 19:11:00,long,125.4,124.63693548387097,-0.0060850439882698115,0.006103633318063704,-0.006103633318063735,0.0025485837305465565,126.1677362248285,124.63693548387097,9,stop_loss,0.9279876373626373,0.006103633318063704
2025-12-15 19:12:00,2025-12-15 19:19:00,long,124.65,125.4131445009958,0.006122298443608454,0.006103633318063704,0.006103633318063704,0.008547401959799885,125.4131445009958,123.89149926686217,7,take_profit,0.9270108363858364,0.006103633318063704
2025-12-15 19:20:00,2025-12-15 20:01:00,long,125.21,124.44809164222873,-0.0060850439882698115,0.006103633318063704,-0.006103633318063735,0.004064884248510534,125.9765729881242,124.44809164222873,41,stop_loss,0.9268925518925519,0.006103633318063704
2025-12-15 20:02:00,2025-12-15 20:18:00,long,124.62,123.86168181818182,-0.0060850439882698115,0.006103633318063704,-0.006103633318063735,0.007036651455762642,125.38296083204249,123.86168181818182,16,stop_loss,0.9041208791208791,0.006103633318063704
2025-12-16 01:40:00,2025-12-16 02:26:00,long,126.03,126.80159327284798,0.006122298443608454,0.006103633318063704,0.006103633318063704,0.009162057613992807,126.80159327284798,125.26310190615835,46,take_profit,0.9213064713064713,0.006103633318063704
2025-12-16 02:27:00,2025-12-16 03:05:00,long,127.19,126.41604325513197,-0.0060850439882698115,0.006103633318063704,-0.006103633318063735,-0.0003145395952643901,127.96869513904255,126.41604325513197,38,stop_loss,0.9028960622710622,0.006103633318063704
2025-12-16 04:02:00,2025-12-16 04:22:00,long,126.44,125.67060703812317,-0.0060850439882698115,0.006103633318063704,-0.006103633318063735,0.0005534690791611887,127.21410341520985,125.67060703812317,20,stop_loss,0.9027701465201465,0.006103633318063704
2025-12-16 10:44:00,2025-12-16 11:44:00,long,128.09,128.23,0.0010929814973845708,0.006103633318063704,0.0010923846279796462,0.005061724781425159,128.8742052076418,127.31056671554252,60,timeout_1h,0.9327075702075702,0.006103633318063704
2025-12-16 13:31:00,2025-12-16 13:33:00,long,128.9,128.11563782991203,-0.0060850439882698115,0.006103633318063704,-0.006103633318063735,-0.0006208288263971717,129.68916426938114,128.11563782991203,2,stop_loss,0.9083333333333333,0.006103633318063704
2025-12-16 13:34:00,2025-12-16 13:40:00,long,127.2,127.978756362027,0.006122298443608454,0.006103633318063704,0.006103633318063704,0.012655430212722751,127.978756362027,126.42598240469208,6,take_profit,0.9563721001221002,0.006103633318063704
2025-12-16 13:41:00,2025-12-16 13:58:00,long,127.83,127.05214882697946,-0.0060850439882698115,0.006103633318063704,-0.006103633318063735,0.008568365242815956,128.61261341004646,127.05214882697946,17,stop_loss,0.9858363858363859,0.006103633318063704
2025-12-16 13:59:00,2025-12-16 14:06:00,long,126.7,127.47569521280519,0.006122298443608454,0.006103633318063704,0.006103633318063704,0.020235855939368337,127.47569521280519,125.92902492668622,7,take_profit,0.9702037545787546,0.006103633318063704
2025-12-16 14:07:00,2025-12-16 14:22:00,long,127.53,128.3107767205134,0.006122298443608454,0.006103633318063704,0.006103633318063704,0.013706312227653351,128.3107767205134,126.75397434017596,15,take_profit,0.9742368742368742,0.006103633318063704
2025-12-16 14:23:00,2025-12-16 14:30:00,long,128.2,128.9848786604706,0.006122298443608454,0.006103633318063704,0.006103633318063704,0.008466398779892222,128.9848786604706,127.4198973607038,7,take_profit,0.9733325702075702,0.006103633318063704
2025-12-16 14:31:00,2025-12-16 14:45:00,long,128.82,128.0361246334311,-0.0060850439882697005,0.006103633318063704,-0.006103633318063623,0.003641862147717268,129.60867448550565,128.0361246334311,14,stop_loss,0.9808684371184371,0.006103633318063704
2025-12-16 14:46:00,2025-12-16 14:50:00,long,128.03,128.81383786973518,0.006122298443608454,0.006103633318063704,0.006103633318063704,0.009793331808374118,128.81383786973518,127.25093181818181,4,take_profit,0.9614010989010989,0.006103633318063704
2025-12-16 14:51:00,2025-12-16 14:57:00,long,129.09,128.30448167155424,-0.0060850439882699225,0.006103633318063704,-0.006103633318063847,0.0003098133399421857,129.88032750608542,128.30448167155424,6,stop_loss,0.9785485347985348,0.006103633318063704
2025-12-16 14:58:00,2025-12-16 15:03:00,long,128.48,127.69819354838708,-0.0060850439882698115,0.006103633318063704,-0.006103633318063735,0.011299555253933466,129.2665929040348,127.69819354838708,5,stop_loss,0.9807119963369964,0.006103633318063704
2025-12-16 15:04:00,2025-12-16 15:07:00,long,127.91,128.69310319392196,0.006122298443608454,0.006103633318063704,0.006103633318063704,0.01574591384108316,128.69310319392196,127.13166202346041,3,take_profit,0.9679830586080586,0.006103633318063704
2025-12-16 15:08:00,2025-12-16 15:15:00,long,128.69,127.90691568914956,-0.0060850439882698115,0.006103633318063704,-0.006103633318063735,0.009666393946811323,129.47787858670796,127.90691568914956,7,stop_loss,0.9540827228327229,0.006103633318063704
2025-12-16 15:16:00,2025-12-16 15:45:00,long,127.88,128.66291952496866,0.006122298443608454,0.006103633318063704,0.006103633318063704,0.015980481260744216,128.66291952496866,127.10184457478005,29,take_profit,0.9698260073260073,0.006103633318063704
2025-12-16 15:46:00,2025-12-16 15:54:00,long,128.82,129.60867448550565,0.006122298443608454,0.006103633318063704,0.006103633318063704,0.008656724333640288,129.60867448550565,128.0361246334311,8,take_profit,0.9582493894993895,0.006103633318063704
2025-12-16 15:55:00,2025-12-16 16:08:00,long,129.65,128.86107404692083,-0.0060850439882697005,0.006103633318063704,-0.006103633318063623,0.002234293467711476,130.44375599321384,128.86107404692083,13,stop_loss,0.9730425824175825,0.006103633318063704
2025-12-16 16:09:00,2025-12-16 16:36:00,long,128.86,128.07588123167156,-0.0060850439882698115,0.006103633318063704,-0.006103633318063735,0.0024802368938301594,129.6489193774434,128.07588123167156,27,stop_loss,0.966971916971917,0.006103633318063704
2025-12-16 16:37:00,2025-12-16 17:25:00,long,128.3,127.519288856305,-0.0060850439882698115,0.006103633318063704,-0.006103633318063735,0.00233554018192817,129.085490890315,127.519288856305,48,stop_loss,0.9196810134310134,0.006103633318063704
2025-12-16 20:57:00,2025-12-16 21:23:00,long,128.7,127.91685483870967,-0.0060850439882698115,0.006103633318063704,-0.006103633318063735,-0.00023312740518215537,129.4879398096924,127.91685483870967,26,stop_loss,0.9065247252747253,0.006103633318063704
2025-12-17 13:51:00,2025-12-17 14:03:00,long,128.7,129.4879398096924,0.006122298443608454,0.006103633318063704,0.006103633318063704,0.007894166837036393,129.4879398096924,127.91685483870967,12,take_profit,0.909107905982906,0.006103633318063704
2025-12-17 14:46:00,2025-12-17 14:50:00,long,127.3,128.07936859187134,0.006122298443608454,0.006103633318063704,0.006103633318063704,0.04987437775353669,128.07936859187134,126.52537390029325,4,take_profit,0.9268582112332112,0.006103633318063704
2025-12-17 14:51:00,2025-12-17 14:52:00,long,128.55,129.33702146492587,0.006122298443608454,0.006103633318063704,0.006103633318063704,0.04010294960499897,129.33702146492587,127.76776759530793,1,take_profit,0.9612179487179487,0.006103633318063704
2025-12-17 14:53:00,2025-12-17 14:54:00,long,129.95,130.74559268274692,0.006122298443608454,0.006103633318063704,0.006103633318063704,0.0292711222293983,130.74559268274692,129.15924853372434,1,take_profit,0.9869887057387058,0.006103633318063704
2025-12-17 14:55:00,2025-12-17 14:59:00,long,131.51,132.31514346831895,0.006122298443608454,0.006103633318063704,0.006103633318063704,0.017337988963024027,132.31514346831895,130.70975586510264,4,take_profit,0.9966040903540904,0.006103633318063704
2025-12-17 15:00:00,2025-12-17 15:01:00,long,132.87,132.0614802052786,-0.0060850439882698115,0.006103633318063704,-0.006103633318063735,0.007049676713680821,133.68346979420227,132.0614802052786,1,stop_loss,0.9951312576312576,0.006103633318063704
2025-12-17 15:02:00,2025-12-17 15:06:00,long,132.68,133.49230655749798,0.006122298443608454,0.006103633318063704,0.006103633318063704,0.008480669238045737,133.49230655749798,131.87263636363636,4,take_profit,0.9971955128205128,0.006103633318063704
2025-12-17 15:07:00,2025-12-17 15:10:00,long,133.5,132.68764662756598,-0.0060850439882698115,0.006103633318063704,-0.006103633318063735,-0.0008243096873516232,134.31732684222172,132.68764662756598,3,stop_loss,0.9956425518925519,0.006103633318063704
2025-12-17 15:11:00,2025-12-17 15:24:00,long,132.96,132.15093255131964,-0.0060850439882699225,0.006103633318063704,-0.006103633318063847,0.003228837045814521,133.7740208010622,132.15093255131964,13,stop_loss,0.998191391941392,0.006103633318063704
2025-12-17 15:25:00,2025-12-17 15:35:00,long,131.54,130.73957331378298,-0.0060850439882698115,0.006103633318063704,-0.006103633318063735,0.0015951995482667914,132.34532713727225,130.73957331378298,10,stop_loss,0.98998778998779,0.006103633318063704
2025-12-17 15:36:00,2025-12-17 15:41:00,long,130.61,129.8152324046921,-0.0060850439882698115,0.006103633318063704,-0.006103633318063735,-0.0006893118643100159,131.40963339971972,129.8152324046921,5,stop_loss,0.9942460317460318,0.006103633318063704
2025-12-17 15:42:00,2025-12-17 15:45:00,long,129.31,128.52314296187683,-0.0060850439882698115,0.006103633318063704,-0.006103633318063735,-0.0019352098000665712,130.101674411743,128.52314296187683,3,stop_loss,0.9934027777777777,0.006103633318063704
2025-12-17 15:46:00,2025-12-17 15:50:00,long,128.58,127.79758504398828,-0.0060850439882698115,0.006103633318063704,-0.006103633318063735,0.0010882239705869705,129.3672051338792,127.79758504398828,4,stop_loss,0.9970810439560439,0.006103633318063704
2025-12-17 15:51:00,2025-12-17 16:14:00,long,127.26,126.48561730205279,-0.0060850439882698115,0.006103633318063704,-0.006103633318063735,0.004390786417489539,128.0391236999336,126.48561730205279,23,stop_loss,0.995528083028083,0.006103633318063704
2025-12-17 16:15:00,2025-12-17 16:22:00,long,126.22,125.45194574780058,-0.0060850439882698115,0.006103633318063704,-0.006103633318063735,-0.00118910791291547,126.99275650955225,125.45194574780058,7,stop_loss,0.9838751526251526,0.006103633318063704
2025-12-17 16:23:00,2025-12-17 16:32:00,long,125.64,124.87547507331378,-0.0060850439882698115,0.006103633318063704,-0.006103633318063735,0.0017495034283418055,126.40920557645497,124.87547507331378,9,stop_loss,0.979872557997558,0.006103633318063704
2025-12-17 16:33:00,2025-12-17 16:38:00,long,125.45,124.68663123167156,-0.0060850439882698115,0.006103633318063704,-0.006103633318063735,-0.00023916769755658084,126.21804233975068,124.68663123167156,5,stop_loss,0.9893162393162394,0.006103633318063704
2025-12-17 16:39:00,2025-12-17 17:01:00,long,124.26,125.0207568046028,0.006122298443608454,0.006103633318063704,0.006103633318063704,0.005057205239445909,125.0207568046028,123.5038724340176,22,take_profit,0.9901862026862027,0.006103633318063704
2025-12-17 17:02:00,2025-12-17 17:04:00,long,124.38,123.623142228739,-0.0060850439882698115,0.006103633318063704,-0.006103633318063735,-0.00040207471089701876,125.14149148041602,123.623142228739,2,stop_loss,0.9702113858363859,0.006103633318063704
2025-12-17 17:05:00,2025-12-17 17:18:00,long,122.75,123.50151213395294,0.006122298443608454,0.006103633318063704,0.006103633318063704,0.0127895542902163,123.50151213395294,122.00306085043988,13,take_profit,0.9872786935286936,0.006103633318063704
2025-12-17 17:19:00,2025-12-17 17:25:00,long,123.44,124.19573651987902,0.006122298443608454,0.006103633318063704,0.006103633318063704,0.007184112909940767,124.19573651987902,122.68886217008797,6,take_profit,0.970631105006105,0.006103633318063704
2025-12-17 17:26:00,2025-12-17 17:40:00,long,124.04,123.28521114369502,-0.0060850439882698115,0.006103633318063704,-0.006103633318063735,0.0018525235856549549,124.7994098989452,123.28521114369502,14,stop_loss,0.985916514041514,0.006103633318063704
2025-12-17 17:41:00,2025-12-17 18:41:00,long,123.28,122.5298357771261,-0.0060850439882698115,0.006103633318063704,-0.006103633318063735,0.004209169238635376,124.03475695212805,122.5298357771261,60,stop_loss,0.9622405372405373,0.006103633318063704
2025-12-17 18:42:00,2025-12-17 18:48:00,long,122.61,121.86391275659824,-0.0060850439882698115,0.006103633318063704,-0.006103633318063735,-0.002041066961592952,123.36065501217084,121.86391275659824,6,stop_loss,0.932390873015873,0.006103633318063704
2025-12-17 18:49:00,2025-12-17 19:34:00,long,122.04,121.29738123167157,-0.0060850439882698115,0.006103633318063704,-0.006103633318063735,0.0020464133528095233,122.78716530205799,121.29738123167157,45,stop_loss,0.9345009157509158,0.006103633318063704
2025-12-17 19:35:00,2025-12-17 19:50:00,long,121.43,122.17343070000739,0.006122298443608454,0.006103633318063704,0.006103633318063704,0.01746983205037147,122.17343070000739,120.6910931085044,15,take_profit,0.9003853785103785,0.006103633318063704
2025-12-17 19:54:00,2025-12-17 20:19:00,long,122.37,123.11918566054437,0.006122298443608454,0.006103633318063704,0.006103633318063704,0.009758555118522168,123.11918566054437,121.62537316715543,25,take_profit,0.9083524114774115,0.006103633318063704
2025-12-17 20:20:00,2025-12-17 21:20:00,long,123.0,122.42,-0.004715447154471586,0.006103633318063704,-0.004726599949493755,0.004623441743681573,123.75304270856384,122.25153958944281,60,timeout_1h,0.9194482600732601,0.006103633318063704
2025-12-18 13:32:00,2025-12-18 13:35:00,long,125.39,124.62699633431085,-0.0060850439882698115,0.006103633318063704,-0.006103633318063735,0.017941599625464825,126.15767500184407,124.62699633431085,3,stop_loss,0.9282967032967033,0.006103633318063704
2025-12-18 13:36:00,2025-12-18 13:41:00,long,125.03,125.79547097440437,0.006122298443608454,0.006103633318063704,0.006103633318063704,0.02081677132100303,125.79547097440437,124.26918695014663,5,take_profit,0.9534302503052503,0.006103633318063704
2025-12-18 13:42:00,2025-12-18 13:49:00,long,125.84,126.6104300361437,0.006122298443608454,0.006103633318063704,0.006103633318063704,0.01435922107788888,126.6104300361437,125.07425806451613,7,take_profit,0.9275068681318681,0.006103633318063704
2025-12-18 13:50:00,2025-12-18 14:01:00,long,126.41,127.18391974625654,0.006122298443608454,0.006103633318063704,0.006103633318063704,0.009839887320445032,127.18391974625654,125.6407895894428,11,take_profit,0.9471840659340659,0.006103633318063704
2025-12-18 14:02:00,2025-12-18 14:11:00,long,127.22,126.44586070381231,-0.0060850439882698115,0.006103633318063704,-0.006103633318063735,0.003452608577253081,127.99887880799587,126.44586070381231,9,stop_loss,0.9684027777777777,0.006103633318063704
2025-12-18 14:12:00,2025-12-18 14:17:00,long,125.5,126.26834845467286,0.006122298443608454,0.006103633318063704,0.006103633318063704,0.012904426390192522,126.26834845467286,124.73632697947214,5,take_profit,0.9739850427350427,0.006103633318063704
2025-12-18 14:18:00,2025-12-18 14:31:00,long,126.22,126.99275650955225,0.006122298443608454,0.006103633318063704,0.006103633318063704,0.007183768805937551,126.99275650955225,125.45194574780058,13,take_profit,0.9832570207570207,0.006103633318063704
2025-12-18 14:32:00,2025-12-18 14:35:00,long,126.54,125.76999853372435,-0.0060850439882698115,0.006103633318063704,-0.006103633318063735,0.014046607537631412,127.31471564505422,125.76999853372435,3,stop_loss,0.9878891941391942,0.006103633318063704
2025-12-18 14:36:00,2025-12-18 14:44:00,long,125.56,124.79596187683285,-0.0060850439882698115,0.006103633318063704,-0.006103633318063735,0.024467255223145926,126.32871579257947,124.79596187683285,8,stop_loss,0.992773199023199,0.006103633318063704
2025-12-18 14:45:00,2025-12-18 14:54:00,long,125.24,126.00675665707752,0.006122298443608454,0.006103633318063704,0.006103633318063704,0.028339428004793176,126.00675665707752,124.47790909090908,9,take_profit,0.977621336996337,0.006103633318063704
2025-12-18 14:55:00,2025-12-18 15:05:00,long,125.99,126.76134838091022,0.006122298443608454,0.006103633318063704,0.006103633318063704,0.022368785740459883,126.76134838091022,125.22334530791788,10,take_profit,0.9819787851037851,0.006103633318063704
2025-12-18 15:06:00,2025-12-18 15:11:00,long,126.91,126.13774706744867,-0.0060850439882698115,0.006103633318063704,-0.006103633318063735,0.015093150640925136,127.68698089547834,126.13774706744867,5,stop_loss,0.9741834554334554,0.006103633318063704
2025-12-18 15:12:00,2025-12-18 15:18:00,long,126.02,126.79153204986353,0.006122298443608454,0.006103633318063704,0.006103633318063704,0.022130699949088645,126.79153204986353,125.25316275659823,6,take_profit,0.9929181929181929,0.006103633318063704
2025-12-18 15:19:00,2025-12-18 15:27:00,long,127.03,127.80771557129158,0.006122298443608454,0.006103633318063704,0.006103633318063704,0.014148045427628769,127.80771557129158,126.25701686217009,8,take_profit,0.9735576923076923,0.006103633318063704
2025-12-18 15:28:00,2025-12-18 15:30:00,long,127.81,128.5924909640776,0.006122298443608454,0.006103633318063704,0.006103633318063704,0.008026538319375118,128.5924909640776,127.03227052785924,2,take_profit,0.9819749694749694,0.006103633318063704
2025-12-18 15:31:00,2025-12-18 15:54:00,long,128.27,127.48947140762463,-0.0060850439882698115,0.006103633318063704,-0.006103633318063735,0.004433907151238719,129.05530722136166,127.48947140762463,23,stop_loss,0.9915827228327229,0.006103633318063704
2025-12-18 15:55:00,2025-12-18 16:05:00,long,127.61,126.83348753665689,-0.0060850439882698115,0.006103633318063704,-0.006103633318063735,0.0001567152487143983,128.39126650438888,126.83348753665689,10,stop_loss,0.9433760683760684,0.006103633318063704
2025-12-18 16:06:00,2025-12-18 16:27:00,long,126.92,126.1476862170088,-0.0060850439882698115,0.006103633318063704,-0.006103633318063735,0.0017318747932679247,127.69704211846279,126.1476862170088,21,stop_loss,0.9669795482295482,0.006103633318063704
2025-12-18 16:37:00,2025-12-18 17:04:00,long,126.85,126.07811217008796,-0.0060850439882698115,0.006103633318063704,-0.006103633318063735,0.0022048989167401984,127.62661355757173,126.07811217008796,27,stop_loss,0.9133661477411478,0.006103633318063704
2025-12-18 17:06:00,2025-12-18 17:09:00,long,125.56,124.79596187683285,-0.0060850439882698115,0.006103633318063704,-0.006103633318063735,-0.002312324117652338,126.32871579257947,124.79596187683285,3,stop_loss,0.9198527167277167,0.006103633318063704
2025-12-18 17:10:00,2025-12-18 17:13:00,long,124.06,123.30508944281524,-0.0060850439882698115,0.006103633318063704,-0.006103633318063735,-0.001855662317964264,124.81953234491407,123.30508944281524,3,stop_loss,0.9691697191697192,0.006103633318063704
2025-12-18 17:14:00,2025-12-18 17:16:00,long,123.47,122.71867961876832,-0.0060850439882698115,0.006103633318063704,-0.006103633318063735,0.002345994685158472,124.22592018883233,122.71867961876832,2,stop_loss,0.9941964285714285,0.006103633318063704
2025-12-18 17:17:00,2025-12-18 17:23:00,long,122.3,121.5557991202346,-0.0060850439882698115,0.006103633318063704,-0.006103633318063735,0.011867163571684092,123.04875709965332,121.5557991202346,6,stop_loss,0.9943986568986569,0.006103633318063704
2025-12-18 17:24:00,2025-12-18 17:28:00,long,121.14,121.88165523345873,0.006122298443608454,0.006103633318063704,0.006103633318063704,0.021397304712009697,121.88165523345873,120.402857771261,4,take_profit,0.99693605006105,0.006103633318063704
2025-12-18 17:29:00,2025-12-18 17:41:00,long,121.99,122.73685918713579,0.006122298443608454,0.006103633318063704,0.006103633318063704,0.014405132104164524,122.73685918713579,121.24768548387097,12,take_profit,0.9989087301587302,0.006103633318063704
2025-12-18 17:42:00,2025-12-18 18:12:00,long,122.82,123.57194069484399,0.006122298443608454,0.006103633318063704,0.006103633318063704,0.007624337363557529,123.57194069484399,122.0726348973607,30,take_profit,0.9892055860805861,0.006103633318063704
2025-12-18 18:13:00,2025-12-18 18:23:00,long,123.76,123.00691495601173,-0.0060850439882698115,0.006103633318063704,-0.006103633318063735,-0.001617338214429719,124.51769565538099,123.00691495601173,10,stop_loss,0.9619772588522588,0.006103633318063704
2025-12-18 18:24:00,2025-12-18 18:33:00,long,123.16,122.41056598240469,-0.0060850439882698115,0.006103633318063704,-0.006103633318063735,-0.0010560949842220086,123.91402227631481,122.41056598240469,9,stop_loss,0.9420558608058608,0.006103633318063704
2025-12-18 18:34:00,2025-12-18 18:52:00,long,122.43,121.68500806451614,-0.0060850439882698115,0.006103633318063704,-0.006103633318063735,0.004888789986253432,123.17955299845099,121.68500806451614,18,stop_loss,0.9163576007326008,0.006103633318063704
2025-12-18 18:53:00,2025-12-18 19:16:00,long,121.16,120.42273607038122,-0.0060850439882699225,0.006103633318063704,-0.006103633318063847,0.002555332553143009,121.9017776794276,120.42273607038122,23,stop_loss,0.9468864468864469,0.006103633318063704
2025-12-18 19:17:00,2025-12-18 19:35:00,long,120.8,120.064926686217,-0.0060850439882698115,0.006103633318063704,-0.006103633318063735,0.0022326052189342548,121.5395736519879,120.064926686217,18,stop_loss,0.954174297924298,0.006103633318063704
2025-12-18 19:36:00,2025-12-18 19:37:00,long,119.28,118.55417595307918,-0.0060850439882698115,0.006103633318063704,-0.006103633318063735,-0.005548564045902443,120.01026775835362,118.55417595307918,1,stop_loss,0.9619505494505495,0.006103633318063704
2025-12-18 19:38:00,2025-12-18 19:40:00,long,118.27,117.55032184750732,-0.0060850439882698115,0.006103633318063704,-0.006103633318063735,0.0029549601475550003,118.99408423692557,117.55032184750732,2,stop_loss,0.9790254884004884,0.006103633318063704
2025-12-18 19:41:00,2025-12-18 19:47:00,long,118.26,117.54038269794722,-0.0060850439882698115,0.006103633318063704,-0.006103633318063735,0.0030395160178965965,118.98402301394114,117.54038269794722,6,stop_loss,0.9937881562881563,0.006103633318063704
2025-12-18 19:48:00,2025-12-18 20:02:00,long,117.84,118.56145164859483,0.006122298443608454,0.006103633318063704,0.006103633318063704,0.00659733425620579,118.56145164859483,117.12293841642229,14,take_profit,0.9973481379731379,0.006103633318063704
2025-12-18 20:03:00,2025-12-18 20:09:00,long,118.62,117.89819208211144,-0.0060850439882698115,0.006103633318063704,-0.006103633318063735,-0.0001686198469555516,119.34622704138084,117.89819208211144,6,stop_loss,0.9902930402930403,0.006103633318063704
2025-12-18 20:10:00,2025-12-18 20:31:00,long,118.19,117.47080865102639,-0.0060850439882698115,0.006103633318063704,-0.006103633318063735,0.0012683382243988122,118.91359445305008,117.47080865102639,21,stop_loss,0.981383547008547,0.006103633318063704
2025-12-18 20:32:00,2025-12-18 20:59:00,long,117.6,116.88439882697946,-0.0060850439882698115,0.006103633318063704,-0.006103633318063735,0.011077868984960994,118.31998229696835,116.88439882697946,27,stop_loss,0.9411095848595848,0.006103633318063704
2025-12-18 21:03:00,2025-12-18 21:29:00,long,117.9,118.62181898650144,0.006122298443608454,0.006103633318063704,0.006103633318063704,0.017988213028841227,118.62181898650144,117.182573313783,26,take_profit,0.9100274725274725,0.006103633318063704
2025-12-18 21:30:00,2025-12-18 21:56:00,long,118.81,119.53739027808513,0.006122298443608454,0.006103633318063704,0.006103633318063704,0.01029944210197035,119.53739027808513,118.08703592375366,26,take_profit,0.9232028388278388,0.006103633318063704
2025-12-18 21:58:00,2025-12-18 22:58:00,long,119.82,119.76,-0.0005007511266899023,0.006103633318063704,-0.0005008765444057989,0.001834403916387622,120.55357379951316,119.09089002932551,60,timeout_1h,0.9513927045177045,0.006103633318063704
2025-12-19 00:50:00,2025-12-19 01:50:00,long,118.21,117.93,-0.0023686659335080407,0.006103633318063704,-0.0023714756604068096,0.0018593649711182987,118.93371689901895,117.49068695014662,60,timeout_1h,0.9069864163614164,0.006103633318063704
2025-12-19 03:06:00,2025-12-19 03:15:00,long,119.71,120.44290034668437,0.006122298443608454,0.006103633318063704,0.006103633318063704,0.0213231219380002,120.44290034668437,118.98155938416421,9,take_profit,0.9072916666666667,0.006103633318063704
2025-12-19 03:16:00,2025-12-19 03:25:00,long,119.99,120.72461459024858,0.006122298443608454,0.006103633318063704,0.006103633318063704,0.01898686722498103,120.72461459024858,119.2598555718475,9,take_profit,0.9181394993894993,0.006103633318063704
2025-12-19 03:26:00,2025-12-19 03:32:00,long,121.45,122.19355314597625,0.006122298443608454,0.006103633318063704,0.006103633318063704,0.006892617753097119,122.19355314597625,120.71097140762464,6,take_profit,0.9622557997557998,0.006103633318063704
2025-12-19 03:33:00,2025-12-19 03:35:00,long,122.17,121.42659017595308,-0.0060850439882698115,0.006103633318063704,-0.006103633318063735,0.001308793642856497,122.91796120085564,121.42659017595308,2,stop_loss,0.9777663308913309,0.006103633318063704
2025-12-19 03:36:00,2025-12-19 03:40:00,long,121.06,121.80116544958324,0.006122298443608454,0.006103633318063704,0.006103633318063704,0.01043602059528374,121.80116544958324,120.32334457478007,4,take_profit,0.9932425213675213,0.006103633318063704
2025-12-19 03:41:00,2025-12-19 04:32:00,long,121.58,122.32434904477391,0.006122298443608454,0.006103633318063704,0.006103633318063704,0.006149828738248519,122.32434904477391,120.84018035190616,51,take_profit,0.9925175518925519,0.006103633318063704
2025-12-19 04:33:00,2025-12-19 05:16:00,long,122.33,123.07894076860661,0.006122298443608454,0.006103633318063704,0.006103633318063704,0.007898099111473683,123.07894076860661,121.58561656891496,43,take_profit,0.9050213675213675,0.006103633318063704
2025-12-19 05:17:00,2025-12-19 06:03:00,long,122.83,122.08257404692081,-0.0060850439882698115,0.006103633318063704,-0.006103633318063735,0.0,123.58200191782842,122.08257404692081,46,stop_loss,0.913507326007326,0.006103633318063704
2025-12-19 07:01:00,2025-12-19 07:06:00,long,123.77,124.52775687836541,0.006122298443608454,0.006103633318063704,0.006103633318063704,0.01068841292093447,124.52775687836541,123.01685410557184,5,take_profit,0.9058455433455433,0.006103633318063704
2025-12-19 07:07:00,2025-12-19 07:18:00,long,124.68,123.92131671554253,-0.0060850439882698115,0.006103633318063704,-0.006103633318063735,0.0033629625737289425,125.44332816994911,123.92131671554253,11,stop_loss,0.9406898656898657,0.006103633318063704
2025-12-19 07:19:00,2025-12-19 08:19:00,long,124.03,124.3,0.0021768926872529626,0.006103633318063704,0.002174526689427124,0.004986338142328788,124.78934867596075,123.2752719941349,60,timeout_1h,0.9548458485958486,0.006103633318063704
2025-12-19 14:41:00,2025-12-19 14:43:00,long,124.7,125.46345061591798,0.006122298443608454,0.006103633318063704,0.006103633318063704,0.022675989455866064,125.46345061591798,123.94119501466275,2,take_profit,0.901510989010989,0.006103633318063704
2025-12-19 14:45:00,2025-12-19 15:15:00,long,126.05,126.82171571881685,0.006122298443608454,0.006103633318063704,0.006103633318063704,0.011908188507928142,126.82171571881685,125.28298020527859,30,take_profit,0.9739354395604396,0.006103633318063704
2025-12-19 15:16:00,2025-12-19 15:19:00,long,127.28,126.50549560117302,-0.0060850439882698115,0.006103633318063704,-0.006103633318063735,0.0021974581123253684,128.05924614590248,126.50549560117302,3,stop_loss,0.9479815323565324,0.006103633318063704
2025-12-19 15:20:00,2025-12-19 15:30:00,long,125.73,124.96492741935484,-0.0060850439882698115,0.006103633318063704,-0.006103633318063735,0.004760780236856149,126.49975658331489,124.96492741935484,10,stop_loss,0.9916246947496947,0.006103633318063704
2025-12-19 15:31:00,2025-12-19 16:06:00,long,125.34,126.10736888692189,0.006122298443608454,0.006103633318063704,0.006103633318063704,0.008816928319444785,126.10736888692189,124.57730058651026,35,take_profit,0.9809867216117216,0.006103633318063704
2025-12-19 16:07:00,2025-12-19 16:33:00,long,126.16,126.93238917164564,0.006122298443608454,0.006103633318063704,0.006103633318063704,0.003560552877378804,126.93238917164564,125.39231085043988,26,take_profit,0.9553685897435897,0.006103633318063704
2025-12-19 16:34:00,2025-12-19 16:47:00,long,126.61,125.83957258064515,-0.0060850439882698115,0.006103633318063704,-0.006103633318063735,-0.00047400854102877706,127.38514420594527,125.83957258064515,13,stop_loss,0.9318605006105006,0.006103633318063704
2025-12-19 16:48:00,2025-12-19 16:57:00,long,125.78,125.01462316715542,-0.0060850439882698115,0.006103633318063704,-0.006103633318063735,0.0018269197662445405,126.55006269823707,125.01462316715542,9,stop_loss,0.9001449938949939,0.006103633318063704
2025-12-19 17:30:00,2025-12-19 17:33:00,long,125.09,124.32882184750733,-0.0060850439882698115,0.006103633318063704,-0.006103633318063735,-0.0014400002488321611,125.85583831231098,124.32882184750733,3,stop_loss,0.9013431013431014,0.006103633318063704
2025-12-19 17:34:00,2025-12-19 18:34:00,long,124.18,124.09,-0.0007247543887904939,0.006103633318063704,-0.0007250171502185324,0.005300791465832004,124.9402670207273,123.42435923753666,60,timeout_1h,0.9246527777777778,0.006103633318063704
2025-12-19 18:55:00,2025-12-19 19:17:00,long,124.96,125.72504241351331,0.006122298443608454,0.006103633318063704,0.006103633318063704,0.012643800899757156,125.72504241351331,124.1996129032258,22,take_profit,0.9272397741147741,0.006103633318063704
2025-12-19 19:19:00,2025-12-19 20:19:00,long,125.96,126.55,0.0046840266751349,0.006103633318063704,0.004673090758309099,0.004673090758309099,126.73116471195692,125.19352785923753,60,timeout_1h,0.900194597069597,0.006103633318063704
2025-12-22 00:15:00,2025-12-22 00:17:00,long,128.22,127.43977565982405,-0.0060850439882698115,0.006103633318063704,-0.006103633318063735,0.0010912776825449605,129.00500110643947,127.43977565982405,2,stop_loss,0.9184523809523809,0.006103633318063704
2025-12-22 00:18:00,2025-12-22 00:59:00,long,127.11,126.33653005865102,-0.0060850439882698115,0.006103633318063704,-0.006103633318063735,-0.00015735641259842482,127.88820535516707,126.33653005865102,41,stop_loss,0.9856952075702076,0.006103633318063704
2025-12-22 01:00:00,2025-12-22 01:22:00,long,126.41,127.18391974625654,0.006122298443608454,0.006103633318063704,0.006103633318063704,0.006308671660653352,127.18391974625654,125.6407895894428,22,take_profit,0.925843253968254,0.006103633318063704
2025-12-22 02:06:00,2025-12-22 03:06:00,long,125.04,124.92,-0.0009596928982725794,0.006103633318063704,-0.0009601536983433704,0.002635679014712425,125.80553219738881,124.27912609970674,60,timeout_1h,0.9491796398046398,0.006103633318063704
2025-12-22 14:34:00,2025-12-22 14:55:00,long,127.2,127.978756362027,0.006122298443608454,0.006103633318063704,0.006103633318063704,0.009779072649870688,127.978756362027,126.42598240469208,21,take_profit,0.9305402930402931,0.006103633318063704
2025-12-22 14:56:00,2025-12-22 15:10:00,long,127.75,128.53212362617097,0.006122298443608454,0.006103633318063704,0.006103633318063704,0.005464494472078745,128.53212362617097,126.97263563049853,14,take_profit,0.9367521367521368,0.006103633318063704
2025-12-22 15:11:00,2025-12-22 15:14:00,long,128.45,127.66837609970673,-0.0060850439882698115,0.006103633318063704,-0.006103633318063735,-0.001246397294643733,129.23640923508148,127.66837609970673,3,stop_loss,0.9270299145299146,0.006103633318063704
2025-12-22 15:15:00,2025-12-22 15:23:00,long,127.55,126.77385263929618,-0.0060850439882698115,0.006103633318063704,-0.006103633318063735,0.005784881673428304,128.33089916648225,126.77385263929618,8,stop_loss,0.9418765262515263,0.006103633318063704
2025-12-22 15:24:00,2025-12-22 15:36:00,long,127.39,126.6148262463343,-0.0060850439882698115,0.006103633318063704,-0.006103633318063735,0.007040079139553203,128.16991959873127,126.6148262463343,12,stop_loss,0.9287393162393163,0.006103633318063704
2025-12-22 15:37:00,2025-12-22 15:51:00,long,126.68,127.45557276683633,0.006122298443608454,0.006103633318063704,0.006103633318063704,0.01262910459080976,127.45557276683633,125.90914662756599,14,take_profit,0.9517971611721612,0.006103633318063704
2025-12-22 15:55:00,2025-12-22 16:55:00,long,127.85,127.24,-0.004771216269065293,0.006103633318063704,-0.004782634856252248,0.00343562452405325,128.63273585601533,127.0720271260997,60,timeout_1h,0.9019039987789987,0.006103633318063704
2025-12-23 13:37:00,2025-12-23 14:37:00,long,123.21,122.82,-0.0031653274896518147,0.006103633318063704,-0.0031703477353237424,0.004211555589307474,123.96432839123699,122.46026173020527,60,timeout_1h,0.9537240537240538,0.006103633318063704
2025-12-23 14:40:00,2025-12-23 14:55:00,long,122.79,122.04281744868035,-0.0060850439882698115,0.006103633318063704,-0.006103633318063735,0.0033334719269980787,123.54175702589069,122.04281744868035,15,stop_loss,0.9082417582417582,0.006103633318063704
2025-12-23 14:56:00,2025-12-23 15:05:00,long,122.21,122.95820609279339,0.006122298443608454,0.006103633318063704,0.006103633318063704,0.008717314561951189,122.95820609279339,121.46634677419354,9,take_profit,0.905448717948718,0.006103633318063704
2025-12-23 15:07:00,2025-12-23 16:03:00,long,122.71,123.46126724201518,0.006122298443608454,0.006103633318063704,0.006103633318063704,0.009570227139191085,123.46126724201518,121.9633042521994,56,take_profit,0.9297847985347986,0.006103633318063704
2025-12-23 16:04:00,2025-12-23 16:47:00,long,123.76,124.51769565538099,0.006122298443608454,0.006103633318063704,0.006103633318063704,0.008608605398148892,124.51769565538099,123.00691495601173,43,take_profit,0.900667735042735,0.006103633318063704
2025-12-23 20:46:00,2025-12-23 21:01:00,long,125.22,124.45803079178886,-0.0060850439882698115,0.006103633318063704,-0.006103633318063735,-0.0008788399878557419,125.98663421110865,124.45803079178886,15,stop_loss,0.9116452991452991,0.006103633318063704
2025-12-24 14:49:00,2025-12-24 15:34:00,long,121.62,122.36459393671167,0.006122298443608454,0.006103633318063704,0.006103633318063704,0.009981265880658034,122.36459393671167,120.87993695014663,45,take_profit,0.9071352258852259,0.006103633318063704
2025-12-24 15:35:00,2025-12-24 16:02:00,long,122.23,122.97832853876227,0.006122298443608454,0.006103633318063704,0.006103633318063704,0.008959173788725237,122.97832853876227,121.48622507331379,27,take_profit,0.9142361111111111,0.006103633318063704
2025-12-24 16:34:00,2025-12-24 17:34:00,long,123.06,122.8,-0.0021127905086949506,0.006103633318063704,-0.0021150255993021604,-0.00040638843165057893,123.81341004647045,122.31117448680352,60,timeout_1h,0.9165865384615385,0.006103633318063704
2025-12-25 15:45:00,2025-12-25 16:45:00,long,123.72,124.24,0.0042030391205949424,0.006103633318063704,0.004194231023562813,0.004194231023562813,124.47745076344323,122.96715835777125,60,timeout_1h,0.9344207875457875,0.006103633318063704
2025-12-25 23:36:00,2025-12-25 23:45:00,long,120.63,119.895961143695,-0.0060850439882698115,0.006103633318063704,-0.006103633318063735,-0.0004975124480729043,121.36853286125249,119.895961143695,9,stop_loss,0.9035981379731379,0.006103633318063704
2025-12-25 23:46:00,2025-12-26 00:28:00,long,119.88,119.15052492668622,-0.0060850439882698115,0.006103633318063704,-0.006103633318063735,0.004494389587839267,120.61394113741977,119.15052492668622,42,stop_loss,0.9491300366300366,0.006103633318063704
2025-12-26 02:16:00,2025-12-26 02:24:00,long,123.09,123.84359371542376,0.006122298443608454,0.006103633318063704,0.006103633318063704,0.00849416586330232,123.84359371542376,122.34099193548387,8,take_profit,0.9633432539682539,0.006103633318063704
2025-12-26 02:25:00,2025-12-26 03:16:00,long,123.7,122.94728005865103,-0.0060850439882698115,0.006103633318063704,-0.006103633318063735,0.0035506815870644587,124.45732831747436,122.94728005865103,51,stop_loss,0.980807387057387,0.006103633318063704
2025-12-26 03:17:00,2025-12-26 04:02:00,long,122.87,122.1223306451613,-0.0060850439882698115,0.006103633318063704,-0.006103633318063735,0.0007322133508605123,123.62224680976618,122.1223306451613,45,stop_loss,0.905952380952381,0.006103633318063704
2025-12-26 14:50:00,2025-12-26 15:00:00,long,122.29,121.54585997067448,-0.0060850439882698115,0.006103633318063704,-0.006103633318063735,0.002776418572656132,123.03869587666888,121.54585997067448,10,stop_loss,0.9298076923076923,0.006103633318063704
2025-12-26 15:01:00,2025-12-26 15:15:00,long,121.27,120.53206671554251,-0.0060850439882698115,0.006103633318063704,-0.006103633318063735,0.004442989043167208,122.01245113225639,120.53206671554251,14,stop_loss,0.9732295482295482,0.006103633318063704
2025-12-26 15:16:00,2025-12-26 15:31:00,long,120.79,121.52951242900347,0.006122298443608454,0.006103633318063704,0.006103633318063704,0.009475619862483057,121.52951242900347,120.0549875366569,15,take_profit,0.9738438644688645,0.006103633318063704
2025-12-26 15:32:00,2025-12-26 16:32:00,long,121.47,121.94,0.0038692681320491307,0.006103633318063704,0.0038618017674906615,0.005582478991570184,122.21367559194512,120.73084970674486,60,timeout_1h,0.9430326617826618,0.006103633318063704
2025-12-29 00:25:00,2025-12-29 00:30:00,long,126.62,127.39520542892971,0.006122298443608454,0.006103633318063704,0.006103633318063704,0.009510781063949883,127.39520542892971,125.84951173020528,5,take_profit,0.9352449633699633,0.006103633318063704
2025-12-29 00:31:00,2025-12-29 01:01:00,long,127.64,126.86330498533724,-0.0060850439882698115,0.006103633318063704,-0.006103633318063735,0.0014874547698876313,128.42145017334218,126.86330498533724,30,stop_loss,0.9728289072039072,0.006103633318063704
2025-12-29 01:03:00,2025-12-29 01:39:00,long,126.52,127.29459319908534,0.006122298443608454,0.006103633318063704,0.006103633318063704,0.026595445457197053,127.29459319908534,125.7501202346041,36,take_profit,0.9056013431013431,0.006103633318063704
2025-12-29 01:40:00,2025-12-29 01:42:00,long,129.93,129.13937023460412,-0.0060850439882698115,0.006103633318063704,-0.006103633318063735,-0.0042420332788057295,130.72547023677805,129.13937023460412,2,stop_loss,0.9585737179487179,0.006103633318063704
2025-12-29 01:43:00,2025-12-29 02:43:00,long,128.82,128.85,0.00023288309268743035,0.006103633318063704,0.00023285597962936736,0.0027132851251794638,129.60867448550565,128.0361246334311,60,timeout_1h,0.9937996031746031,0.006103633318063704
2025-12-29 09:46:00,2025-12-29 10:46:00,long,125.7,125.91,0.0016706443914080715,0.006103633318063704,0.0016692504174074087,0.003969834510911016,126.46957291436159,124.93510997067449,60,timeout_1h,0.9357677045177045,0.006103633318063704
2025-12-29 12:08:00,2025-12-29 12:16:00,long,123.73,122.97709750733138,-0.0060850439882698115,0.006103633318063704,-0.006103633318063735,0.0018571606936630758,124.48751198642768,122.97709750733138,8,stop_loss,0.9340621184371184,0.006103633318063704
2025-12-29 12:17:00,2025-12-29 12:24:00,long,123.02,123.7731651545327,0.006122298443608454,0.006103633318063704,0.006103633318063704,0.007611989139325269,123.7731651545327,122.27141788856305,7,take_profit,0.9550633394383394,0.006103633318063704
2025-12-29 12:25:00,2025-12-29 13:25:00,long,123.6,123.82,0.0017799352750809128,0.006103633318063704,0.0017783530674956836,0.002908387895957002,124.35671608763,122.84788856304985,60,timeout_1h,0.9310668498168498,0.006103633318063704
2025-12-29 14:33:00,2025-12-29 15:33:00,long,123.71,123.82,0.0008891762994098773,0.006103633318063704,0.0008887812163458136,0.004999204090105998,124.4673895404588,122.95721920821113,60,timeout_1h,0.9011141636141636,0.006103633318063704
2025-12-30 14:53:00,2025-12-30 15:03:00,long,125.14,124.37851759530791,-0.0060850439882698115,0.006103633318063704,-0.006103633318063735,7.990730756587042e-05,125.90614442723316,124.37851759530791,10,stop_loss,0.9181776556776556,0.006103633318063704
2025-12-30 16:23:00,2025-12-30 16:48:00,long,126.17,125.40225,-0.0060850439882698115,0.006103633318063704,-0.006103633318063735,0.0021376834077670923,126.94245039463009,125.40225,25,stop_loss,0.9021672771672772,0.006103633318063704
2025-12-31 20:35:00,2025-12-31 21:06:00,long,123.63,124.3868997565833,0.006122298443608454,0.006103633318063704,0.006103633318063704,0.006048161656907645,124.3868997565833,122.8777060117302,31,take_profit,0.9050595238095238,0.006103633318063704
2026-01-02 09:50:00,2026-01-02 10:50:00,long,129.39,129.18,-0.0016230002318570191,0.006103633318063704,-0.001624318723534638,0.002238778099559373,130.1821641956185,128.60265615835775,60,timeout_1h,0.912232905982906,0.006103633318063704
2026-01-02 14:39:00,2026-01-02 14:48:00,long,127.84,128.6226746330309,0.006122298443608454,0.006103633318063704,0.006103633318063704,0.011587795409188499,128.6226746330309,127.06208797653959,9,take_profit,0.9021253052503052,0.006103633318063704
2026-01-02 14:49:00,2026-01-02 15:19:00,long,128.92,128.13551612903225,-0.0060850439882697005,0.006103633318063704,-0.006103633318063623,0.003639042380624306,129.70928671534998,128.13551612903225,30,stop_loss,0.9565705128205129,0.006103633318063704
2026-01-02 15:20:00,2026-01-02 15:33:00,long,127.95,128.73334808585972,0.006122298443608454,0.006103633318063704,0.006103633318063704,0.019350448976939463,128.73334808585972,127.17141862170088,13,take_profit,0.933192155067155,0.006103633318063704
2026-01-02 15:34:00,2026-01-02 16:13:00,long,128.76,129.54830714759902,0.006122298443608454,0.006103633318063704,0.006103633318063704,0.021360781442597575,129.54830714759902,127.97648973607038,39,take_profit,0.9488018925518925,0.006103633318063704
2026-01-02 16:14:00,2026-01-02 16:15:00,long,129.76,130.55442944604263,0.006122298443608454,0.006103633318063704,0.006103633318063704,0.014991867141060902,130.55442944604263,128.9704046920821,1,take_profit,0.9353174603174603,0.006103633318063704
2026-01-02 16:16:00,2026-01-02 16:31:00,long,130.41,131.20840894003098,0.006122298443608454,0.006103633318063704,0.006103633318063704,0.01370823385319505,131.20840894003098,129.61644941348973,15,take_profit,0.9675824175824176,0.006103633318063704
2026-01-02 16:32:00,2026-01-02 16:52:00,long,131.07,130.27243328445746,-0.0060850439882698115,0.006103633318063704,-0.006103633318063735,0.008660035890551306,131.87244965700376,130.27243328445746,20,stop_loss,0.9658806471306471,0.006103633318063704
2026-01-02 16:53:00,2026-01-02 17:04:00,long,130.61,131.40963339971972,0.006122298443608454,0.006103633318063704,0.006103633318063704,0.01217578393257544,131.40963339971972,129.8152324046921,11,take_profit,0.9344894688644688,0.006103633318063704
2026-01-02 17:05:00,2026-01-02 17:50:00,long,131.51,130.70975586510264,-0.0060850439882697005,0.006103633318063704,-0.006103633318063623,0.005308673168131828,132.31514346831895,130.70975586510264,45,stop_loss,0.9391750610500611,0.006103633318063704
2026-01-02 17:51:00,2026-01-02 18:04:00,long,130.86,131.6611639743306,0.006122298443608454,0.006103633318063704,0.006103633318063704,0.007991822419235666,131.6611639743306,130.06371114369503,13,take_profit,0.9122023809523809,0.006103633318063704
2026-01-02 22:07:00,2026-01-02 23:07:00,long,132.8,132.47,-0.0024849397590361866,0.006103633318063704,-0.002488032346163338,0.0024818574014922566,133.6130412333112,131.99190615835778,60,timeout_1h,0.9306013431013431,0.006103633318063704
2026-01-04 00:06:00,2026-01-04 01:06:00,long,134.42,134.42,0.0,0.006103633318063704,0.0,0.0014867680407473927,135.24295935678984,133.60204838709677,60,timeout_1h,0.9286935286935287,0.006103633318063704
2026-01-05 00:50:00,2026-01-05 01:08:00,long,135.55,136.37987755403114,0.006122298443608454,0.006103633318063704,0.006103633318063704,0.012827736829250931,136.37987755403114,134.72517228739005,18,take_profit,0.9082455738705739,0.006103633318063704
2026-01-05 01:11:00,2026-01-05 01:37:00,long,136.14,136.97348971011283,0.006122298443608454,0.006103633318063704,0.006103633318063704,0.008484544754120254,136.97348971011283,135.31158211143693,26,take_profit,0.9223977411477412,0.006103633318063704
2026-01-05 01:38:00,2026-01-05 02:21:00,long,137.21,136.37507111436952,-0.0060850439882697005,0.006103633318063704,-0.006103633318063623,0.0006557138408414766,138.05004056944753,136.37507111436952,43,stop_loss,0.9594589438339438,0.006103633318063704
2026-01-05 02:30:00,2026-01-05 02:45:00,long,135.73,136.56097956775096,0.006122298443608454,0.006103633318063704,0.006103633318063704,0.009678204438921282,136.56097956775096,134.90407697947214,15,take_profit,0.9029685592185592,0.006103633318063704
2026-01-05 14:43:00,2026-01-05 14:52:00,long,134.38,135.2027144648521,0.006122298443608454,0.006103633318063704,0.006103633318063704,0.014186731210483201,135.2027144648521,133.5622917888563,9,take_profit,0.910515873015873,0.006103633318063704
2026-01-05 14:53:00,2026-01-05 15:06:00,long,135.2,134.37730205278592,-0.0060850439882697005,0.006103633318063704,-0.006103633318063623,0.008103175093623337,136.02773474957584,134.37730205278592,13,stop_loss,0.9047313797313797,0.006103633318063704
2026-01-05 15:07:00,2026-01-05 15:17:00,long,134.27,135.09204101202332,0.006122298443608454,0.006103633318063704,0.006103633318063704,0.015005640617870176,135.09204101202332,133.45296114369503,10,take_profit,0.904945054945055,0.006103633318063704
2026-01-05 15:18:00,2026-01-05 15:25:00,long,135.16,134.33754545454545,-0.0060850439882698115,0.006103633318063704,-0.006103633318063735,0.008399076856397857,135.9874898576381,134.33754545454545,7,stop_loss,0.940625,0.006103633318063704
2026-01-05 15:26:00,2026-01-05 15:34:00,long,134.77,135.5951021612451,0.006122298443608454,0.006103633318063704,0.006103633318063704,0.011288716921418992,135.5951021612451,133.94991862170087,8,take_profit,0.9256295787545787,0.006103633318063704
2026-01-05 15:35:00,2026-01-05 15:43:00,long,135.56,136.38993877701557,0.006122298443608454,0.006103633318063704,0.006103633318063704,0.005443991963636355,136.38993877701557,134.73511143695015,8,take_profit,0.9407471001221002,0.006103633318063704
2026-01-05 15:44:00,2026-01-05 16:23:00,long,136.02,135.19231231671554,-0.0060850439882698115,0.006103633318063704,-0.006103633318063735,0.0019096590452730177,136.85275503429963,135.19231231671554,39,stop_loss,0.9190018315018315,0.006103633318063704
2026-01-05 16:24:00,2026-01-05 17:22:00,long,135.37,134.5462675953079,-0.0060850439882699225,0.006103633318063704,-0.006103633318063847,0.0015501018051248584,136.1987755403113,134.5462675953079,58,stop_loss,0.9076045482295483,0.006103633318063704
2026-01-05 20:33:00,2026-01-05 20:54:00,long,138.8,137.95539589442816,-0.0060850439882698115,0.006103633318063704,-0.006103633318063735,7.204351431376065e-05,139.64977502397286,137.95539589442816,21,stop_loss,0.9000343406593406,0.006103633318063704
2026-01-05 20:56:00,2026-01-05 21:43:00,long,137.8,138.64365272552925,0.006122298443608454,0.006103633318063704,0.006103633318063704,0.006509968741227445,138.64365272552925,136.96148093841643,47,take_profit,0.9276976495726496,0.006103633318063704
2026-01-06 05:55:00,2026-01-06 06:55:00,long,139.57,139.18,-0.0027942967686465092,0.006103633318063704,-0.002798208103848892,0.0008594142189067342,140.42448919377443,138.7207104105572,60,timeout_1h,0.9006333943833944,0.006103633318063704
2026-01-06 14:14:00,2026-01-06 14:16:00,long,140.94,141.80287674264218,0.006122298443608454,0.006103633318063704,0.006103633318063704,0.014300550142196332,141.80287674264218,140.08237390029325,2,take_profit,0.9023656898656899,0.006103633318063704
2026-01-06 14:17:00,2026-01-06 14:19:00,long,141.77,142.63795825035038,0.006122298443608454,0.006103633318063704,0.006103633318063704,0.008428791911532422,142.63795825035038,140.907323313783,2,take_profit,0.9700892857142858,0.006103633318063704
2026-01-06 14:20:00,2026-01-06 14:32:00,long,142.72,141.85154252199413,-0.0060850439882698115,0.006103633318063704,-0.006103633318063735,0.001750149209373431,143.5937744338718,141.85154252199413,12,stop_loss,0.9849282661782662,0.006103633318063704
2026-01-06 14:33:00,2026-01-06 14:48:00,long,141.99,141.12598460410558,-0.0060850439882698115,0.006103633318063704,-0.006103633318063735,0.007577388391976173,142.85930515600796,141.12598460410558,15,stop_loss,0.9816163003663003,0.006103633318063704
2026-01-06 14:49:00,2026-01-06 15:15:00,long,141.63,142.49710112856826,0.006122298443608454,0.006103633318063704,0.006103633318063704,0.010115997751937642,142.49710112856826,140.76817521994136,26,take_profit,0.9691048534798535,0.006103633318063704
2026-01-06 15:16:00,2026-01-06 15:41:00,long,142.49,141.62294208211145,-0.0060850439882698115,0.006103633318063704,-0.006103633318063735,0.004062199170545026,143.36236630522978,141.62294208211145,25,stop_loss,0.9671016483516484,0.006103633318063704
2026-01-06 15:42:00,2026-01-06 15:46:00,long,141.38,142.24557055395735,0.006122298443608454,0.006103633318063704,0.006103633318063704,0.0062050685625611255,142.24557055395735,140.51969648093842,4,take_profit,0.9308646214896215,0.006103633318063704
2026-01-06 15:47:00,2026-01-06 15:56:00,long,141.95,141.08622800586508,-0.0060850439882699225,0.006103633318063704,-0.006103633318063847,0.0,142.8190602640702,141.08622800586508,9,stop_loss,0.9276098901098901,0.006103633318063704
2026-01-06 15:57:00,2026-01-06 16:08:00,long,141.36,140.4998181818182,-0.0060850439882698115,0.006103633318063704,-0.006103633318063735,0.002966732415430347,142.2254481079885,140.4998181818182,11,stop_loss,0.9250801282051282,0.006103633318063704
2026-01-06 16:09:00,2026-01-06 16:26:00,long,140.56,139.7046862170088,-0.0060850439882698115,0.006103633318063704,-0.006103633318063735,0.0022030353933736478,141.42055026923362,139.7046862170088,17,stop_loss,0.958470695970696,0.006103633318063704
2026-01-06 16:27:00,2026-01-06 16:43:00,long,139.46,138.6113797653959,-0.0060850439882698115,0.006103633318063704,-0.006103633318063735,0.0009317327318020406,140.31381574094564,138.6113797653959,16,stop_loss,0.9557844932844933,0.006103633318063704
2026-01-06 16:44:00,2026-01-06 17:44:00,long,138.52,138.05,-0.0033930118394455144,0.006103633318063704,-0.0033987811580577223,0.004034587605439409,139.36806078040865,137.67709970674488,60,timeout_1h,0.9416170634920635,0.006103633318063704
2026-01-06 17:48:00,2026-01-06 17:57:00,long,137.27,136.4347060117302,-0.0060850439882698115,0.006103633318063704,-0.006103633318063735,0.003780997742243404,138.11040790735413,136.4347060117302,9,stop_loss,0.9182806776556777,0.006103633318063704
2026-01-06 17:58:00,2026-01-06 18:07:00,long,136.6,137.43630596739692,0.006122298443608454,0.006103633318063704,0.006103633318063704,0.008673839869122029,137.43630596739692,135.76878299120233,9,take_profit,0.9265834859584859,0.006103633318063704
2026-01-06 18:08:00,2026-01-06 19:08:00,long,137.44,137.76,0.002328288707799775,0.006103633318063704,0.0023255824434754366,0.0025433287698664393,138.28144869808955,136.6036715542522,60,timeout_1h,0.9367254273504273,0.006103633318063704
2026-01-06 21:16:00,2026-01-06 21:34:00,long,140.77,141.63183595190677,0.006122298443608454,0.006103633318063704,0.006103633318063704,0.008277080256962853,141.63183595190677,139.91340835777126,18,take_profit,0.9242063492063493,0.006103633318063704
2026-01-06 21:35:00,2026-01-06 21:46:00,long,141.77,140.907323313783,-0.0060850439882698115,0.006103633318063704,-0.006103633318063735,-0.0028254592505990643,142.63795825035038,140.907323313783,11,stop_loss,0.9665636446886446,0.006103633318063704
2026-01-06 21:50:00,2026-01-06 22:20:00,long,140.53,139.67486876832845,-0.0060850439882698115,0.006103633318063704,-0.006103633318063735,0.0015642779071461353,141.3903666002803,139.67486876832845,30,stop_loss,0.905479242979243,0.006103633318063704
2026-01-07 09:35:00,2026-01-07 10:35:00,long,137.06,137.45,0.002845469137603862,0.006103633318063704,0.0028414284535769837,0.003132401031464844,137.89912222468098,136.22598387096775,60,timeout_1h,0.9051930708180708,0.006103633318063704
2026-01-07 14:42:00,2026-01-07 15:02:00,long,137.8,136.96148093841643,-0.0060850439882698115,0.006103633318063704,-0.006103633318063735,0.0021747018356880763,138.64365272552925,136.96148093841643,20,stop_loss,0.9218368437118437,0.006103633318063704
2026-01-07 15:03:00,2026-01-07 15:17:00,long,136.58,135.74890469208214,-0.0060850439882697005,0.006103633318063704,-0.006103633318063623,0.003800063035325369,137.41618352142805,135.74890469208214,14,stop_loss,0.9362446581196581,0.006103633318063704
2026-01-07 15:18:00,2026-01-07 16:09:00,long,135.46,136.2893265471712,0.006122298443608454,0.006103633318063704,0.006103633318063704,0.006402023411280713,136.2893265471712,134.63571994134898,51,take_profit,0.9408997252747253,0.006103633318063704
2026-01-08 07:02:00,2026-01-08 07:16:00,long,134.52,135.34357158663423,0.006122298443608454,0.006103633318063704,0.006103633318063704,0.010574284206410708,135.34357158663423,133.70143988269797,14,take_profit,0.9136942918192918,0.006103633318063704
2026-01-08 14:44:00,2026-01-08 14:51:00,long,133.18,133.99536770671978,0.006122298443608454,0.006103633318063704,0.006103633318063704,0.01763897926219827,133.99536770671978,132.36959384164223,7,take_profit,0.9017017704517705,0.006103633318063704
2026-01-08 14:52:00,2026-01-08 15:03:00,long,134.34,133.52253519061583,-0.0060850439882699225,0.006103633318063704,-0.006103633318063847,0.011545421318379562,135.16246957291438,133.52253519061583,11,stop_loss,0.9373282967032966,0.006103633318063704
2026-01-08 15:07:00,2026-01-08 15:15:00,long,134.39,135.21277568783654,0.006122298443608454,0.006103633318063704,0.006103633318063704,0.01689640668811835,135.21277568783654,133.5722309384164,8,take_profit,0.9200511294261294,0.006103633318063704
2026-01-08 15:16:00,2026-01-08 15:58:00,long,135.24,136.0679796415136,0.006122298443608454,0.006103633318063704,0.006103633318063704,0.01292994798843958,136.0679796415136,134.4170586510264,42,take_profit,0.9164377289377289,0.006103633318063704
2026-01-08 15:59:00,2026-01-08 16:42:00,long,136.33,137.16465294681714,0.006122298443608454,0.006103633318063704,0.006103633318063704,0.01304445532375329,137.16465294681714,135.5004259530792,43,take_profit,0.9277777777777778,0.006103633318063704
2026-01-08 16:43:00,2026-01-08 17:00:00,long,137.39,138.23114258316735,0.006122298443608454,0.006103633318063704,0.006103633318063704,0.007830098730765903,138.23114258316735,136.5539758064516,17,take_profit,0.9313492063492064,0.006103633318063704
2026-01-08 17:01:00,2026-01-08 17:20:00,long,138.47,137.62740395894429,-0.0060850439882698115,0.006103633318063704,-0.006103633318063735,0.0020921264349263594,139.31775466548646,137.62740395894429,19,stop_loss,0.9298344017094017,0.006103633318063704
2026-01-09 01:34:00,2026-01-09 02:06:00,long,138.25,139.09640775982888,0.006122298443608454,0.006103633318063704,0.006103633318063704,0.008427319655808356,139.09640775982888,137.4087426686217,32,take_profit,0.9025373931623931,0.006103633318063704
2026-01-09 09:04:00,2026-01-09 10:04:00,long,138.73,138.15,-0.004180782815540907,0.006103633318063704,-0.004189546723208559,0.0022320634244478214,139.57934646308178,137.88582184750732,60,timeout_1h,0.9121184371184371,0.006103633318063704
2026-01-09 13:36:00,2026-01-09 13:49:00,long,139.02,138.17405718475075,-0.0060850439882697005,0.006103633318063704,-0.006103633318063623,-0.0010795639610510787,139.87112192963045,138.17405718475075,13,stop_loss,0.9094818376068377,0.006103633318063704
2026-01-09 14:45:00,2026-01-09 15:06:00,long,137.08,136.24586217008797,-0.0060850439882699225,0.006103633318063704,-0.006103633318063847,0.02535428237015624,137.91924467064985,136.24586217008797,21,stop_loss,0.9176167582417583,0.006103633318063704
2026-01-09 15:07:00,2026-01-09 15:20:00,long,136.52,137.35581618352143,0.006122298443608454,0.006103633318063704,0.006103633318063704,0.02944785533805812,137.35581618352143,135.6892697947214,13,take_profit,0.9453487484737485,0.006103633318063704
2026-01-09 15:21:00,2026-01-09 15:24:00,long,137.83,138.67383639448258,0.006122298443608454,0.006103633318063704,0.006103633318063704,0.01989793767021701,138.67383639448258,136.99129838709678,3,take_profit,0.9017513736263736,0.006103633318063704
2026-01-09 15:25:00,2026-01-09 15:28:00,long,138.93,139.78057092277052,0.006122298443608454,0.006103633318063704,0.006103633318063704,0.01194877021579415,139.78057092277052,138.08460483870968,3,take_profit,0.97060057997558,0.006103633318063704
2026-01-09 15:29:00,2026-01-09 15:35:00,long,139.81,140.6659585454009,0.006122298443608454,0.006103633318063704,0.006103633318063704,0.005634621376831272,140.6659585454009,138.95925,6,take_profit,0.9832264957264957,0.006103633318063704
2026-01-09 15:36:00,2026-01-09 15:41:00,long,140.0,139.14809384164224,-0.0060850439882697005,0.006103633318063704,-0.006103633318063623,0.0027818413745554255,140.8571217821052,139.14809384164224,5,stop_loss,0.9954403235653235,0.006103633318063704
2026-01-09 15:42:00,2026-01-09 15:55:00,long,139.01,138.1641180351906,-0.0060850439882698115,0.006103633318063704,-0.006103633318063735,0.0072393965600503225,139.86106070664601,138.1641180351906,13,stop_loss,0.9944673382173382,0.006103633318063704
2026-01-09 15:56:00,2026-01-09 16:02:00,long,138.18,139.02597919893782,0.006122298443608454,0.006103633318063704,0.006103633318063704,0.013228086488402815,139.02597919893782,137.33916862170088,6,take_profit,0.9868170024420024,0.006103633318063704
2026-01-09 16:03:00,2026-01-09 16:14:00,long,139.03,139.88118315261488,0.006122298443608454,0.006103633318063704,0.006103633318063704,0.00709553236759962,139.88118315261488,138.18399633431085,11,take_profit,0.982154304029304,0.006103633318063704
2026-01-09 16:15:00,2026-01-09 17:15:00,long,139.75,138.8996151026393,-0.0060850439882697005,0.006103633318063704,-0.006103633318063623,0.001858736594625342,140.60559120749429,138.8996151026393,60,stop_loss,0.9611912393162393,0.006103633318063704
2026-01-09 17:17:00,2026-01-09 17:30:00,long,138.41,137.56776906158356,-0.0060850439882699225,0.006103633318063704,-0.006103633318063847,0.00021672385853303456,139.25738732757983,137.56776906158356,13,stop_loss,0.9160370879120879,0.006103633318063704
2026-01-09 17:31:00,2026-01-09 18:16:00,long,137.89,137.05093328445747,-0.0060850439882697005,0.006103633318063704,-0.006103633318063623,0.003980752913493755,138.73420373238915,137.05093328445747,45,stop_loss,0.9334439865689865,0.006103633318063704
2026-01-09 18:29:00,2026-01-09 19:29:00,long,136.12,135.72,-0.002938583602703493,0.006103633318063704,-0.002942909716675577,0.005275510476698833,136.953367264144,135.2917038123167,60,timeout_1h,0.9241643772893773,0.006103633318063704
2026-01-11 16:29:00,2026-01-11 16:32:00,long,140.21,141.06840746477835,0.006122298443608454,0.006103633318063704,0.006103633318063704,0.008027036529668002,141.06840746477835,139.3568159824047,3,take_profit,0.9227754884004884,0.006103633318063704
2026-01-11 16:33:00,2026-01-11 16:49:00,long,140.92,140.062495601173,-0.0060850439882699225,0.006103633318063704,-0.006103633318063847,0.0020557906081238755,141.7827542966733,140.062495601173,16,stop_loss,0.974763431013431,0.006103633318063704
2026-01-11 16:50:00,2026-01-11 17:37:00,long,139.62,138.7704061583578,-0.0060850439882697005,0.006103633318063704,-0.006103633318063623,0.003717476400132352,140.47479530869663,138.7704061583578,47,stop_loss,0.9549908424908425,0.006103633318063704
2026-01-11 23:15:00,2026-01-12 00:15:00,long,139.28,139.24,-0.0002871912693853673,0.006103633318063704,-0.00028723251669540684,0.0030825502024619095,140.1327137272258,138.43247507331378,60,timeout_1h,0.9019650488400488,0.006103633318063704
2026-01-12 00:21:00,2026-01-12 01:00:00,long,140.5,141.360182931327,0.006122298443608454,0.006103633318063704,0.006103633318063704,0.008716350405013468,141.360182931327,139.6450513196481,39,take_profit,0.9038079975579976,0.006103633318063704
2026-01-12 01:01:00,2026-01-12 01:06:00,long,140.95,141.8129379656266,0.006122298443608454,0.006103633318063704,0.006103633318063704,0.006153430315729209,141.8129379656266,140.09231304985335,5,take_profit,0.9540293040293041,0.006103633318063704
2026-01-12 01:07:00,2026-01-12 02:07:00,long,141.29,141.67,0.002689503857314701,0.006103633318063704,0.002685893613543087,0.0037441320981341556,142.15501954709742,140.43024413489735,60,timeout_1h,0.9357371794871795,0.006103633318063704
2026-01-12 02:16:00,2026-01-12 03:13:00,long,142.44,143.3120601903076,0.006122298443608454,0.006103633318063704,0.006103633318063704,0.010961883199714166,143.3120601903076,141.57324633431085,57,take_profit,0.9075702075702076,0.006103633318063704
2026-01-12 03:14:00,2026-01-12 03:33:00,long,143.94,143.06411876832843,-0.0060850439882699225,0.006103633318063704,-0.006103633318063847,0.0004861955296328962,144.821243637973,143.06411876832843,19,stop_loss,0.9104242979242979,0.006103633318063704
2026-01-12 08:42:00,2026-01-12 09:42:00,long,139.79,140.01,0.0015737892553115973,0.006103633318063704,0.001572552146796838,0.002143776724985564,140.64583609943202,138.93937170087975,60,timeout_1h,0.9123282967032967,0.006103633318063704
2026-01-12 14:39:00,2026-01-12 15:20:00,long,140.59,141.45073393818691,0.006122298443608454,0.006103633318063704,0.006103633318063704,0.009345200754630118,141.45073393818691,139.73450366568915,41,take_profit,0.9404838217338217,0.006103633318063704
2026-01-12 15:21:00,2026-01-12 15:36:00,long,140.91,141.77269307368886,0.006122298443608454,0.006103633318063704,0.006103633318063704,0.014443482144159294,141.77269307368886,140.0525564516129,15,take_profit,0.9407051282051282,0.006103633318063704
2026-01-12 15:37:00,2026-01-12 16:05:00,long,141.9,142.76875414914804,0.006122298443608454,0.006103633318063704,0.006103633318063704,0.015731839918414283,142.76875414914804,141.0365322580645,28,take_profit,0.9035866910866911,0.006103633318063704
2026-01-12 16:26:00,2026-01-12 17:24:00,long,143.43,142.55722214076246,-0.0060850439882698115,0.006103633318063704,-0.006103633318063735,0.005007312778289592,144.30812126576677,142.55722214076246,58,stop_loss,0.901140873015873,0.006103633318063704
2026-01-12 17:26:00,2026-01-12 17:33:00,long,142.26,141.39434164222874,-0.0060850439882697005,0.006103633318063704,-0.006103633318063623,0.0037186501368347983,143.13095817658774,141.39434164222874,7,stop_loss,0.9064827533577534,0.006103633318063704
2026-01-12 17:34:00,2026-01-12 17:43:00,long,141.33,142.19526443903518,0.006122298443608454,0.006103633318063704,0.006103633318063704,0.010277438062144408,142.19526443903518,140.47000073313785,9,take_profit,0.9220772283272284,0.006103633318063704
2026-01-12 18:37:00,2026-01-12 19:37:00,long,141.03,140.89,-0.0009926965893782835,0.006103633318063704,-0.000993189638963667,0.002973664043427317,141.8934277495021,140.17182624633432,60,timeout_1h,0.9266407203907204,0.006103633318063704
2026-01-13 13:33:00,2026-01-13 14:30:00,long,142.4,143.27181529836986,0.006122298443608454,0.006103633318063704,0.006103633318063704,0.006928191749072275,143.27181529836986,141.53348973607038,57,take_profit,0.9235691391941392,0.006103633318063704
2026-01-13 14:37:00,2026-01-13 14:48:00,long,143.6,142.72618768328445,-0.0060850439882698115,0.006103633318063704,-0.006103633318063735,-0.0006966214144479978,144.47916205650216,142.72618768328445,11,stop_loss,0.9002747252747253,0.006103633318063704
2026-01-13 14:55:00,2026-01-13 15:02:00,long,142.16,141.29495014662757,-0.0060850439882697005,0.006103633318063704,-0.006103633318063623,0.007428725732397908,143.03034594674338,141.29495014662757,7,stop_loss,0.9104777167277167,0.006103633318063704
2026-01-13 15:03:00,2026-01-13 15:07:00,long,141.27,142.1348971011286,0.006122298443608454,0.006103633318063704,0.006103633318063704,0.017263586639567313,142.1348971011286,140.41036583577713,4,take_profit,0.9577037545787546,0.006103633318063704
2026-01-13 15:08:00,2026-01-13 15:36:00,long,141.94,142.80899904108577,0.006122298443608454,0.006103633318063704,0.006103633318063704,0.012532106466303629,142.80899904108577,141.07628885630498,28,take_profit,0.9240651709401709,0.006103633318063704
2026-01-13 15:37:00,2026-01-13 16:01:00,long,143.07,143.94591723832704,0.006122298443608454,0.006103633318063704,0.006103633318063704,0.006340380062914104,143.94591723832704,142.19941275659824,24,take_profit,0.9407814407814408,0.006103633318063704
2026-01-13 16:02:00,2026-01-13 16:38:00,long,143.57,144.44897838754886,0.006122298443608454,0.006103633318063704,0.006103633318063704,0.0037541757106678004,144.44897838754886,142.6963702346041,36,take_profit,0.9379845848595849,0.006103633318063704
2026-01-13 16:46:00,2026-01-13 17:10:00,long,143.88,143.00448387096773,-0.0060850439882698115,0.006103633318063704,-0.006103633318063735,-0.00020852882986626195,144.76087630006637,143.00448387096773,24,stop_loss,0.9049145299145299,0.006103633318063704
2026-01-13 22:09:00,2026-01-13 22:10:00,long,145.76,146.65238622114035,0.006122298443608454,0.006103633318063704,0.006103633318063704,0.012747710034348454,146.65238622114035,144.87304398826979,1,take_profit,0.9355616605616606,0.006103633318063704
2026-01-13 22:11:00,2026-01-13 22:15:00,long,146.27,147.16550859334663,0.006122298443608454,0.006103633318063704,0.006103633318063704,0.00925491464699945,147.16550859334663,145.37994061583578,4,take_profit,0.9932997557997558,0.006103633318063704
2026-01-13 22:16:00,2026-01-13 22:19:00,long,146.6,147.497528951833,0.006122298443608454,0.006103633318063704,0.006103633318063704,0.007001354093445525,147.497528951833,145.70793255131963,3,take_profit,0.9935973748473749,0.006103633318063704
2026-01-13 22:20:00,2026-01-13 22:35:00,long,147.01,146.11543768328445,-0.0060850439882697005,0.006103633318063704,-0.006103633318063623,0.004208531870121616,147.91003909419487,146.11543768328445,15,stop_loss,0.9928189865689866,0.006103633318063704
2026-01-13 22:36:00,2026-01-13 22:42:00,long,146.03,146.92403924172015,0.006122298443608454,0.006103633318063704,0.006103633318063704,0.010897063493616369,146.92403924172015,145.14140102639297,6,take_profit,0.9794108669108669,0.006103633318063704
2026-01-13 22:43:00,2026-01-13 23:24:00,long,147.2,146.30428152492667,-0.0060850439882698115,0.006103633318063704,-0.006103633318063735,0.0029169372512207253,148.10120233089916,146.30428152492667,41,stop_loss,0.9594513125763126,0.006103633318063704
2026-01-13 23:39:00,2026-01-14 00:36:00,long,145.18,144.296573313783,-0.0060850439882698115,0.006103633318063704,-0.006103633318063735,0.003918473373907221,146.0688352880431,144.296573313783,57,stop_loss,0.9378968253968254,0.006103633318063704
2026-01-14 14:25:00,2026-01-14 14:32:00,long,146.4,145.5091495601173,-0.0060850439882699225,0.006103633318063704,-0.006103633318063847,0.0072143510342933944,147.2963044921443,145.5091495601173,7,stop_loss,0.9186240842490843,0.006103633318063704
2026-01-14 14:33:00,2026-01-14 14:46:00,long,145.88,146.7731208969536,0.006122298443608454,0.006103633318063704,0.006103633318063704,0.010772586621025078,146.7731208969536,144.9923137829912,13,take_profit,0.9324786324786325,0.006103633318063704
2026-01-14 14:47:00,2026-01-14 15:01:00,long,146.9,146.00610703812316,-0.0060850439882699225,0.006103633318063704,-0.006103633318063847,0.0038048693816728793,147.79936564136608,146.00610703812316,14,stop_loss,0.9436355311355311,0.006103633318063704
2026-01-14 15:02:00,2026-01-14 15:07:00,long,146.05,146.94416168768902,0.006122298443608454,0.006103633318063704,0.006103633318063704,0.00940445802797842,146.94416168768902,145.1612793255132,5,take_profit,0.9501945970695971,0.006103633318063704
2026-01-14 15:08:00,2026-01-14 15:12:00,long,146.66,147.5578962897396,0.006122298443608454,0.006103633318063704,0.006103633318063704,0.005236504196074975,147.5578962897396,145.76756744868035,4,take_profit,0.9167620573870574,0.006103633318063704
2026-01-14 15:13:00,2026-01-14 15:38:00,long,147.37,146.47324706744868,-0.0060850439882698115,0.006103633318063704,-0.006103633318063735,0.004063119289271238,148.27224312163457,146.47324706744868,25,stop_loss,0.9561965811965812,0.006103633318063704
2026-01-14 15:42:00,2026-01-14 16:02:00,long,146.46,147.3566718300509,0.006122298443608454,0.006103633318063704,0.006103633318063704,0.012282582397011002,147.3566718300509,145.56878445747802,20,take_profit,0.9263507326007326,0.006103633318063704
2026-01-14 16:03:00,2026-01-14 16:20:00,long,147.32,148.22193700671238,0.006122298443608454,0.006103633318063704,0.006103633318063704,0.006427844453070241,148.22193700671238,146.42355131964808,17,take_profit,0.9005723443223443,0.006103633318063704
2026-01-14 16:22:00,2026-01-14 16:44:00,long,148.06,147.15904838709676,-0.0060850439882699225,0.006103633318063704,-0.006103633318063847,0.00101258995387135,148.96646750756068,147.15904838709676,22,stop_loss,0.9003357753357754,0.006103633318063704
2026-01-14 18:34:00,2026-01-14 19:20:00,long,146.09,146.98440657962675,0.006122298443608454,0.006103633318063704,0.006103633318063704,0.008112666780399702,146.98440657962675,145.20103592375366,46,take_profit,0.9098290598290598,0.006103633318063704
2026-01-14 19:32:00,2026-01-14 20:11:00,long,146.66,147.5578962897396,0.006122298443608454,0.006103633318063704,0.006103633318063704,0.005575590700290157,147.5578962897396,145.76756744868035,39,take_profit,0.9145833333333333,0.006103633318063704
2026-01-15 14:46:00,2026-01-15 14:49:00,long,143.4,144.27793759681344,0.006122298443608454,0.006103633318063704,0.006103633318063704,0.006533699478607089,144.27793759681344,142.52740469208211,3,take_profit,0.9148923992673993,0.006103633318063704
2026-01-15 14:50:00,2026-01-15 15:15:00,long,144.17,143.29271920821114,-0.0060850439882697005,0.006103633318063704,-0.006103633318063623,0.0011784688203148872,145.052651766615,143.29271920821114,25,stop_loss,0.912797619047619,0.006103633318063704
2026-01-15 15:16:00,2026-01-15 15:25:00,long,143.64,142.76594428152492,-0.0060850439882697005,0.006103633318063704,-0.006103633318063623,0.0009741841978434143,144.5194069484399,142.76594428152492,9,stop_loss,0.915995115995116,0.006103633318063704
2026-01-15 15:26:00,2026-01-15 15:59:00,long,142.49,143.36236630522978,0.006122298443608454,0.006103633318063704,0.006103633318063704,0.006784428890590894,143.36236630522978,141.62294208211145,33,take_profit,0.9513812576312576,0.006103633318063704
2026-01-15 16:00:00,2026-01-15 17:00:00,long,143.38,143.62,0.0016738736225414552,0.006103633318063704,0.001672474257445255,0.0029249968622202306,144.25781515084458,142.50752639296186,60,timeout_1h,0.9460164835164835,0.006103633318063704
2026-01-16 15:34:00,2026-01-16 15:47:00,long,141.31,140.4501224340176,-0.0060850439882698115,0.006103633318063704,-0.006103633318063735,0.0033910311548116857,142.17514199306632,140.4501224340176,13,stop_loss,0.9519726800976801,0.006103633318063704
2026-01-16 15:48:00,2026-01-16 16:07:00,long,140.38,141.23944825551376,0.006122298443608454,0.006103633318063704,0.006103633318063704,0.01034663046367701,141.23944825551376,139.52578152492669,19,take_profit,0.9531135531135531,0.006103633318063704
2026-01-16 16:08:00,2026-01-16 17:08:00,long,141.27,141.49,0.0015573016210093105,0.006103633318063704,0.0015560902842879332,0.004449631242423965,142.1348971011286,140.41036583577713,60,timeout_1h,0.9028540903540904,0.006103633318063704
2026-01-18 23:23:00,2026-01-18 23:30:00,long,140.75,139.89353005865104,-0.0060850439882697005,0.006103633318063704,-0.006103633318063623,0.00028415145463622836,141.6117135059379,139.89353005865104,7,stop_loss,0.9352602258852258,0.006103633318063704
2026-01-18 23:31:00,2026-01-18 23:36:00,long,140.08,139.22760703812318,-0.0060850439882698115,0.006103633318063704,-0.006103633318063735,-0.000714132716203025,140.9376115659807,139.22760703812318,5,stop_loss,0.9690323565323565,0.006103633318063704
2026-01-18 23:37:00,2026-01-18 23:46:00,long,139.48,138.63125806451612,-0.0060850439882698115,0.006103633318063704,-0.006103633318063735,0.00021506147256628578,140.3339381869145,138.63125806451612,9,stop_loss,0.9545902014652015,0.006103633318063704
2026-01-18 23:47:00,2026-01-19 00:00:00,long,138.36,137.518073313783,-0.0060850439882699225,0.006103633318063704,-0.006103633318063847,0.0020216613383825808,139.20708121265767,137.518073313783,13,stop_loss,0.949824481074481,0.006103633318063704
2026-01-19 00:01:00,2026-01-19 00:02:00,long,131.9,131.0973826979472,-0.0060850439882698115,0.006103633318063704,-0.006103633318063735,0.023156641897466686,132.70753116471195,131.0973826979472,1,stop_loss,0.9948527167277167,0.006103633318063704
2026-01-19 00:03:00,2026-01-19 00:04:00,long,133.64,134.4581839640038,0.006122298443608454,0.006103633318063704,0.006103633318063704,0.01005108413218006,134.4581839640038,132.82679472140762,1,take_profit,0.995764652014652,0.006103633318063704
2026-01-19 00:05:00,2026-01-19 00:06:00,long,134.99,134.16857991202346,-0.0060850439882698115,0.006103633318063704,-0.006103633318063735,-0.00281899296473392,135.81644906690272,134.16857991202346,1,stop_loss,0.9998168498168498,0.006103633318063704
2026-01-19 00:07:00,2026-01-19 00:08:00,long,134.0,134.82038799144354,0.006122298443608454,0.006103633318063704,0.006103633318063704,0.0045419087050903705,134.82038799144354,133.18460410557185,1,take_profit,0.9998282967032966,0.006103633318063704
2026-01-19 00:09:00,2026-01-19 00:14:00,long,134.41,133.59210923753665,-0.0060850439882698115,0.006103633318063704,-0.006103633318063735,0.0005206590173031265,135.2328981338054,133.59210923753665,5,stop_loss,0.9997443528693528,0.006103633318063704
2026-01-19 00:15:00,2026-01-19 00:17:00,long,132.91,133.72371468614,0.006122298443608454,0.006103633318063704,0.006103633318063704,0.01174328166711879,133.72371468614,132.10123680351904,2,take_profit,0.9988705738705739,0.006103633318063704
2026-01-19 00:18:00,2026-01-19 00:36:00,long,133.69,134.508490078926,0.006122298443608454,0.006103633318063704,0.006103633318063704,0.0058918021053290005,134.508490078926,132.8764904692082,18,take_profit,0.9994619963369963,0.006103633318063704
2026-01-19 00:37:00,2026-01-19 01:37:00,long,134.1,134.06,-0.0002982848620431966,0.006103633318063704,-0.0002983293578211566,0.0019369744564592447,134.9210002212879,133.28399560117302,60,timeout_1h,0.9891292735042735,0.006103633318063704
2026-01-20 06:18:00,2026-01-20 07:18:00,long,131.49,131.56,0.0005323598752755565,0.006103633318063704,0.000532218222028595,0.0037195928564478266,132.29502102235008,130.6898775659824,60,timeout_1h,0.9157738095238095,0.006103633318063704
2026-01-20 08:14:00,2026-01-20 08:21:00,long,129.62,130.41357232426054,0.006122298443608454,0.006103633318063704,0.006103633318063704,0.004771809254660191,130.41357232426054,128.83125659824046,7,take_profit,0.9395108363858364,0.006103633318063704
2026-01-20 08:35:00,2026-01-20 09:35:00,long,128.76,128.77,7.766387076757475e-05,0.006103633318063704,7.766085508530214e-05,0.0020947290331472454,129.54830714759902,127.97648973607038,60,timeout_1h,0.9132822039072039,0.006103633318063704
2026-01-20 14:37:00,2026-01-20 14:39:00,long,128.77,129.55836837058348,0.006122298443608454,0.006103633318063704,0.006103633318063704,0.0052668389118540665,129.55836837058348,127.9864288856305,2,take_profit,0.9082570207570207,0.006103633318063704
2026-01-20 14:40:00,2026-01-20 14:48:00,long,129.22,128.4336906158358,-0.0060850439882697005,0.006103633318063704,-0.006103633318063623,-0.0004644322399449409,130.01112340488308,128.4336906158358,8,stop_loss,0.9526823870573871,0.006103633318063704
2026-01-20 14:49:00,2026-01-20 15:07:00,long,128.57,127.78764589442814,-0.0060850439882698115,0.006103633318063704,-0.006103633318063735,0.003183850486073894,129.35714391089473,127.78764589442814,18,stop_loss,0.9527586996336996,0.006103633318063704
2026-01-20 15:08:00,2026-01-20 16:08:00,long,127.78,127.84,0.00046955705118167934,0.006103633318063704,0.0004694468437672849,0.0048403560816635514,128.5623072951243,127.00245307917888,60,timeout_1h,0.9360691391941391,0.006103633318063704
2026-01-20 16:16:00,2026-01-20 16:25:00,long,128.43,127.64849780058651,-0.0060850439882698115,0.006103633318063704,-0.006103633318063735,-0.0008568647067601594,129.21628678911264,127.64849780058651,9,stop_loss,0.9110729548229548,0.006103633318063704
2026-01-20 16:33:00,2026-01-20 16:46:00,long,127.01,126.23713856304985,-0.0060850439882698115,0.006103633318063704,-0.006103633318063735,0.005887680390528911,127.78759312532272,126.23713856304985,13,stop_loss,0.9289720695970696,0.006103633318063704
2026-01-20 16:47:00,2026-01-20 16:54:00,long,126.28,127.05312384745888,0.006122298443608454,0.006103633318063704,0.006103633318063704,0.011651840216966214,127.05312384745888,125.51158064516129,7,take_profit,0.933501221001221,0.006103633318063704
2026-01-20 16:59:00,2026-01-20 17:05:00,long,127.0,127.77753190233827,0.006122298443608454,0.006103633318063704,0.006103633318063704,0.005966417448165834,127.77753190233827,126.22719941348973,6,take_profit,0.9039797008547008,0.006103633318063704
2026-01-20 17:06:00,2026-01-20 17:27:00,long,127.76,126.98257478005866,-0.0060850439882698115,0.006103633318063704,-0.006103633318063735,-0.0010180509121576824,128.54218484915543,126.98257478005866,21,stop_loss,0.9000992063492064,0.006103633318063704
2026-01-20 22:34:00,2026-01-20 22:35:00,long,124.8,125.56406284576234,0.006122298443608454,0.006103633318063704,0.006103633318063704,0.012185074906618708,125.56406284576234,124.04058651026392,1,take_profit,0.9701159951159951,0.006103633318063704
2026-01-20 22:36:00,2026-01-20 22:48:00,long,125.51,126.27840967765731,0.006122298443608454,0.006103633318063704,0.006103633318063704,0.0065120941695912754,126.27840967765731,124.74626612903226,12,take_profit,0.9809600122100122,0.006103633318063704
2026-01-20 22:49:00,2026-01-20 23:49:00,long,126.29,125.84,-0.0035632274922796636,0.006103633318063704,-0.0035695909080563134,0.000316681183867398,127.06318507044332,125.52151979472141,60,timeout_1h,0.9089590964590964,0.006103633318063704
2026-01-21 14:06:00,2026-01-21 14:11:00,long,128.07,128.85408276167294,0.006122298443608454,0.006103633318063704,0.006103633318063704,0.01364891293418184,128.85408276167294,127.29068841642228,5,take_profit,0.9044490231990232,0.006103633318063704
2026-01-21 14:12:00,2026-01-21 14:30:00,long,128.63,129.41751124880136,0.006122298443608454,0.006103633318063704,0.006103633318063704,0.012208465650012965,129.41751124880136,127.84728079178885,18,take_profit,0.9489163614163614,0.006103633318063704
2026-01-21 14:31:00,2026-01-21 15:03:00,long,128.98,129.7696540532566,0.006122298443608454,0.006103633318063704,0.006103633318063704,0.014547110485157944,129.7696540532566,128.19515102639295,32,take_profit,0.95439942002442,0.006103633318063704
2026-01-21 15:04:00,2026-01-21 15:08:00,long,129.45,130.2425315335251,0.006122298443608454,0.006103633318063704,0.006103633318063704,0.010909757869842666,130.2425315335251,128.66229105571847,4,take_profit,0.9514270451770451,0.006103633318063704
2026-01-21 15:09:00,2026-01-21 15:17:00,long,130.02,130.81602124363798,0.006122298443608454,0.006103633318063704,0.006103633318063704,0.006516179291066588,130.81602124363798,129.22882258064516,8,take_profit,0.9314903846153846,0.006103633318063704
2026-01-21 15:18:00,2026-01-21 15:25:00,long,130.86,130.06371114369503,-0.0060850439882698115,0.006103633318063704,-0.006103633318063735,7.641462579650209e-05,131.6611639743306,130.06371114369503,7,stop_loss,0.940521978021978,0.006103633318063704
2026-01-21 15:26:00,2026-01-21 16:15:00,long,130.03,129.23876173020528,-0.0060850439882698115,0.006103633318063704,-0.006103633318063735,0.0039145001438427845,130.8260824666224,129.23876173020528,49,stop_loss,0.945837148962149,0.006103633318063704
2026-01-21 16:24:00,2026-01-21 16:36:00,long,128.71,127.92679398826981,-0.0060850439882698115,0.006103633318063704,-0.006103633318063735,0.0015526747937269476,129.49800103267685,127.92679398826981,12,stop_loss,0.944818376068376,0.006103633318063704
2026-01-21 16:37:00,2026-01-21 16:40:00,long,127.79,127.012392228739,-0.0060850439882698115,0.006103633318063704,-0.006103633318063735,-0.0018014494787550281,128.57236851810873,127.012392228739,3,stop_loss,0.9415560134310135,0.006103633318063704
2026-01-21 16:41:00,2026-01-21 16:44:00,long,127.14,126.36634750733138,-0.0060850439882698115,0.006103633318063704,-0.006103633318063735,0.001571833080616514,127.91838902412037,126.36634750733138,3,stop_loss,0.9520604395604395,0.006103633318063704
2026-01-21 16:45:00,2026-01-21 16:56:00,long,127.04,126.26695601173022,-0.0060850439882698115,0.006103633318063704,-0.006103633318063735,0.002358677090053767,127.81777679427603,126.26695601173022,11,stop_loss,0.9770985958485958,0.006103633318063704
2026-01-21 16:57:00,2026-01-21 17:04:00,long,125.78,126.55006269823707,0.006122298443608454,0.006103633318063704,0.006103633318063704,0.008628591037149625,126.55006269823707,125.01462316715542,7,take_profit,0.9858669108669109,0.006103633318063704
2026-01-21 17:05:00,2026-01-21 17:14:00,long,126.39,125.62091129032258,-0.0060850439882698115,0.006103633318063704,-0.006103633318063735,0.004342169219289248,127.16379730028767,125.62091129032258,9,stop_loss,0.9720734126984127,0.006103633318063704
2026-01-21 17:15:00,2026-01-21 17:19:00,long,125.29,126.05706277199971,0.006122298443608454,0.006103633318063704,0.006103633318063704,0.01552260517317066,126.05706277199971,124.52760483870968,4,take_profit,0.9711156898656899,0.006103633318063704
2026-01-21 17:20:00,2026-01-21 17:53:00,long,126.12,126.8921442797079,0.006122298443608454,0.006103633318063704,0.006103633318063704,0.008919820753772087,126.8921442797079,125.35255425219941,33,take_profit,0.9561050061050061,0.006103633318063704
2026-01-21 17:54:00,2026-01-21 18:48:00,long,126.87,127.64673600354061,0.006122298443608454,0.006103633318063704,0.006103633318063704,0.00628586967975253,127.64673600354061,126.09799046920821,54,take_profit,0.9199290293040293,0.006103633318063704
2026-01-21 19:28:00,2026-01-21 19:34:00,long,129.38,130.17210297263406,0.006122298443608454,0.006103633318063704,0.006103633318063704,0.016100938180179252,130.17210297263406,128.59271700879765,6,take_profit,0.937706043956044,0.006103633318063704
2026-01-21 19:35:00,2026-01-21 19:43:00,long,130.31,131.10779671018662,0.006122298443608454,0.006103633318063704,0.006103633318063704,0.008938521639204059,131.10779671018662,129.51705791788856,8,take_profit,0.9783806471306471,0.006103633318063704
2026-01-21 19:44:00,2026-01-21 20:20:00,long,131.01,130.21279838709677,-0.0060850439882698115,0.006103633318063704,-0.006103633318063735,0.0035810926304393753,131.81208231909713,130.21279838709677,36,stop_loss,0.9821619352869353,0.006103633318063704
2026-01-21 20:21:00,2026-01-21 20:46:00,long,130.02,130.81602124363798,0.006122298443608454,0.006103633318063704,0.006103633318063704,0.014279957061470578,130.81602124363798,129.22882258064516,25,take_profit,0.9613972832722832,0.006103633318063704
2026-01-21 20:47:00,2026-01-21 21:17:00,long,130.89,131.6913476432839,0.006122298443608454,0.006103633318063704,0.006103633318063704,0.00761096603416559,131.6913476432839,130.09352859237535,30,take_profit,0.9011790293040293,0.006103633318063704
2026-01-21 21:18:00,2026-01-21 21:29:00,long,131.65,130.84890395894428,-0.0060850439882699225,0.006103633318063704,-0.006103633318063847,0.0004556500686366562,132.45600059010107,130.84890395894428,11,stop_loss,0.9107028388278389,0.006103633318063704
2026-01-22 14:47:00,2026-01-22 15:24:00,long,128.21,127.42983651026394,-0.0060850439882698115,0.006103633318063704,-0.006103633318063735,0.0,128.99493988345506,127.42983651026394,37,stop_loss,0.9143047924297925,0.006103633318063704
2026-01-22 15:29:00,2026-01-22 15:43:00,long,126.95,127.7272257874161,0.006122298443608454,0.006103633318063704,0.006103633318063704,0.009876236413921848,127.7272257874161,126.17750366568914,14,take_profit,0.9281173687423687,0.006103633318063704
2026-01-22 15:44:00,2026-01-22 16:13:00,long,127.78,127.00245307917888,-0.0060850439882698115,0.006103633318063704,-0.006103633318063735,0.0033595093904122022,128.5623072951243,127.00245307917888,29,stop_loss,0.9184790903540904,0.006103633318063704
2026-01-22 16:14:00,2026-01-22 16:47:00,long,127.14,127.91838902412037,0.006122298443608454,0.006103633318063704,0.006103633318063704,0.00877061221245412,127.91838902412037,126.36634750733138,33,take_profit,0.9132326007326007,0.006103633318063704
2026-01-22 16:48:00,2026-01-22 17:48:00,long,128.04,128.4,0.00281162136832247,0.006103633318063704,0.0028076761541985617,0.0033526989418560978,128.8238990927196,127.26087096774192,60,timeout_1h,0.9117979242979243,0.006103633318063704
2026-01-23 14:38:00,2026-01-23 15:21:00,long,125.72,126.48969536033046,0.006122298443608454,0.006103633318063704,0.006103633318063704,0.009420961892706196,126.48969536033046,124.95498826979471,43,take_profit,0.9224664224664225,0.006103633318063704
2026-01-23 15:22:00,2026-01-23 15:48:00,long,126.61,127.38514420594527,0.006122298443608454,0.006103633318063704,0.006103633318063704,0.014817408803112641,127.38514420594527,125.83957258064515,26,take_profit,0.9041857448107448,0.006103633318063704
2026-01-23 15:49:00,2026-01-23 16:05:00,long,127.94,128.72328686287526,0.006122298443608454,0.006103633318063704,0.006103633318063704,0.007397923394696493,128.72328686287526,127.16147947214075,16,take_profit,0.9324710012210012,0.006103633318063704
2026-01-23 16:06:00,2026-01-23 16:32:00,long,128.19,127.40995821114369,-0.0060850439882698115,0.006103633318063704,-0.006103633318063735,0.005756083098703104,128.97481743748617,127.40995821114369,26,stop_loss,0.9442384004884005,0.006103633318063704
2026-01-23 16:38:00,2026-01-23 17:07:00,long,128.63,127.84728079178885,-0.0060850439882698115,0.006103633318063704,-0.006103633318063735,0.010671304483453176,129.41751124880136,127.84728079178885,29,stop_loss,0.9114049145299146,0.006103633318063704
2026-01-23 17:27:00,2026-01-23 17:56:00,long,129.43,128.64241275659825,-0.0060850439882698115,0.006103633318063704,-0.006103633318063735,0.004471176119730502,130.22240908755626,128.64241275659825,29,stop_loss,0.9104052197802198,0.006103633318063704
2026-01-23 18:07:00,2026-01-23 19:07:00,long,129.05,128.77,-0.002169701666020929,0.006103633318063704,-0.0021720588789304186,0.0029402682897239052,129.8400826141477,128.2647250733138,60,timeout_1h,0.9032394688644688,0.006103633318063704
2026-01-25 16:03:00,2026-01-25 16:06:00,long,123.65,122.89758431085045,-0.0060850439882698115,0.006103633318063704,-0.006103633318063735,0.0012123662830705016,124.40702220255218,122.89758431085045,3,stop_loss,0.970734126984127,0.006103633318063704
2026-01-25 16:07:00,2026-01-25 16:12:00,long,123.13,122.38074853372433,-0.0060850439882698115,0.006103633318063704,-0.006103633318063735,-0.0008124797327024809,123.88383860736151,122.38074853372433,5,stop_loss,0.978495115995116,0.006103633318063704
2026-01-25 16:13:00,2026-01-25 17:07:00,long,122.71,121.9633042521994,-0.0060850439882698115,0.006103633318063704,-0.006103633318063735,0.0022792032658626345,123.46126724201518,121.9633042521994,54,stop_loss,0.9768925518925519,0.006103633318063704
2026-01-25 17:09:00,2026-01-25 18:09:00,long,122.05,122.0,-0.0004096681687832948,0.006103633318063704,-0.0004097521057125268,0.0031903172382426646,122.7972265250424,121.30732038123166,60,timeout_1h,0.9098519536019536,0.006103633318063704
2026-01-25 19:27:00,2026-01-25 19:53:00,long,119.7,118.9716202346041,-0.0060850439882698115,0.006103633318063704,-0.006103633318063735,0.004002006341854466,120.43283912369994,118.9716202346041,26,stop_loss,0.9727449633699634,0.006103633318063704
2026-01-25 19:54:00,2026-01-25 20:10:00,long,117.73,118.45077819576603,0.006122298443608454,0.006103633318063704,0.006103633318063704,0.005336960441903523,118.45077819576603,117.013607771261,16,take_profit,0.9857982295482296,0.006103633318063704
2026-01-25 20:11:00,2026-01-25 21:03:00,long,118.02,118.74255366231466,0.006122298443608454,0.006103633318063704,0.006103633318063704,0.0064189409586914836,118.74255366231466,117.3018431085044,52,take_profit,0.9868437118437119,0.006103633318063704
2026-01-25 21:04:00,2026-01-25 21:35:00,long,118.39,117.66959164222874,-0.0060850439882698115,0.006103633318063704,-0.006103633318063735,0.0028677482541559695,119.11481891273881,117.66959164222874,31,stop_loss,0.9074671855921856,0.006103633318063704
2026-01-25 21:55:00,2026-01-25 22:21:00,long,118.62,117.89819208211144,-0.0060850439882698115,0.006103633318063704,-0.006103633318063735,0.0009269012671204097,119.34622704138084,117.89819208211144,26,stop_loss,0.9031288156288156,0.006103633318063704
2026-01-25 23:05:00,2026-01-26 00:05:00,long,118.67,119.12,0.003792028313811535,0.006103633318063704,0.0037848566987059608,0.004875598091402804,119.39653315630302,117.94788782991202,60,timeout_1h,0.9399381868131869,0.006103633318063704
2026-01-26 01:05:00,2026-01-26 01:10:00,long,120.45,121.18743084753264,0.006122298443608454,0.006103633318063704,0.006103633318063704,0.01858911892757602,121.18743084753264,119.7170564516129,5,take_profit,0.9150526556776557,0.006103633318063704
2026-01-26 01:11:00,2026-01-26 01:23:00,long,121.24,121.98226746330309,0.006122298443608454,0.006103633318063704,0.006103633318063704,0.012051795798853947,121.98226746330309,120.50224926686217,12,take_profit,0.965182387057387,0.006103633318063704
2026-01-26 01:24:00,2026-01-26 01:56:00,long,121.82,122.56581839640037,0.006122298443608454,0.006103633318063704,0.006103633318063704,0.007279302580117849,122.56581839640037,121.07871994134896,32,take_profit,0.9618856837606837,0.006103633318063704
2026-01-26 01:57:00,2026-01-26 02:08:00,long,122.38,121.63531231671554,-0.0060850439882698115,0.006103633318063704,-0.006103633318063735,0.0017144960725084485,123.1292468835288,121.63531231671554,11,stop_loss,0.9321504884004884,0.006103633318063704
2026-01-26 02:32:00,2026-01-26 03:21:00,long,122.5,121.75458211143695,-0.0060850439882698115,0.006103633318063704,-0.006103633318063735,0.0007344241221211517,123.24998155934203,121.75458211143695,49,stop_loss,0.9077533577533577,0.006103633318063704
2026-01-26 04:25:00,2026-01-26 04:41:00,long,123.46,122.70874046920821,-0.0060850439882698115,0.006103633318063704,-0.006103633318063735,-8.100117456125531e-05,124.2158589658479,122.70874046920821,16,stop_loss,0.9019726800976801,0.006103633318063704
2026-01-26 14:36:00,2026-01-26 14:53:00,long,123.9,123.14606304985338,-0.0060850439882698115,0.006103633318063704,-0.006103633318063735,0.008038628496435312,124.6585527771631,123.14606304985338,17,stop_loss,0.9280868437118437,0.006103633318063704
2026-01-26 14:58:00,2026-01-26 15:11:00,long,123.74,124.49757320941211,0.006122298443608454,0.006103633318063704,0.006103633318063704,0.00933082702868935,124.49757320941211,122.98703665689149,13,take_profit,0.924496336996337,0.006103633318063704
2026-01-26 15:12:00,2026-01-26 15:15:00,long,124.22,124.98051191266504,0.006122298443608454,0.006103633318063704,0.006103633318063704,0.005459230000375057,124.98051191266504,123.46411583577712,3,take_profit,0.9457989926739927,0.006103633318063704
2026-01-26 15:16:00,2026-01-26 15:20:00,long,124.9,124.1399780058651,-0.0060850439882698115,0.006103633318063704,-0.006103633318063735,-0.0005606054685723984,125.6646750756067,124.1399780058651,4,stop_loss,0.9590697496947497,0.006103633318063704
2026-01-26 15:21:00,2026-01-26 15:39:00,long,124.31,123.55356818181818,-0.0060850439882698115,0.006103633318063704,-0.006103633318063735,0.001768204929432993,125.07106291952496,123.55356818181818,18,stop_loss,0.9624961843711843,0.006103633318063704
2026-01-26 15:41:00,2026-01-26 16:03:00,long,123.06,123.81341004647045,0.006122298443608454,0.006103633318063704,0.006103633318063704,0.010830138992734944,123.81341004647045,122.31117448680352,22,take_profit,0.9505265567765567,0.006103633318063704
2026-01-26 16:04:00,2026-01-26 16:22:00,long,123.68,124.4372058715055,0.006122298443608454,0.006103633318063704,0.006103633318063704,0.00805287006002461,124.4372058715055,122.9274017595308,18,take_profit,0.9089133089133089,0.006103633318063704
2026-01-26 16:23:00,2026-01-26 17:17:00,long,124.4,123.64302052785924,-0.0060850439882698115,0.006103633318063704,-0.006103633318063735,0.00224827459405731,125.1616139263849,123.64302052785924,54,stop_loss,0.915357905982906,0.006103633318063704
2026-01-26 17:25:00,2026-01-26 17:52:00,long,123.48,124.23598141181678,0.006122298443608454,0.006103633318063704,0.006103633318063704,0.010953717768620133,124.23598141181678,122.72861876832845,27,take_profit,0.9153197496947497,0.006103633318063704
2026-01-26 18:32:00,2026-01-26 18:43:00,long,125.14,124.37851759530791,-0.0060850439882698115,0.006103633318063704,-0.006103633318063735,-7.991369325393938e-05,125.90614442723316,124.37851759530791,11,stop_loss,0.9139346764346764,0.006103633318063704
2026-01-27 16:07:00,2026-01-27 16:14:00,long,125.78,126.55006269823707,0.006122298443608454,0.006103633318063704,0.006103633318063704,0.006893027332326901,126.55006269823707,125.01462316715542,7,take_profit,0.9442307692307692,0.006103633318063704
2026-01-27 16:15:00,2026-01-27 16:29:00,long,126.33,125.56127639296187,-0.0060850439882698115,0.006103633318063704,-0.006103633318063735,0.002529845605738158,127.10342996238106,125.56127639296187,14,stop_loss,0.9606875763125763,0.006103633318063704
2026-01-27 16:31:00,2026-01-27 17:09:00,long,126.31,125.54139809384164,-0.0060850439882698115,0.006103633318063704,-0.006103633318063735,0.0026881736618003956,127.08330751641219,125.54139809384164,38,stop_loss,0.9009119352869353,0.006103633318063704
2026-01-27 17:12:00,2026-01-27 17:18:00,long,124.95,124.18967375366569,-0.0060850439882698115,0.006103633318063704,-0.006103633318063735,-0.0005603810737848736,125.71498119052887,124.18967375366569,6,stop_loss,0.923931623931624,0.006103633318063704
2026-01-27 17:19:00,2026-01-27 18:19:00,long,124.11,124.53,0.0033840947546530664,0.006103633318063704,0.0033783815916271906,0.0040205908133463236,124.86983845983625,123.35478519061583,60,timeout_1h,0.9552083333333333,0.006103633318063704
2026-01-27 18:59:00,2026-01-27 19:59:00,long,125.76,125.79,0.00023854961832059374,0.006103633318063704,0.00023852116988454572,0.0030170725546086797,126.5299402522682,124.9947448680352,60,timeout_1h,0.9033463064713064,0.006103633318063704
2026-01-28 15:16:00,2026-01-28 16:16:00,long,125.95,125.69,-0.0020643112346169223,0.006103633318063704,-0.0020664448618730943,0.002537468651969632,126.72110348897249,125.18358870967742,60,timeout_1h,0.9062843406593407,0.006103633318063704
2026-01-29 14:43:00,2026-01-29 14:58:00,long,121.08,120.34322287390029,-0.0060850439882698115,0.006103633318063704,-0.006103633318063735,0.0034627786270851556,121.8212878955521,120.34322287390029,15,stop_loss,0.9104586385836386,0.006103633318063704
2026-01-29 14:59:00,2026-01-29 15:03:00,long,120.3,119.56796920821114,-0.0060850439882698115,0.006103633318063704,-0.006103633318063735,-0.0005820479938153944,121.0365125027661,119.56796920821114,4,stop_loss,0.9457608363858364,0.006103633318063704
2026-01-29 15:04:00,2026-01-29 15:06:00,long,119.56,118.83247214076246,-0.0060850439882698115,0.006103633318063704,-0.006103633318063735,-0.002009377769189455,120.29198200191783,118.83247214076246,2,stop_loss,0.9692307692307692,0.006103633318063704
2026-01-29 15:07:00,2026-01-29 15:10:00,long,118.81,118.08703592375366,-0.0060850439882698115,0.006103633318063704,-0.006103633318063735,0.0002524721242108279,119.53739027808513,118.08703592375366,3,stop_loss,0.9739468864468864,0.006103633318063704
2026-01-29 15:11:00,2026-01-29 15:12:00,long,118.28,117.56026099706745,-0.0060850439882698115,0.006103633318063704,-0.006103633318063735,0.0023644665635002577,119.00414545991,117.56026099706745,1,stop_loss,0.9810973748473748,0.006103633318063704
2026-01-29 15:13:00,2026-01-29 15:24:00,long,117.81,118.53126797964151,0.006122298443608454,0.006103633318063704,0.006103633318063704,0.00634600428974889,118.53126797964151,117.09312096774194,11,take_profit,0.9952800671550671,0.006103633318063704
2026-01-29 15:25:00,2026-01-29 15:38:00,long,118.55,117.82861803519062,-0.0060850439882698115,0.006103633318063704,-0.006103633318063735,8.434903636232815e-05,119.27579848048978,117.82861803519062,13,stop_loss,0.9967338217338217,0.006103633318063704
2026-01-29 15:39:00,2026-01-29 15:40:00,long,117.52,116.80488563049853,-0.0060850439882698115,0.006103633318063704,-0.006103633318063735,0.005854171896663717,118.23949251309286,116.80488563049853,1,stop_loss,0.9438072344322345,0.006103633318063704
2026-01-29 15:41:00,2026-01-29 15:52:00,long,116.72,117.43459467433797,0.006122298443608454,0.006103633318063704,0.006103633318063704,0.012684799547755341,117.43459467433797,116.00975366568915,11,take_profit,0.9750648656898657,0.006103633318063704
2026-01-29 15:53:00,2026-01-29 16:15:00,long,117.23,117.94771704654423,0.006122298443608454,0.006103633318063704,0.006103633318063704,0.008832329179288495,117.94771704654423,116.51665029325514,22,take_profit,0.9835470085470085,0.006103633318063704
2026-01-29 16:16:00,2026-01-29 16:29:00,long,117.94,117.22232991202345,-0.0060850439882698115,0.006103633318063704,-0.006103633318063735,0.010626734058891302,118.66206387843918,117.22232991202345,13,stop_loss,0.9514880952380952,0.006103633318063704
2026-01-29 16:30:00,2026-01-29 16:40:00,long,117.38,118.09863539131075,0.006122298443608454,0.006103633318063704,0.006103633318063704,0.020490619521619357,118.09863539131075,116.66573753665689,10,take_profit,0.9588789682539682,0.006103633318063704
2026-01-29 16:41:00,2026-01-29 16:59:00,long,118.02,118.74255366231466,0.006122298443608454,0.006103633318063704,0.006103633318063704,0.015053053022785068,118.74255366231466,117.3018431085044,18,take_profit,0.95127442002442,0.006103633318063704
2026-01-29 17:00:00,2026-01-29 17:18:00,long,118.83,119.55751272405399,0.006122298443608454,0.006103633318063704,0.006103633318063704,0.008213254349872717,119.55751272405399,118.1069142228739,18,take_profit,0.9169566544566544,0.006103633318063704
2026-01-29 17:19:00,2026-01-29 17:27:00,long,119.73,119.00143768328446,-0.0060850439882698115,0.006103633318063704,-0.006103633318063735,0.0006679469230553702,120.46302279265325,119.00143768328446,8,stop_loss,0.9121909340659341,0.006103633318063704
2026-01-29 17:28:00,2026-01-29 17:39:00,long,119.15,118.42496700879765,-0.0060850439882698115,0.006103633318063704,-0.006103633318063735,-0.0012597104332217742,119.87947185955595,118.42496700879765,11,stop_loss,0.9402205433455434,0.006103633318063704
2026-01-29 17:40:00,2026-01-29 17:56:00,long,118.44,117.71928739002932,-0.0060850439882698115,0.006103633318063704,-0.006103633318063735,-0.0003377807834852027,119.16512502766098,117.71928739002932,16,stop_loss,0.9010836385836386,0.006103633318063704
2026-01-29 18:19:00,2026-01-29 18:30:00,long,117.27,116.5564068914956,-0.0060850439882698115,0.006103633318063704,-0.006103633318063735,-0.00025585263028145863,117.98796193848196,116.5564068914956,11,stop_loss,0.9142437423687424,0.006103633318063704
2026-01-29 18:32:00,2026-01-29 18:51:00,long,116.85,116.13896260997066,-0.0060850439882698115,0.006103633318063704,-0.006103633318063735,0.0005988792581781969,117.56539057313564,116.13896260997066,19,stop_loss,0.9134806166056166,0.006103633318063704
2026-01-29 18:53:00,2026-01-29 19:34:00,long,115.93,116.63975805856754,0.006122298443608454,0.006103633318063704,0.006103633318063704,0.00799007644398095,116.63975805856754,115.22456085043989,41,take_profit,0.9502289377289377,0.006103633318063704
2026-01-29 19:35:00,2026-01-29 19:55:00,long,116.39,117.10257431585158,0.006122298443608454,0.006103633318063704,0.006103633318063704,0.00744707058218414,117.10257431585158,115.68176173020528,20,take_profit,0.925206043956044,0.006103633318063704
2026-01-30 01:40:00,2026-01-30 01:41:00,long,116.38,115.67182258064516,-0.0060850439882698115,0.006103633318063704,-0.006103633318063735,-0.007330462733596591,117.09251309286715,115.67182258064516,1,stop_loss,0.9331196581196581,0.006103633318063704
2026-01-30 01:42:00,2026-01-30 01:43:00,long,112.4,113.0881463450616,0.006122298443608454,0.006103633318063704,0.006103633318063704,0.025039744417167078,113.0881463450616,111.71604105571848,1,take_profit,0.9647741147741148,0.006103633318063704
2026-01-30 01:44:00,2026-01-30 01:50:00,long,113.74,114.43635022497602,0.006122298443608454,0.006103633318063704,0.006103633318063704,0.013188539998104242,114.43635022497602,113.04788709677419,6,take_profit,0.99942384004884,0.006103633318063704
2026-01-30 01:51:00,2026-01-30 01:56:00,long,114.46,115.16075827985541,0.006122298443608454,0.006103633318063704,0.006103633318063704,0.00687826489580177,115.16075827985541,113.76350586510263,5,take_profit,0.999702380952381,0.006103633318063704
2026-01-30 01:57:00,2026-01-30 02:11:00,long,114.93,114.23064589442816,-0.0060850439882697005,0.006103633318063704,-0.006103633318063623,0.002780434496090493,115.63363576012392,114.23064589442816,14,stop_loss,0.9978060134310134,0.006103633318063704
2026-01-30 02:12:00,2026-01-30 02:19:00,long,114.28,113.58460117302053,-0.0060850439882698115,0.006103633318063704,-0.006103633318063735,0.0021852200470524434,114.97965626613558,113.58460117302053,7,stop_loss,0.9849778693528694,0.006103633318063704
2026-01-30 02:20:00,2026-01-30 02:27:00,long,113.41,112.71989516129032,-0.0060850439882697005,0.006103633318063704,-0.006103633318063623,0.008516667659931029,114.10432986648964,112.71989516129032,7,stop_loss,0.9787126068376069,0.006103633318063704
2026-01-30 02:28:00,2026-01-30 02:40:00,long,113.15,113.8427380688943,0.006122298443608454,0.006103633318063704,0.006103633318063704,0.01081186640762375,113.8427380688943,112.46147727272728,12,take_profit,0.9839934371184371,0.006103633318063704
2026-01-30 02:41:00,2026-01-30 02:50:00,long,114.24,113.54484457478006,-0.0060850439882698115,0.006103633318063704,-0.006103633318063735,0.0015743902491084376,114.93941137419783,113.54484457478006,9,stop_loss,0.984096459096459,0.006103633318063704
2026-01-30 02:51:00,2026-01-30 03:19:00,long,113.67,114.36592166408498,0.006122298443608454,0.006103633318063704,0.006103633318063704,0.006663768631004195,114.36592166408498,112.97831304985337,28,take_profit,0.9498092185592185,0.006103633318063704
2026-01-30 06:47:00,2026-01-30 06:50:00,long,113.24,113.93328907575422,0.006122298443608454,0.006103633318063704,0.006103633318063704,0.022527801553944814,113.93328907575422,112.55092961876832,3,take_profit,0.9242559523809524,0.006103633318063704
2026-01-30 06:51:00,2026-01-30 07:08:00,long,113.78,114.47659511691377,0.006122298443608454,0.006103633318063704,0.006103633318063704,0.018547268578152375,114.47659511691377,113.08764369501466,17,take_profit,0.9218673687423687,0.006103633318063704
2026-01-30 07:10:00,2026-01-30 07:11:00,long,114.74,115.44247252341962,0.006122298443608454,0.006103633318063704,0.006103633318063704,0.011007695113590416,115.44247252341962,114.04180205278591,1,take_profit,0.9083409645909646,0.006103633318063704
2026-01-30 07:12:00,2026-01-30 08:12:00,long,115.43,115.82,0.0033786710560512745,0.006103633318063704,0.0033729761708228894,0.005012108660494545,116.13669690934573,114.72760337243402,60,timeout_1h,0.9734470390720391,0.006103633318063704
2026-01-30 09:41:00,2026-01-30 09:51:00,long,115.87,115.16492595307918,-0.0060850439882698115,0.006103633318063704,-0.006103633318063735,0.0006039429026158391,116.57939072066091,115.16492595307918,10,stop_loss,0.9051205738705739,0.006103633318063704
2026-01-30 11:55:00,2026-01-30 12:25:00,long,116.9,116.18865835777126,-0.0060850439882698115,0.006103633318063704,-0.006103633318063735,0.0011114437086521506,117.61569668805784,116.18865835777126,30,stop_loss,0.930242673992674,0.006103633318063704
2026-01-30 14:34:00,2026-01-30 14:43:00,long,116.39,117.10257431585158,0.006122298443608454,0.006103633318063704,0.006103633318063704,0.009491712630328768,117.10257431585158,115.68176173020528,9,take_profit,0.915060286935287,0.006103633318063704
2026-01-30 14:44:00,2026-01-30 14:50:00,long,117.33,116.61604178885631,-0.0060850439882698115,0.006103633318063704,-0.006103633318063735,-0.0003409769021186982,118.04832927638857,116.61604178885631,6,stop_loss,0.9336729242979243,0.006103633318063704
2026-01-30 14:51:00,2026-01-30 14:54:00,long,116.79,116.07932771260998,-0.0060850439882698115,0.006103633318063704,-0.006103633318063735,0.001796484507281921,117.50502323522903,116.07932771260998,3,stop_loss,0.9394154456654457,0.006103633318063704
2026-01-30 14:55:00,2026-01-30 15:06:00,long,116.33,117.04220697794497,0.006122298443608454,0.006103633318063704,0.006103633318063704,0.005742954969081044,117.04220697794497,115.62212683284457,11,take_profit,0.9497977716727717,0.006103633318063704
2026-01-30 15:07:00,2026-01-30 15:14:00,long,116.92,116.2085366568915,-0.0060850439882698115,0.006103633318063704,-0.006103633318063735,0.001196683620029589,117.6358191340267,116.2085366568915,7,stop_loss,0.9537393162393163,0.006103633318063704
2026-01-30 15:15:00,2026-01-30 15:21:00,long,116.38,115.67182258064516,-0.0060850439882698115,0.006103633318063704,-0.006103633318063735,0.007106498506565039,117.09251309286715,115.67182258064516,6,stop_loss,0.9580547924297924,0.006103633318063704
2026-01-30 15:22:00,2026-01-30 15:26:00,long,115.86,115.15498680351907,-0.0060850439882697005,0.006103633318063704,-0.006103633318063623,0.011584632066610742,116.56932949767648,115.15498680351907,4,stop_loss,0.9525564713064713,0.006103633318063704
2026-01-30 15:27:00,2026-01-30 15:31:00,long,115.27,114.56857697947214,-0.0060850439882698115,0.006103633318063704,-0.006103633318063735,0.016860614470815792,115.97571734159474,114.56857697947214,4,stop_loss,0.9673687423687424,0.006103633318063704
2026-01-30 15:32:00,2026-01-30 15:34:00,long,114.84,115.543084753264,0.006122298443608454,0.006103633318063704,0.006103633318063704,0.022472855852058576,115.543084753264,114.1411935483871,2,take_profit,0.9800595238095238,0.006103633318063704
2026-01-30 15:35:00,2026-01-30 16:07:00,long,116.33,117.04220697794497,0.006122298443608454,0.006103633318063704,0.006103633318063704,0.009581731276246872,117.04220697794497,115.62212683284457,32,take_profit,0.9832379426129426,0.006103633318063704
2026-01-30 16:08:00,2026-01-30 16:23:00,long,117.19,116.47689369501465,-0.0060850439882698115,0.006103633318063704,-0.006103633318063735,0.006040258272814405,117.90747215460647,116.47689369501465,15,stop_loss,0.9461538461538461,0.006103633318063704
2026-01-30 16:24:00,2026-01-30 16:27:00,long,116.32,117.03214575496052,0.006122298443608454,0.006103633318063704,0.006103633318063704,0.013491793758116162,117.03214575496052,115.61218768328445,3,take_profit,0.9376449938949939,0.006103633318063704
2026-01-30 16:28:00,2026-01-30 17:01:00,long,117.45,116.73531158357771,-0.0060850439882698115,0.006103633318063704,-0.006103633318063735,0.0038240964384034758,118.16906395220181,116.73531158357771,33,stop_loss,0.9612789987789988,0.006103633318063704
2026-01-30 17:02:00,2026-01-30 17:22:00,long,116.92,117.6358191340267,0.006122298443608454,0.006103633318063704,0.006103633318063704,0.005629012731063666,117.6358191340267,116.2085366568915,20,take_profit,0.9032127594627595,0.006103633318063704
2026-01-30 17:23:00,2026-01-30 17:35:00,long,117.44,116.72537243401759,-0.0060850439882698115,0.006103633318063704,-0.006103633318063735,0.001191388107903356,118.15900272921738,116.72537243401759,12,stop_loss,0.9362217643467643,0.006103633318063704
2026-01-30 18:10:00,2026-01-30 18:18:00,long,115.78,115.07547360703812,-0.0060850439882698115,0.006103633318063704,-0.006103633318063735,0.026506857219594813,116.48883971380099,115.07547360703812,8,stop_loss,0.908604242979243,0.006103633318063704
2026-01-30 18:19:00,2026-01-30 18:23:00,long,115.04,114.33997653958944,-0.0060850439882698115,0.006103633318063704,-0.006103633318063735,0.03291880189771682,115.74430921295273,114.33997653958944,4,stop_loss,0.9403502747252748,0.006103633318063704
2026-01-30 18:24:00,2026-01-30 18:26:00,long,114.47,115.17081950283986,0.006122298443608454,0.006103633318063704,0.006103633318063704,0.03923079300248689,115.17081950283986,113.77344501466276,2,take_profit,0.9570398351648352,0.006103633318063704
2026-01-30 18:27:00,2026-01-30 18:43:00,long,115.48,116.18700302426791,0.006122298443608454,0.006103633318063704,0.006103633318063704,0.030446218138137464,116.18700302426791,114.7772991202346,16,take_profit,0.9526862026862026,0.006103633318063704
2026-01-30 18:44:00,2026-01-30 18:54:00,long,117.14,117.8571660396843,0.006122298443608454,0.006103633318063704,0.006103633318063704,0.01617377227123547,117.8571660396843,116.42719794721407,10,take_profit,0.9697115384615385,0.006103633318063704
2026-01-30 18:55:00,2026-01-30 18:59:00,long,117.8,118.52120675665708,0.006122298443608454,0.006103633318063704,0.006103633318063704,0.010555301715385528,118.52120675665708,117.08318181818181,4,take_profit,0.9950625763125763,0.006103633318063704
2026-01-30 19:00:00,2026-01-30 19:06:00,long,118.11,118.83310466917459,0.006122298443608454,0.006103633318063704,0.006103633318063704,0.007927179309115982,118.83310466917459,117.39129545454546,6,take_profit,0.9831997863247863,0.006103633318063704
2026-01-30 19:07:00,2026-01-30 20:06:00,long,118.47,117.74910483870967,-0.0060850439882698115,0.006103633318063704,-0.006103633318063735,0.004883808966203947,119.19530869661429,117.74910483870967,59,stop_loss,0.9943032661782661,0.006103633318063704
2026-01-30 20:07:00,2026-01-30 20:22:00,long,117.76,117.04342521994135,-0.0060850439882698115,0.006103633318063704,-0.006103633318063735,0.002798390632624082,118.48096186471933,117.04342521994135,15,stop_loss,0.9322420634920635,0.006103633318063704
2026-01-30 20:23:00,2026-01-30 20:36:00,long,117.82,117.10306011730205,-0.0060850439882698115,0.006103633318063704,-0.006103633318063735,8.487163170800598e-05,118.54132920262595,117.10306011730205,13,stop_loss,0.9605692918192918,0.006103633318063704
2026-01-30 20:37:00,2026-01-30 21:13:00,long,116.71,117.42453345135354,0.006122298443608454,0.006103633318063704,0.006103633318063704,0.009550682300987073,117.42453345135354,115.99981451612902,36,take_profit,0.9523923992673993,0.006103633318063704
2026-01-30 21:17:00,2026-01-30 21:38:00,long,117.65,116.93409457478006,-0.0060850439882698115,0.006103633318063704,-0.006103633318063735,0.001443920920169782,118.37028841189054,116.93409457478006,21,stop_loss,0.9258661477411477,0.006103633318063704
2026-01-30 22:17:00,2026-01-30 22:48:00,long,116.59,117.30379877554032,0.006122298443608454,0.006103633318063704,0.006103633318063704,0.006326970490332491,117.30379877554032,115.88054472140763,31,take_profit,0.9040941697191697,0.006103633318063704
2026-01-31 08:18:00,2026-01-31 08:33:00,long,115.88,115.17486510263929,-0.0060850439882698115,0.006103633318063704,-0.006103633318063735,0.0007763640674621849,116.58945194364534,115.17486510263929,15,stop_loss,0.9721497252747253,0.006103633318063704
2026-01-31 08:34:00,2026-01-31 08:40:00,long,115.16,114.45924633431085,-0.0060850439882698115,0.006103633318063704,-0.006103633318063735,0.011912095970953017,115.86504388876594,114.45924633431085,6,stop_loss,0.9630837912087912,0.006103633318063704
2026-01-31 08:41:00,2026-01-31 08:53:00,long,114.75,115.45253374640407,0.006122298443608454,0.006103633318063704,0.006103633318063704,0.015907658004545525,115.45253374640407,114.05174120234604,12,take_profit,0.9690132783882784,0.006103633318063704
2026-01-31 08:54:00,2026-01-31 09:32:00,long,115.35,116.05620712547022,0.006122298443608454,0.006103633318063704,0.006103633318063704,0.010692522325437498,116.05620712547022,114.64809017595307,38,take_profit,0.9518696581196581,0.006103633318063704
2026-01-31 09:33:00,2026-01-31 10:33:00,long,116.41,116.64,0.001975775277038183,0.006103633318063704,0.0019738260001985327,0.0028307975154953967,117.12269676182045,115.7016400293255,60,timeout_1h,0.9074977106227107,0.006103633318063704
2026-01-31 14:11:00,2026-01-31 14:17:00,long,113.42,112.72983431085044,-0.0060850439882698115,0.006103633318063704,-0.006103633318063735,0.0003526093125391661,114.11439108947407,112.72983431085044,6,stop_loss,0.9399916056166057,0.006103633318063704
2026-01-31 14:18:00,2026-01-31 14:22:00,long,112.53,111.84525,-0.0060850439882699225,0.006103633318063704,-0.006103633318063847,-0.001956947786960924,113.21894224385926,111.84525,4,stop_loss,0.9274648962148963,0.006103633318063704
2026-01-31 14:23:00,2026-01-31 14:26:00,long,111.28,110.60285630498534,-0.0060850439882698115,0.006103633318063704,-0.006103633318063735,-0.0007191657987054853,111.96128937080475,110.60285630498534,3,stop_loss,0.9714323870573871,0.006103633318063704
2026-01-31 14:27:00,2026-01-31 14:31:00,long,110.3,109.62881964809384,-0.0060850439882698115,0.006103633318063704,-0.006103633318063735,-0.00018134010386073855,110.97528951833002,109.62881964809384,4,stop_loss,0.9957074175824175,0.006103633318063704
2026-01-31 14:32:00,2026-01-31 14:36:00,long,110.01,109.34058431085045,-0.0060850439882698115,0.006103633318063704,-0.006103633318063735,0.000636103433689155,110.68351405178137,109.34058431085045,4,stop_loss,0.9953830891330891,0.006103633318063704
2026-01-31 14:37:00,2026-01-31 14:38:00,long,109.24,108.57526979472141,-0.0060850439882697005,0.006103633318063704,-0.006103633318063623,0.005841564621568854,109.90879988197979,108.57526979472141,1,stop_loss,0.9990041208791208,0.006103633318063704
2026-01-31 14:39:00,2026-01-31 14:42:00,long,109.3,108.6349046920821,-0.0060850439882698115,0.006103633318063704,-0.006103633318063735,0.005292466044580117,109.9691672198864,108.6349046920821,3,stop_loss,0.9979395604395604,0.006103633318063704
2026-01-31 14:43:00,2026-01-31 14:46:00,long,108.62,109.28500405694476,0.006122298443608454,0.006103633318063704,0.006103633318063704,0.011533308620373765,109.28500405694476,107.95904252199414,3,take_profit,0.9962454212454213,0.006103633318063704
2026-01-31 14:47:00,2026-01-31 14:54:00,long,108.85,109.51641218558677,0.006122298443608454,0.006103633318063704,0.006103633318063704,0.009418073546516775,109.51641218558677,108.18764296187682,7,take_profit,0.9961004273504274,0.006103633318063704
2026-01-31 14:55:00,2026-01-31 15:02:00,long,109.39,108.72435703812316,-0.0060850439882699225,0.006103633318063704,-0.006103633318063847,0.004469383095373541,110.05971822674633,108.72435703812316,7,stop_loss,0.9924374236874237,0.006103633318063704
2026-01-31 15:03:00,2026-01-31 15:05:00,long,108.87,109.53653463155565,0.006122298443608454,0.006103633318063704,0.006103633318063704,0.00923435133398437,109.53653463155565,108.20752126099707,2,take_profit,0.9808302808302808,0.006103633318063704
2026-01-31 15:06:00,2026-01-31 15:08:00,long,109.88,109.2113753665689,-0.0060850439882699225,0.006103633318063704,-0.006103633318063847,-9.101251428344108e-05,110.55271815298369,109.2113753665689,2,stop_loss,0.9699328449328449,0.006103633318063704
2026-01-31 15:09:00,2026-01-31 15:52:00,long,109.44,108.77405278592374,-0.0060850439882699225,0.006103633318063704,-0.006103633318063847,0.0017346058122083715,110.1100243416685,108.77405278592374,43,stop_loss,0.9886485042735043,0.006103633318063704
2026-01-31 15:53:00,2026-01-31 16:02:00,long,108.88,108.21746041055718,-0.0060850439882698115,0.006103633318063704,-0.006103633318063735,0.004124473103182862,109.54659585454009,108.21746041055718,9,stop_loss,0.9342834249084249,0.006103633318063704
2026-01-31 16:03:00,2026-01-31 16:07:00,long,108.63,107.96898167155425,-0.0060850439882698115,0.006103633318063704,-0.006103633318063735,0.006423219000733921,109.29506527992918,107.96898167155425,4,stop_loss,0.9486454517704518,0.006103633318063704
2026-01-31 16:08:00,2026-01-31 16:12:00,long,107.75,108.40967765729881,0.006122298443608454,0.006103633318063704,0.006103633318063704,0.014557102462536256,108.40967765729881,107.09433651026393,4,take_profit,0.950103021978022,0.006103633318063704
2026-01-31 16:13:00,2026-01-31 16:16:00,long,108.32,107.6608680351906,-0.0060850439882698115,0.006103633318063704,-0.006103633318063735,0.009281022282428615,108.98316736741167,107.6608680351906,3,stop_loss,0.9779647435897436,0.006103633318063704
2026-01-31 16:17:00,2026-01-31 16:18:00,long,108.39,109.05359592830273,0.006122298443608454,0.006103633318063704,0.006103633318063704,0.008634997618734777,109.05359592830273,107.73044208211144,1,take_profit,0.986153083028083,0.006103633318063704
2026-01-31 16:19:00,2026-01-31 16:21:00,long,109.01,109.67739175333776,0.006122298443608454,0.006103633318063704,0.006103633318063704,0.002931210306126242,109.67739175333776,108.34666935483871,2,take_profit,0.9824175824175824,0.006103633318063704
2026-01-31 16:22:00,2026-01-31 16:27:00,long,109.21,108.54545234604105,-0.0060850439882698115,0.006103633318063704,-0.006103633318063735,0.0010981972367564896,109.87861621302648,108.54545234604105,5,stop_loss,0.9900030525030525,0.006103633318063704
2026-01-31 16:28:00,2026-01-31 16:35:00,long,108.41,107.75032038123166,-0.0060850439882699225,0.006103633318063704,-0.006103633318063847,0.0006454885188851683,109.07371837427159,107.75032038123166,7,stop_loss,0.9905486874236874,0.006103633318063704
2026-01-31 16:36:00,2026-01-31 16:47:00,long,107.77,107.11421480938417,-0.0060850439882697005,0.006103633318063704,-0.006103633318063623,0.001761461541063628,108.42980010326768,107.11421480938417,11,stop_loss,0.9782547313797314,0.006103633318063704
2026-01-31 16:48:00,2026-01-31 16:57:00,long,106.41,105.7624904692082,-0.0060850439882698115,0.006103633318063704,-0.006103633318063735,0.001783954278103915,107.06147377738438,105.7624904692082,9,stop_loss,0.9953449328449329,0.006103633318063704
2026-01-31 16:58:00,2026-01-31 17:08:00,long,106.11,105.46431598240468,-0.0060850439882698115,0.006103633318063704,-0.006103633318063735,0.004607219846245099,106.75963708785129,105.46431598240468,10,stop_loss,0.9888736263736264,0.006103633318063704
2026-01-31 17:09:00,2026-01-31 17:10:00,long,105.13,104.49027932551319,-0.0060850439882698115,0.006103633318063704,-0.006103633318063735,-0.007734581409396687,105.77363723537655,104.49027932551319,1,stop_loss,0.9897474053724054,0.006103633318063704
2026-01-31 17:11:00,2026-01-31 17:12:00,long,101.08,100.46492375366569,-0.0060850439882698115,0.006103633318063704,-0.006103633318063735,0.03155081565834923,101.69884192667995,100.46492375366569,1,stop_loss,0.9957913614163614,0.006103633318063704
2026-01-31 17:13:00,2026-01-31 17:14:00,long,103.69,103.0590417888563,-0.0060850439882698115,0.006103633318063704,-0.006103633318063735,0.006057419608155985,104.32482112561776,103.0590417888563,1,stop_loss,0.9998435592185592,0.006103633318063704
2026-01-31 17:15:00,2026-01-31 17:18:00,long,103.67,104.3046986796489,0.006122298443608454,0.006103633318063704,0.006103633318063704,0.006250320843322008,104.3046986796489,103.03916348973607,3,take_profit,0.9999046092796092,0.006103633318063704
2026-01-31 17:19:00,2026-01-31 17:20:00,long,103.9,103.26776392961877,-0.0060850439882699225,0.006103633318063704,-0.006103633318063847,0.004034200073161077,104.53610680829092,103.26776392961877,1,stop_loss,0.999793956043956,0.006103633318063704
2026-01-31 17:21:00,2026-01-31 17:24:00,long,103.56,104.19402522682009,0.006122298443608454,0.006103633318063704,0.006103633318063704,0.0073119432950058995,104.19402522682009,102.92983284457478,3,take_profit,0.9993398962148962,0.006103633318063704
2026-01-31 17:25:00,2026-01-31 17:33:00,long,103.85,103.21806818181817,-0.0060850439882699225,0.006103633318063704,-0.006103633318063847,0.004515547856221596,104.48580069336873,103.21806818181817,8,stop_loss,0.9994047619047619,0.006103633318063704
2026-01-31 17:34:00,2026-01-31 17:36:00,long,102.97,103.60041307073836,0.006122298443608454,0.006103633318063704,0.006103633318063704,0.013025414509683258,103.60041307073836,102.34342302052785,2,take_profit,0.9985233516483516,0.006103633318063704
2026-01-31 17:37:00,2026-01-31 17:40:00,long,103.89,103.25782478005866,-0.0060850439882698115,0.006103633318063704,-0.006103633318063735,-0.0011557354652532356,104.52604558530648,103.25782478005866,3,stop_loss,0.9989659645909645,0.006103633318063704
2026-01-31 17:41:00,2026-01-31 17:45:00,long,103.05,103.68090285461385,0.006122298443608454,0.006103633318063704,0.006103633318063704,0.006962604280718887,103.68090285461385,102.4229362170088,4,take_profit,0.9998321123321123,0.006103633318063704
2026-01-31 17:46:00,2026-01-31 17:48:00,long,103.02,102.39311876832843,-0.0060850439882698115,0.006103633318063704,-0.006103633318063735,0.007253767479747818,103.65071918566053,102.39311876832843,2,stop_loss,0.9935554029304029,0.006103633318063704
2026-01-31 17:49:00,2026-01-31 17:51:00,long,102.43,103.05710702957882,0.006122298443608454,0.006103633318063704,0.006103633318063704,0.01299727316874363,103.05710702957882,101.80670894428152,2,take_profit,0.9935821123321124,0.006103633318063704
2026-01-31 17:52:00,2026-01-31 18:00:00,long,103.04,103.67084163162941,0.006122298443608454,0.006103633318063704,0.006103633318063704,0.007059649261143472,103.67084163162941,102.41299706744869,8,take_profit,0.9952380952380953,0.006103633318063704
2026-01-31 18:01:00,2026-01-31 18:16:00,long,103.48,102.85031964809384,-0.0060850439882698115,0.006103633318063704,-0.006103633318063735,0.0013520040688138962,104.11353544294461,102.85031964809384,15,stop_loss,0.9930631868131868,0.006103633318063704
2026-01-31 18:17:00,2026-01-31 18:28:00,long,102.78,103.40924983403407,0.006122298443608454,0.006103633318063704,0.006103633318063704,0.007174049188506846,103.40924983403407,102.15457917888563,11,take_profit,0.9815094627594627,0.006103633318063704
2026-01-31 18:29:00,2026-01-31 18:35:00,long,103.41,102.78074560117301,-0.0060850439882699225,0.006103633318063704,-0.006103633318063847,0.0010631615557066983,104.04310688205355,102.78074560117301,6,stop_loss,0.9773695054945055,0.006103633318063704
2026-01-31 18:36:00,2026-01-31 18:38:00,long,102.66,102.03530938416422,-0.0060850439882698115,0.006103633318063704,-0.006103633318063735,0.003597650824819612,103.28851515822085,102.03530938416422,2,stop_loss,0.9756715506715506,0.006103633318063704
2026-01-31 18:39:00,2026-01-31 18:40:00,long,102.06,101.43896041055719,-0.0060850439882698115,0.006103633318063704,-0.006103633318063735,0.009459332321151195,102.68484177915468,101.43896041055719,1,stop_loss,0.9743551587301588,0.006103633318063704
2026-01-31 18:41:00,2026-01-31 18:43:00,long,101.87,101.25011656891496,-0.0060850439882698115,0.006103633318063704,-0.006103633318063735,0.011322717355001547,102.4936785424504,101.25011656891496,2,stop_loss,0.9837644993894994,0.006103633318063704
2026-01-31 18:44:00,2026-01-31 18:45:00,long,100.2,99.59027859237537,-0.0060850439882698115,0.006103633318063704,-0.006103633318063735,0.027852019306212266,100.81345430404957,99.59027859237537,1,stop_loss,0.9981341575091575,0.006103633318063704
2026-01-31 18:46:00,2026-01-31 18:52:00,long,101.66,102.28239285977723,0.006122298443608454,0.006103633318063704,0.006103633318063704,0.013386295938220188,102.28239285977723,101.04139442815249,6,take_profit,0.9997977716727716,0.006103633318063704
2026-01-31 18:53:00,2026-01-31 18:54:00,long,102.24,101.61786510263929,-0.0060850439882698115,0.006103633318063704,-0.006103633318063735,0.0076972173277520895,102.86594379287452,101.61786510263929,1,stop_loss,0.9985462454212454,0.006103633318063704
2026-01-31 18:55:00,2026-01-31 18:59:00,long,101.21,101.8296378254776,0.006122298443608454,0.006103633318063704,0.006103633318063704,0.017822641756167018,101.8296378254776,100.5941326979472,4,take_profit,0.9996947496947497,0.006103633318063704
2026-01-31 19:00:00,2026-01-31 19:01:00,long,102.4,101.77689149560118,-0.0060850439882698115,0.006103633318063704,-0.006103633318063735,0.006133495351569211,103.02692336062552,101.77689149560118,1,stop_loss,0.9991949023199023,0.006103633318063704
2026-01-31 19:02:00,2026-01-31 19:06:00,long,102.08,102.70496422512355,0.006122298443608454,0.006103633318063704,0.006103633318063704,0.009263388360496913,102.70496422512355,101.45883870967742,4,take_profit,0.9992406898656898,0.006103633318063704
2026-01-31 19:07:00,2026-01-31 19:16:00,long,102.73,103.3589437191119,0.006122298443608454,0.006103633318063704,0.006103633318063704,0.0029160207288043655,103.3589437191119,102.10488343108504,9,take_profit,0.9991033272283272,0.006103633318063704
2026-01-31 19:17:00,2026-01-31 19:32:00,long,102.72,102.09494428152492,-0.0060850439882699225,0.006103633318063704,-0.006103633318063847,0.0030133680153257365,103.34888249612746,102.09494428152492,15,stop_loss,0.9895413614163614,0.006103633318063704
2026-01-31 19:33:00,2026-01-31 20:03:00,long,101.89,101.26999486803518,-0.0060850439882699225,0.006103633318063704,-0.006103633318063847,0.003918116482722047,102.51380098841926,101.26999486803518,30,stop_loss,0.9860691391941392,0.006103633318063704
2026-01-31 20:04:00,2026-01-31 20:15:00,long,101.36,100.74321994134897,-0.0060850439882698115,0.006103633318063704,-0.006103633318063735,0.00942662125770355,101.98055617024416,100.74321994134897,11,stop_loss,0.9587797619047619,0.006103633318063704
2026-01-31 20:16:00,2026-01-31 20:22:00,long,100.95,101.56804602788227,0.006122298443608454,0.006103633318063704,0.006103633318063704,0.013479812511740701,101.56804602788227,100.33571480938417,6,take_profit,0.9772168803418804,0.006103633318063704
2026-01-31 20:23:00,2026-01-31 20:28:00,long,101.55,100.9320637829912,-0.0060850439882698115,0.006103633318063704,-0.006103633318063735,0.00755386924419363,102.17171940694844,100.9320637829912,5,stop_loss,0.9716193528693529,0.006103633318063704
2026-01-31 20:29:00,2026-01-31 20:43:00,long,100.76,101.37688279117799,0.006122298443608454,0.006103633318063704,0.006103633318063704,0.019265388457241437,101.37688279117799,100.14687096774193,14,take_profit,0.9919108669108669,0.006103633318063704
2026-01-31 20:44:00,2026-01-31 21:00:00,long,101.63,102.25220919082392,0.006122298443608454,0.006103633318063704,0.006103633318063704,0.01591131230182803,102.25220919082392,101.01157697947214,16,take_profit,0.9777281746031746,0.006103633318063704
2026-01-31 21:01:00,2026-01-31 21:03:00,long,102.32,101.69737829912023,-0.0060850439882698115,0.006103633318063704,-0.006103633318063735,0.011949430571005903,102.94643357675001,101.69737829912023,2,stop_loss,0.968246336996337,0.006103633318063704
2026-01-31 21:04:00,2026-01-31 21:09:00,long,101.39,102.01073983919746,0.006122298443608454,0.006103633318063704,0.006103633318063704,0.021948888729420888,102.01073983919746,100.77303739002933,5,take_profit,0.9913576007326007,0.006103633318063704
2026-01-31 21:10:00,2026-01-31 21:22:00,long,101.92,101.29981231671555,-0.0060850439882698115,0.006103633318063704,-0.006103633318063735,0.01673516387005598,102.54398465737258,101.29981231671555,12,stop_loss,0.9853746947496947,0.006103633318063704
2026-01-31 21:23:00,2026-01-31 21:27:00,long,101.62,102.2421479678395,0.006122298443608454,0.006103633318063704,0.006103633318063704,0.02045459450487775,102.2421479678395,101.00163782991203,4,take_profit,0.968452380952381,0.006103633318063704
2026-01-31 21:28:00,2026-01-31 21:38:00,long,102.72,103.34888249612746,0.006122298443608454,0.006103633318063704,0.006103633318063704,0.009977319169156722,103.34888249612746,102.09494428152492,10,take_profit,0.9728708791208791,0.006103633318063704
2026-01-31 21:39:00,2026-01-31 22:22:00,long,103.1,103.73120896953603,0.006122298443608454,0.006103633318063704,0.006103633318063704,0.008691508118458391,103.73120896953603,102.47263196480938,43,take_profit,0.9694406288156289,0.006103633318063704
2026-01-31 22:23:00,2026-01-31 22:30:00,long,103.4,104.03304565906912,0.006122298443608454,0.006103633318063704,0.006103633318063704,0.026436620951152918,104.03304565906912,102.77080645161291,7,take_profit,0.9225961538461539,0.006103633318063704
2026-01-31 22:31:00,2026-01-31 23:08:00,long,103.74,104.37512724053994,0.006122298443608454,0.006103633318063704,0.006103633318063704,0.02409525646134959,104.37512724053994,103.10873753665689,37,take_profit,0.9020871489621489,0.006103633318063704
2026-01-31 23:13:00,2026-01-31 23:19:00,long,104.25,104.88824961274618,0.006122298443608454,0.006103633318063704,0.006103633318063704,0.019191164705692987,104.88824961274618,103.61563416422287,6,take_profit,0.9193490537240537,0.006103633318063704
2026-01-31 23:20:00,2026-01-31 23:22:00,long,104.82,105.46173932285903,0.006122298443608454,0.006103633318063704,0.006103633318063704,0.013738432010583716,105.46173932285903,104.18216568914956,2,take_profit,0.9019879426129426,0.006103633318063704
2026-01-31 23:23:00,2026-01-31 23:28:00,long,106.17,105.5239508797654,-0.0060850439882698115,0.006103633318063704,-0.006103633318063735,0.0009414423591219624,106.82000442575792,105.5239508797654,5,stop_loss,0.9540560134310134,0.006103633318063704
2026-01-31 23:29:00,2026-01-31 23:46:00,long,105.54,104.89778445747801,-0.0060850439882698115,0.006103633318063704,-0.006103633318063735,0.005386263907977164,106.18614737773844,104.89778445747801,17,stop_loss,0.9899343711843712,0.006103633318063704
2026-01-31 23:47:00,2026-01-31 23:53:00,long,104.9,105.54222910673454,0.006122298443608454,0.006103633318063704,0.006103633318063704,0.011468776483247348,105.54222910673454,104.2616788856305,6,take_profit,0.9659874847374847,0.006103633318063704
2026-01-31 23:54:00,2026-02-01 00:16:00,long,105.42,106.06541270192521,0.006122298443608454,0.006103633318063704,0.006103633318063704,0.006523920458438049,106.06541270192521,104.77851466275659,22,take_profit,0.9485080891330891,0.006103633318063704
2026-02-01 00:17:00,2026-02-01 00:37:00,long,105.97,105.32516788856304,-0.0060850439882698115,0.006103633318063704,-0.006103633318063735,0.0013202566987543418,106.61877996606918,105.32516788856304,20,stop_loss,0.9425976800976801,0.006103633318063704
2026-02-01 00:41:00,2026-02-01 01:11:00,long,105.37,104.72881891495601,-0.0060850439882699225,0.006103633318063704,-0.006103633318063847,0.0028430648415030575,106.01510658700303,104.72881891495601,30,stop_loss,0.9010035103785103,0.006103633318063704
2026-02-01 07:20:00,2026-02-01 07:36:00,long,104.1,104.73733126797964,0.006122298443608454,0.006103633318063704,0.006103633318063704,0.01676549080891844,104.73733126797964,103.4665469208211,16,take_profit,0.9065361721611722,0.006103633318063704
2026-02-01 07:41:00,2026-02-01 07:55:00,long,105.85,105.20589809384164,-0.0060850439882698115,0.006103633318063704,-0.006103633318063735,0.0008498985355064351,106.49804529025594,105.20589809384164,14,stop_loss,0.9400526556776557,0.006103633318063704
2026-02-01 07:58:00,2026-02-01 08:38:00,long,105.17,105.8138821273143,0.006122298443608454,0.006103633318063704,0.006103633318063704,0.0074835758719319165,105.8138821273143,104.53003592375367,40,take_profit,0.9192612942612942,0.006103633318063704
2026-02-01 10:57:00,2026-02-01 11:34:00,long,103.67,104.3046986796489,0.006122298443608454,0.006103633318063704,0.006103633318063704,0.015410690241986333,104.3046986796489,103.03916348973607,37,take_profit,0.908276098901099,0.006103633318063704
2026-02-01 11:36:00,2026-02-01 12:23:00,long,104.99,104.35113123167154,-0.0060850439882698115,0.006103633318063704,-0.006103633318063735,0.0027583600501571628,105.63278011359445,104.35113123167154,47,stop_loss,0.9040674603174603,0.006103633318063704
2026-02-01 13:03:00,2026-02-01 13:12:00,long,105.55,106.19620860072287,0.006122298443608454,0.006103633318063704,0.006103633318063704,0.007832815019841888,106.19620860072287,104.90772360703812,9,take_profit,0.9265338827838828,0.006103633318063704
2026-02-01 13:13:00,2026-02-01 13:23:00,long,106.38,105.73267302052786,-0.0060850439882698115,0.006103633318063704,-0.006103633318063735,-0.0015993229807233396,107.03129010843107,105.73267302052786,10,stop_loss,0.9417544261294262,0.006103633318063704
2026-02-01 13:24:00,2026-02-01 13:39:00,long,105.56,104.91766275659825,-0.0060850439882697005,0.006103633318063704,-0.006103633318063623,0.00018944776034673894,106.20626982370732,104.91766275659825,15,stop_loss,0.9025335775335775,0.006103633318063704
2026-02-01 13:40:00,2026-02-01 13:52:00,long,104.92,104.28155718475074,-0.0060850439882698115,0.006103633318063704,-0.006103633318063735,0.002189747150035993,105.5623515527034,104.28155718475074,12,stop_loss,0.9342796092796093,0.006103633318063704
2026-02-01 13:53:00,2026-02-01 14:18:00,long,104.37,103.73490395894429,-0.0060850439882698115,0.006103633318063704,-0.006103633318063735,0.0018187914840062018,105.00898428855942,103.73490395894429,25,stop_loss,0.9288537851037851,0.006103633318063704
2026-02-01 14:29:00,2026-02-01 14:34:00,long,103.14,102.51238856304985,-0.0060850439882698115,0.006103633318063704,-0.006103633318063735,0.001937234236225793,103.77145386147377,102.51238856304985,5,stop_loss,0.9023351648351648,0.006103633318063704
2026-02-01 14:35:00,2026-02-01 14:44:00,long,102.27,102.89612746182783,0.006122298443608454,0.006103633318063704,0.006103633318063704,0.008761738294363067,102.89612746182783,101.64768255131965,9,take_profit,0.9663118131868131,0.006103633318063704
2026-02-01 14:45:00,2026-02-01 14:47:00,long,102.56,101.93591788856305,-0.0060850439882698115,0.006103633318063704,-0.006103633318063735,0.005930119939924545,103.18790292837649,101.93591788856305,2,stop_loss,0.9855616605616606,0.006103633318063704
2026-02-01 14:48:00,2026-02-01 14:50:00,long,102.4,103.02692336062552,0.006122298443608454,0.006103633318063704,0.006103633318063704,0.007491400506877164,103.02692336062552,101.77689149560118,2,take_profit,0.9877556471306471,0.006103633318063704
2026-02-01 14:51:00,2026-02-01 15:02:00,long,103.07,102.44281451612902,-0.0060850439882698115,0.006103633318063704,-0.006103633318063735,0.00029102197421286655,103.70102530058271,102.44281451612902,11,stop_loss,0.9806051587301587,0.006103633318063704
2026-02-01 15:03:00,2026-02-01 15:11:00,long,102.47,101.846465542522,-0.0060850439882697005,0.006103633318063704,-0.006103633318063623,-0.0008786917821894372,103.09735192151656,101.846465542522,8,stop_loss,0.9577800671550671,0.006103633318063704
2026-02-01 15:12:00,2026-02-01 15:17:00,long,101.82,101.20042082111436,-0.0060850439882698115,0.006103633318063704,-0.006103633318063735,0.002844115093256734,102.4433724275282,101.20042082111436,5,stop_loss,0.961420177045177,0.006103633318063704
2026-02-01 15:18:00,2026-02-01 15:35:00,long,101.11,100.49474120234603,-0.0060850439882698115,0.006103633318063704,-0.006103633318063735,0.009841630464138957,101.72902559563325,100.49474120234603,17,stop_loss,0.9749847374847375,0.006103633318063704
2026-02-01 15:36:00,2026-02-01 15:39:00,long,100.39,101.00461754075386,0.006122298443608454,0.006103633318063704,0.006103633318063704,0.021775332033233976,101.00461754075386,99.7791224340176,3,take_profit,0.9798687423687423,0.006103633318063704
2026-02-01 15:40:00,2026-02-01 15:49:00,long,101.11,101.72902559563325,0.006122298443608454,0.006103633318063704,0.006103633318063704,0.01462889963336136,101.72902559563325,100.49474120234603,9,take_profit,0.9867902930402931,0.006103633318063704
2026-02-01 15:50:00,2026-02-01 15:57:00,long,101.46,102.0811684000885,0.006122298443608454,0.006103633318063704,0.006103633318063704,0.011173300598125255,102.0811684000885,100.84261143695014,7,take_profit,0.9623473748473749,0.006103633318063704
2026-02-01 15:58:00,2026-02-01 16:06:00,long,101.72,102.34276019768384,0.006122298443608454,0.006103633318063704,0.006103633318063704,0.008613992182750226,102.34276019768384,101.1010293255132,8,take_profit,0.978586691086691,0.006103633318063704
2026-02-01 16:07:00,2026-02-01 16:18:00,long,102.05,101.42902126099706,-0.0060850439882698115,0.006103633318063704,-0.006103633318063735,0.005375043480815426,102.67478055617023,101.42902126099706,11,stop_loss,0.9821848290598291,0.006103633318063704
2026-02-01 16:19:00,2026-02-01 16:23:00,long,101.17,101.78939293353987,0.006122298443608454,0.006103633318063704,0.006103633318063704,0.014035662518870128,101.78939293353987,100.55437609970674,4,take_profit,0.9680670024420024,0.006103633318063704
2026-02-01 16:24:00,2026-02-01 16:27:00,long,102.14,102.76533156303017,0.006122298443608454,0.006103633318063704,0.006103633318063704,0.004493511517171157,102.76533156303017,101.51847360703812,3,take_profit,0.9769421550671551,0.006103633318063704
2026-02-01 16:28:00,2026-02-01 16:41:00,long,102.26,101.63774340175954,-0.0060850439882698115,0.006103633318063704,-0.006103633318063735,0.0018562850330555356,102.88606623884341,101.63774340175954,13,stop_loss,0.98622557997558,0.006103633318063704
2026-02-01 16:42:00,2026-02-01 17:23:00,long,101.67,101.05133357771261,-0.0060850439882698115,0.006103633318063704,-0.006103633318063735,0.003730614968784161,102.29245408276168,101.05133357771261,41,stop_loss,0.977857905982906,0.006103633318063704
2026-02-01 17:24:00,2026-02-01 17:30:00,long,101.24,101.85982149443092,0.006122298443608454,0.006103633318063704,0.006103633318063704,0.02708925266800313,101.85982149443092,100.62395014662756,6,take_profit,0.9583028083028083,0.006103633318063704
2026-02-01 17:31:00,2026-02-01 17:54:00,long,101.45,102.07110717710408,0.006122298443608454,0.006103633318063704,0.006103633318063704,0.025017122073102617,102.07110717710408,100.83267228739003,23,take_profit,0.9228975885225885,0.006103633318063704
2026-02-01 17:55:00,2026-02-01 18:01:00,long,101.94,102.56410710334144,0.006122298443608454,0.006103633318063704,0.006103633318063704,0.02019878343303083,102.56410710334144,101.31969061583577,6,take_profit,0.9247176434676435,0.006103633318063704
2026-02-01 18:02:00,2026-02-01 18:08:00,long,103.21,103.84188242236482,0.006122298443608454,0.006103633318063704,0.006103633318063704,0.00781744076708453,103.84188242236482,102.58196260997066,6,take_profit,0.9521329365079365,0.006103633318063704
2026-02-01 18:09:00,2026-02-01 18:47:00,long,103.6,102.96958944281525,-0.0060850439882697005,0.006103633318063704,-0.006103633318063623,0.004045858519543796,104.23427011875783,102.96958944281525,38,stop_loss,0.985721916971917,0.006103633318063704
2026-02-01 18:48:00,2026-02-01 19:16:00,long,103.1,102.47263196480938,-0.0060850439882698115,0.006103633318063704,-0.006103633318063735,0.0026153935574792096,103.73120896953603,102.47263196480938,28,stop_loss,0.9520909645909645,0.006103633318063704
2026-02-01 19:17:00,2026-02-01 19:45:00,long,102.57,101.94585703812317,-0.0060850439882697005,0.006103633318063704,-0.006103633318063623,0.00340649509422387,103.1979641513609,101.94585703812317,28,stop_loss,0.9317994505494506,0.006103633318063704
2026-02-01 20:13:00,2026-02-01 20:26:00,long,101.35,100.73328079178884,-0.0060850439882699225,0.006103633318063704,-0.006103633318063847,0.01011150813142819,101.97049494725971,100.73328079178884,13,stop_loss,0.9053495115995116,0.006103633318063704
2026-02-01 20:28:00,2026-02-01 20:34:00,long,100.2,100.81345430404957,0.006122298443608454,0.006103633318063704,0.006103633318063704,0.021523192378672788,100.81345430404957,99.59027859237537,6,take_profit,0.9415064102564102,0.006103633318063704
2026-02-01 20:35:00,2026-02-01 20:38:00,long,101.19,101.80951537950874,0.006122298443608454,0.006103633318063704,0.006103633318063704,0.011691443287768704,101.80951537950874,100.57425439882698,3,take_profit,0.9533234126984127,0.006103633318063704
2026-02-01 20:39:00,2026-02-01 20:51:00,long,102.28,101.65762170087976,-0.0060850439882699225,0.006103633318063704,-0.006103633318063847,0.0009772306064512873,102.90618868481228,101.65762170087976,12,stop_loss,0.9709287240537241,0.006103633318063704
2026-02-01 20:52:00,2026-02-01 21:05:00,long,101.64,101.02151612903225,-0.0060850439882699225,0.006103633318063704,-0.006103633318063847,-0.000984348932714955,102.26227041380837,101.02151612903225,13,stop_loss,0.9610347985347986,0.006103633318063704
2026-02-01 21:06:00,2026-02-01 21:18:00,long,100.79,100.1766884164223,-0.0060850439882698115,0.006103633318063704,-0.006103633318063735,0.007315176946344769,101.4070664601313,100.1766884164223,12,stop_loss,0.9646749084249084,0.006103633318063704
2026-02-01 21:19:00,2026-02-01 21:28:00,long,100.2,100.81345430404957,0.006122298443608454,0.006103633318063704,0.006103633318063704,0.023962099006858497,100.81345430404957,99.59027859237537,9,take_profit,0.9761179792429793,0.006103633318063704
2026-02-01 21:29:00,2026-02-01 21:36:00,long,100.72,101.33663789924024,0.006122298443608454,0.006103633318063704,0.006103633318063704,0.018785897921531163,101.33663789924024,100.10711436950146,7,take_profit,0.9543727106227107,0.006103633318063704
2026-02-01 21:37:00,2026-02-01 21:56:00,long,101.25,100.63388929618768,-0.0060850439882699225,0.006103633318063704,-0.006103633318063847,0.013537581670974509,101.86988271741535,100.63388929618768,19,stop_loss,0.9646520146520147,0.006103633318063704
2026-02-01 21:57:00,2026-02-01 22:02:00,long,100.51,101.1253522165671,0.006122298443608454,0.006103633318063704,0.006103633318063704,0.020873062620974405,101.1253522165671,99.89839222873901,5,take_profit,0.9513888888888888,0.006103633318063704
2026-02-01 22:03:00,2026-02-01 22:10:00,long,101.39,102.01073983919746,0.006122298443608454,0.006103633318063704,0.006103633318063704,0.01215582069313445,102.01073983919746,100.77303739002933,7,take_profit,0.9382326007326007,0.006103633318063704
2026-02-01 22:11:00,2026-02-01 22:21:00,long,102.31,101.68743914956012,-0.0060850439882698115,0.006103633318063704,-0.006103633318063735,0.00312286776677445,102.93637235376558,101.68743914956012,10,stop_loss,0.9677617521367521,0.006103633318063704
2026-02-01 22:22:00,2026-02-01 22:38:00,long,101.6,102.22202552187062,0.006122298443608454,0.006103633318063704,0.006103633318063704,0.0065728396735398684,102.22202552187062,100.98175953079178,16,take_profit,0.9742559523809524,0.006103633318063704
2026-02-01 22:39:00,2026-02-01 22:52:00,long,102.27,101.64768255131965,-0.0060850439882698115,0.006103633318063704,-0.006103633318063735,-0.000782549193803764,102.89612746182783,101.64768255131965,13,stop_loss,0.9777358058608059,0.006103633318063704
2026-02-01 22:53:00,2026-02-01 23:01:00,long,101.81,101.19048167155425,-0.0060850439882698115,0.006103633318063704,-0.006103633318063735,0.0024525445167210007,102.43331120454378,101.19048167155425,8,stop_loss,0.9524381868131868,0.006103633318063704
2026-02-01 23:02:00,2026-02-01 23:05:00,long,100.87,100.25620161290323,-0.0060850439882698115,0.006103633318063704,-0.006103633318063735,0.008587980327874885,101.48755624400678,100.25620161290323,3,stop_loss,0.9741338522588523,0.006103633318063704
2026-02-01 23:06:00,2026-02-01 23:07:00,long,99.47,98.8647206744868,-0.0060850439882698115,0.006103633318063704,-0.006103633318063735,0.022564448230296286,100.07898502618573,98.8647206744868,1,stop_loss,0.9860424297924298,0.006103633318063704
2026-02-01 23:08:00,2026-02-01 23:09:00,long,98.85,98.24849340175952,-0.0060850439882699225,0.006103633318063704,-0.006103633318063847,0.028816989777992998,99.45518920115069,98.24849340175952,1,stop_loss,0.994684829059829,0.006103633318063704
2026-02-01 23:10:00,2026-02-01 23:12:00,long,98.15,98.75090359224018,0.006122298443608454,0.006103633318063704,0.006103633318063704,0.03592361867214877,98.75090359224018,97.55275293255133,2,take_profit,0.9956654456654457,0.006103633318063704
2026-02-01 23:13:00,2026-02-01 23:15:00,long,100.17,99.56046114369501,-0.0060850439882699225,0.006103633318063704,-0.006103633318063847,0.015551796770945984,100.78327063509626,99.56046114369501,2,stop_loss,0.9996871184371184,0.006103633318063704
2026-02-01 23:16:00,2026-02-01 23:17:00,long,99.72,100.33051560079663,0.006122298443608454,0.006103633318063704,0.006103633318063704,0.020447362505329525,100.33051560079663,99.11319941348974,1,take_profit,0.9989964896214896,0.006103633318063704
2026-02-01 23:18:00,2026-02-01 23:21:00,long,99.51,98.90447727272728,-0.0060850439882698115,0.006103633318063704,-0.006103633318063735,0.024028161553250636,100.11922991812348,98.90447727272728,3,stop_loss,0.9993437118437118,0.006103633318063704
2026-02-01 23:22:00,2026-02-01 23:23:00,long,99.31,99.91800545843476,0.006122298443608454,0.006103633318063704,0.006103633318063704,0.03122620759578899,99.91800545843476,98.70569428152493,1,take_profit,0.999629884004884,0.006103633318063704
2026-02-01 23:24:00,2026-02-01 23:25:00,long,99.8,100.41100538467212,0.006122298443608454,0.006103633318063704,0.006103633318063704,0.02630429519363789,100.41100538467212,99.19271260997067,1,take_profit,0.9994696275946275,0.006103633318063704
2026-02-01 23:26:00,2026-02-01 23:33:00,long,100.35,100.96437264881611,0.006122298443608454,0.006103633318063704,0.006103633318063704,0.02080840326870903,100.96437264881611,99.73936583577712,7,take_profit,0.9986263736263736,0.006103633318063704
2026-02-01 23:34:00,2026-02-01 23:36:00,long,101.36,101.98055617024416,0.006122298443608454,0.006103633318063704,0.006103633318063704,0.010793942498172608,101.98055617024416,100.74321994134897,2,take_profit,0.9978212759462759,0.006103633318063704
2026-02-01 23:37:00,2026-02-01 23:48:00,long,101.65,101.03145527859238,-0.0060850439882698115,0.006103633318063704,-0.006103633318063735,0.007936938436700498,102.2723316367928,101.03145527859238,11,stop_loss,0.9979586385836385,0.006103633318063704
2026-02-01 23:49:00,2026-02-02 00:03:00,long,100.85,100.23632331378299,-0.0060850439882698115,0.006103633318063704,-0.006103633318063735,0.018859217236761018,101.4674337980379,100.23632331378299,14,stop_loss,0.9970848595848596,0.006103633318063704
2026-02-02 00:04:00,2026-02-02 00:07:00,long,100.23,100.84363797300288,0.006122298443608454,0.006103633318063704,0.006103633318063704,0.025025936600206775,100.84363797300288,99.62009604105572,3,take_profit,0.9930021367521368,0.006103633318063704
2026-02-02 00:08:00,2026-02-02 00:16:00,long,101.12,101.7390868186177,0.006122298443608454,0.006103633318063704,0.006103633318063704,0.016185551238434282,101.7390868186177,100.50468035190616,8,take_profit,0.9939751221001221,0.006103633318063704
2026-02-02 00:17:00,2026-02-02 00:38:00,long,101.93,102.55404588035702,0.006122298443608454,0.006103633318063704,0.006103633318063704,0.00820717845666015,102.55404588035702,101.30975146627567,21,take_profit,0.9914339133089133,0.006103633318063704
2026-02-02 00:39:00,2026-02-02 01:08:00,long,102.27,101.64768255131965,-0.0060850439882698115,0.006103633318063704,-0.006103633318063735,0.005946885671387891,102.89612746182783,101.64768255131965,29,stop_loss,0.9872252747252748,0.006103633318063704
2026-02-02 01:09:00,2026-02-02 01:11:00,long,101.45,100.83267228739003,-0.0060850439882698115,0.006103633318063704,-0.006103633318063735,0.013997194217485432,102.07110717710408,100.83267228739003,2,stop_loss,0.975309065934066,0.006103633318063704
2026-02-02 01:12:00,2026-02-02 01:17:00,long,100.7,101.31651545327138,0.006122298443608454,0.006103633318063704,0.006103633318063704,0.02141746076479263,101.31651545327138,100.08723607038124,5,take_profit,0.9742712148962149,0.006103633318063704
2026-02-02 01:18:00,2026-02-02 01:24:00,long,101.68,102.30251530574611,0.006122298443608454,0.006103633318063704,0.006103633318063704,0.011732633608110572,102.30251530574611,101.06127272727274,6,take_profit,0.9879502442002442,0.006103633318063704
2026-02-02 01:25:00,2026-02-02 01:48:00,long,102.56,101.93591788856305,-0.0060850439882698115,0.006103633318063704,-0.006103633318063735,0.0031152673169492786,103.18790292837649,101.93591788856305,23,stop_loss,0.9897702991452991,0.006103633318063704
2026-02-02 01:49:00,2026-02-02 02:15:00,long,101.98,102.60435199527919,0.006122298443608454,0.006103633318063704,0.006103633318063704,0.004109996978397765,102.60435199527919,101.35944721407625,26,take_profit,0.9828144078144078,0.006103633318063704
2026-02-02 02:16:00,2026-02-02 02:35:00,long,102.1,101.47871700879764,-0.0060850439882698115,0.006103633318063704,-0.006103633318063735,0.0026409757610596943,102.72508667109241,101.47871700879764,19,stop_loss,0.9835699023199023,0.006103633318063704
2026-02-02 02:36:00,2026-02-02 02:57:00,long,101.3,100.68358504398826,-0.0060850439882699225,0.006103633318063704,-0.006103633318063847,0.0033507471973256864,101.92018883233753,100.68358504398826,21,stop_loss,0.9640186202686203,0.006103633318063704
2026-02-02 02:58:00,2026-02-02 03:10:00,long,100.56,99.9480879765396,-0.0060850439882697005,0.006103633318063704,-0.006103633318063623,0.0012919256455314722,101.17565833148927,99.9480879765396,12,stop_loss,0.9637820512820513,0.006103633318063704
2026-02-02 03:11:00,2026-02-02 03:14:00,long,99.66,99.05356451612903,-0.0060850439882698115,0.006103633318063704,-0.006103633318063735,0.0038057131561598572,100.27014826289002,99.05356451612903,3,stop_loss,0.9433455433455433,0.006103633318063704
2026-02-02 03:15:00,2026-02-02 03:18:00,long,98.98,98.37770234604106,-0.0060850439882698115,0.006103633318063704,-0.006103633318063735,0.010652296485678243,99.58598509994837,98.37770234604106,3,stop_loss,0.9734851953601954,0.006103633318063704
2026-02-02 03:19:00,2026-02-02 03:21:00,long,98.64,98.03977126099707,-0.0060850439882698115,0.006103633318063704,-0.006103633318063735,0.01479272257530347,99.24390351847754,98.03977126099707,2,stop_loss,0.9941430097680097,0.006103633318063704
2026-02-02 03:22:00,2026-02-02 03:29:00,long,97.31,96.71786436950147,-0.0060850439882698115,0.006103633318063704,-0.006103633318063735,0.03265389943053161,97.90576086154753,96.71786436950147,7,stop_loss,0.9952571733821733,0.006103633318063704
2026-02-02 03:30:00,2026-02-02 03:33:00,long,96.56,97.15116913771483,0.006122298443608454,0.006103633318063704,0.006103633318063704,0.04880989017521233,97.15116913771483,95.97242815249267,3,take_profit,0.9961423992673992,0.006103633318063704
2026-02-02 03:34:00,2026-02-02 03:36:00,long,96.51,95.92273240469208,-0.0060850439882698115,0.006103633318063704,-0.006103633318063735,0.05179052853291856,97.10086302279265,95.92273240469208,2,stop_loss,0.9982982295482296,0.006103633318063704
2026-02-02 03:37:00,2026-02-02 03:42:00,long,96.51,97.10086302279265,0.006122298443608454,0.006103633318063704,0.006103633318063704,0.05179052853291856,97.10086302279265,95.92273240469208,5,take_profit,0.9991338522588522,0.006103633318063704
2026-02-02 03:43:00,2026-02-02 03:47:00,long,97.17,97.76490373976543,0.006122298443608454,0.006103633318063704,0.006103633318063704,0.04497513660061564,97.76490373976543,96.57871627565983,4,take_profit,0.9987522893772893,0.006103633318063704
2026-02-02 03:48:00,2026-02-02 03:49:00,long,98.24,98.84145459910009,0.006122298443608454,0.006103633318063704,0.006103633318063704,0.03402369405313107,98.84145459910009,97.64220527859237,1,take_profit,0.9930364774114774,0.006103633318063704
2026-02-02 03:50:00,2026-02-02 03:53:00,long,99.06,99.66647488382385,0.006122298443608454,0.006103633318063704,0.006103633318063704,0.025711431291871683,99.66647488382385,98.457215542522,3,take_profit,0.9974130036630037,0.006103633318063704
2026-02-02 03:54:00,2026-02-02 03:56:00,long,99.52,100.12929114110791,0.006122298443608454,0.006103633318063704,0.006103633318063704,0.021078529461094005,100.12929114110791,98.91441642228739,2,take_profit,0.9974893162393162,0.006103633318063704
2026-02-02 03:57:00,2026-02-02 04:04:00,long,99.89,99.28216495601173,-0.0060850439882698115,0.006103633318063704,-0.006103633318063735,0.01736757790790492,100.50155639153205,99.28216495601173,7,stop_loss,0.9969169719169719,0.006103633318063704
2026-02-02 04:05:00,2026-02-02 04:09:00,long,98.97,99.57592387696393,0.006122298443608454,0.006103633318063704,0.006103633318063704,0.026620384543363535,99.57592387696393,98.36776319648094,4,take_profit,0.9983134920634921,0.006103633318063704
2026-02-02 04:10:00,2026-02-02 04:12:00,long,99.48,98.87465982404693,-0.0060850439882697005,0.006103633318063704,-0.006103633318063623,0.021480539516759326,100.08904624917017,98.87465982404693,2,stop_loss,0.9971764346764347,0.006103633318063704
2026-02-02 04:13:00,2026-02-02 04:16:00,long,98.78,99.38476064025964,0.006122298443608454,0.006103633318063704,0.006103633318063704,0.02854200333948449,99.38476064025964,98.17891935483871,3,take_profit,0.998756105006105,0.006103633318063704
2026-02-02 04:17:00,2026-02-02 04:22:00,long,99.7,100.31039315482776,0.006122298443608454,0.006103633318063704,0.006103633318063704,0.019271481484170634,100.31039315482776,99.0933211143695,5,take_profit,0.9923534798534799,0.006103633318063704
2026-02-02 04:23:00,2026-02-02 04:25:00,long,100.37,100.98449509478499,0.006122298443608454,0.006103633318063704,0.006103633318063704,0.01257380062625429,100.98449509478499,99.75924413489736,2,take_profit,0.9863133394383394,0.006103633318063704
2026-02-02 04:26:00,2026-02-02 04:31:00,long,100.89,101.50767868997566,0.006122298443608454,0.006103633318063704,0.006103633318063704,0.007406344031675324,101.50767868997566,100.27607991202346,5,take_profit,0.988003663003663,0.006103633318063704
2026-02-02 04:32:00,2026-02-02 04:33:00,long,100.91,101.52780113594453,0.006122298443608454,0.006103633318063704,0.006103633318063704,0.007208127975526005,101.52780113594453,100.29595821114368,1,take_profit,0.9915674603174603,0.006103633318063704
2026-02-02 04:34:00,2026-02-02 04:45:00,long,101.28,100.66370674486804,-0.0060850439882698115,0.006103633318063704,-0.006103633318063735,0.0009868746483372775,101.90006638636866,100.66370674486804,11,stop_loss,0.9879540598290598,0.006103633318063704
2026-02-02 04:46:00,2026-02-02 05:03:00,long,100.63,100.0176620234604,-0.0060850439882698115,0.006103633318063704,-0.006103633318063735,-0.0005964214888528193,101.24608689238032,100.0176620234604,17,stop_loss,0.9883318070818071,0.006103633318063704
2026-02-02 05:04:00,2026-02-02 05:09:00,long,100.32,99.70954838709676,-0.0060850439882699225,0.006103633318063704,-0.006103633318063847,-0.0018957351648990896,100.9341889798628,99.70954838709676,5,stop_loss,0.9825511294261294,0.006103633318063704
2026-02-02 05:10:00,2026-02-02 05:16:00,long,99.7,99.0933211143695,-0.0060850439882698115,0.006103633318063704,-0.006103633318063735,-0.0013047625677998147,100.31039315482776,99.0933211143695,6,stop_loss,0.9824710012210012,0.006103633318063704
2026-02-02 05:17:00,2026-02-02 05:26:00,long,98.99,98.38764149560117,-0.0060850439882697005,0.006103633318063704,-0.006103633318063623,0.005038301669552418,99.59604632293279,98.38764149560117,9,stop_loss,0.9720543345543345,0.006103633318063704
2026-02-02 05:27:00,2026-02-02 05:36:00,long,98.43,97.83104912023461,-0.0060850439882698115,0.006103633318063704,-0.006103633318063735,0.013521901284295673,99.03261783580439,97.83104912023461,9,stop_loss,0.984611568986569,0.006103633318063704
2026-02-02 05:37:00,2026-02-02 05:50:00,long,97.88,98.47925057166039,0.006122298443608454,0.006103633318063704,0.006103633318063704,0.01912529835094483,98.47925057166039,97.28439589442814,13,take_profit,0.9912660256410256,0.006103633318063704
2026-02-02 05:51:00,2026-02-02 06:01:00,long,98.27,97.67202272727272,-0.0060850439882698115,0.006103633318063704,-0.006103633318063735,0.026708414876432784,98.8716382680534,97.67202272727272,10,stop_loss,0.977991452991453,0.006103633318063704
2026-02-02 06:02:00,2026-02-02 06:04:00,long,97.5,98.09692409825182,0.006122298443608454,0.006103633318063704,0.006103633318063704,0.034574829246966726,98.09692409825182,96.9067082111437,2,take_profit,0.976614010989011,0.006103633318063704
2026-02-02 06:05:00,2026-02-02 06:09:00,long,98.0,98.59998524747363,0.006122298443608454,0.006103633318063704,0.006103633318063704,0.030153038170687457,98.59998524747363,97.40366568914956,4,take_profit,0.9836462148962148,0.006103633318063704
2026-02-02 06:10:00,2026-02-02 06:16:00,long,98.41,99.01249538983551,0.006122298443608454,0.006103633318063704,0.006103633318063704,0.030029280713010875,99.01249538983551,97.81117082111436,6,take_profit,0.9639766483516483,0.006103633318063704
2026-02-02 06:17:00,2026-02-02 06:20:00,long,99.24,99.8475768975437,0.006122298443608454,0.006103633318063704,0.006103633318063704,0.021630546800304795,99.8475768975437,98.63612023460409,3,take_profit,0.9822344322344322,0.006103633318063704
2026-02-02 06:21:00,2026-02-02 06:25:00,long,99.67,99.06350366568915,-0.0060850439882698115,0.006103633318063704,-0.006103633318063735,0.017306976644540086,100.28020948587445,99.06350366568915,4,stop_loss,0.9907928876678876,0.006103633318063704
2026-02-02 06:26:00,2026-02-02 06:30:00,long,98.87,99.47531164711957,0.006122298443608454,0.006103633318063704,0.006103633318063704,0.025365849714863324,99.47531164711957,98.26837170087977,4,take_profit,0.9944749694749695,0.006103633318063704
2026-02-02 06:31:00,2026-02-02 06:34:00,long,99.27,98.66593768328445,-0.0060850439882698115,0.006103633318063704,-0.006103633318063735,0.021328295022274398,99.877760566497,98.66593768328445,3,stop_loss,0.9890644078144079,0.006103633318063704
2026-02-02 06:35:00,2026-02-02 06:37:00,long,98.21,97.61238782991201,-0.0060850439882699225,0.006103633318063704,-0.006103633318063847,0.03206366245422217,98.81127093014678,97.61238782991201,2,stop_loss,0.9853594322344322,0.006103633318063704
2026-02-02 06:38:00,2026-02-02 06:40:00,long,97.48,98.07680165228295,0.006122298443608454,0.006103633318063704,0.006103633318063704,0.04306813644683455,98.07680165228295,96.88682991202346,2,take_profit,0.9887362637362638,0.006103633318063704
2026-02-02 06:41:00,2026-02-02 06:42:00,long,98.36,98.96218927491333,0.006122298443608454,0.006103633318063704,0.006103633318063704,0.03437588676843043,98.96218927491333,97.76147507331378,1,take_profit,0.9927960927960928,0.006103633318063704
2026-02-02 06:43:00,2026-02-02 06:46:00,long,100.42,101.03480120970717,0.006122298443608454,0.006103633318063704,0.006103633318063704,0.01364871350986292,101.03480120970717,99.80893988269794,3,take_profit,0.9969894688644688,0.006103633318063704
2026-02-02 06:47:00,2026-02-02 06:58:00,long,100.16,100.77320941211183,0.006122298443608454,0.006103633318063704,0.006103633318063704,0.018301940342639194,100.77320941211183,99.5505219941349,11,take_profit,0.9976800976800977,0.006103633318063704
2026-02-02 06:59:00,2026-02-02 07:06:00,long,100.67,101.28633178431807,0.006122298443608454,0.006103633318063704,0.006103633318063704,0.013223006953095669,101.28633178431807,100.05741862170088,7,take_profit,0.9984661172161172,0.006103633318063704
2026-02-02 07:07:00,2026-02-02 07:12:00,long,101.39,100.77303739002933,-0.0060850439882697005,0.006103633318063704,-0.006103633318063623,0.006292420722725453,102.01073983919746,100.77303739002933,5,stop_loss,0.9971459096459097,0.006103633318063704
2026-02-02 07:13:00,2026-02-02 07:21:00,long,100.87,101.48755624400678,0.006122298443608454,0.006103633318063704,0.006103633318063704,0.013099118702860025,101.48755624400678,100.25620161290323,8,take_profit,0.9945054945054945,0.006103633318063704
2026-02-02 07:22:00,2026-02-02 07:31:00,long,100.77,101.38694401416242,0.006122298443608454,0.006103633318063704,0.006103633318063704,0.016241313742093217,101.38694401416242,100.15681011730204,9,take_profit,0.977281746031746,0.006103633318063704
2026-02-02 07:32:00,2026-02-02 07:45:00,long,101.4,102.0208010621819,0.006122298443608454,0.006103633318063704,0.006103633318063704,0.010008914877321353,102.0208010621819,100.78297653958944,13,take_profit,0.9676625457875457,0.006103633318063704
2026-02-02 07:46:00,2026-02-02 07:51:00,long,102.01,101.3892646627566,-0.0060850439882698115,0.006103633318063704,-0.006103633318063735,0.0040111583399766474,102.6345356642325,101.3892646627566,5,stop_loss,0.9616529304029304,0.006103633318063704
2026-02-02 07:52:00,2026-02-02 08:10:00,long,101.5,102.12141329202626,0.006122298443608454,0.006103633318063704,0.006103633318063704,0.009023207552562246,102.12141329202626,100.88236803519061,18,take_profit,0.9574824481074481,0.006103633318063704
2026-02-02 08:11:00,2026-02-02 08:29:00,long,102.11,101.48865615835777,-0.0060850439882698115,0.006103633318063704,-0.006103633318063735,0.003031342466957575,102.73514789407686,101.48865615835777,18,stop_loss,0.952087148962149,0.006103633318063704
2026-02-02 08:30:00,2026-02-02 09:29:00,long,101.84,102.46349487349708,0.006122298443608454,0.006103633318063704,0.006103633318063704,0.006947530269238405,102.46349487349708,101.2202991202346,59,take_profit,0.9310859279609279,0.006103633318063704
2026-02-02 09:30:00,2026-02-02 09:37:00,long,102.43,103.05710702957882,0.006122298443608454,0.006103633318063704,0.006103633318063704,0.00923188131945002,103.05710702957882,101.80670894428152,7,take_profit,0.9097107753357754,0.006103633318063704
2026-02-02 09:38:00,2026-02-02 10:07:00,long,102.65,103.27845393523641,0.006122298443608454,0.006103633318063704,0.006103633318063704,0.007086376302950666,103.27845393523641,102.02537023460411,29,take_profit,0.952815934065934,0.006103633318063704
2026-02-02 10:08:00,2026-02-02 11:08:00,long,103.11,102.99,-0.001163805644457394,0.006103633318063704,-0.0011644833921418468,0.0026151402380409777,103.74127019252046,102.4825711143695,60,timeout_1h,0.9250915750915751,0.006103633318063704
2026-02-02 14:22:00,2026-02-02 14:35:00,long,103.47,104.10347421996016,0.006122298443608454,0.006103633318063704,0.006103633318063704,0.01990305867747027,104.10347421996016,102.84038049853372,13,take_profit,0.9246108058608059,0.006103633318063704
2026-02-02 14:36:00,2026-02-02 14:40:00,long,104.27,104.90837205871505,0.006122298443608454,0.006103633318063704,0.006103633318063704,0.013431971412568236,104.90837205871505,103.6355124633431,4,take_profit,0.9690056471306472,0.006103633318063704
2026-02-02 14:41:00,2026-02-02 14:48:00,long,104.61,103.9734435483871,-0.0060850439882698115,0.006103633318063704,-0.006103633318063735,0.01168937045103075,105.25045364018588,103.9734435483871,7,stop_loss,0.9782203907203907,0.006103633318063704
2026-02-02 14:49:00,2026-02-02 15:10:00,long,103.96,104.59647414619752,0.006122298443608454,0.006103633318063704,0.006103633318063704,0.01792231003341081,104.59647414619752,103.32739882697946,21,take_profit,0.9931242368742369,0.006103633318063704
2026-02-02 15:11:00,2026-02-02 15:17:00,long,104.53,105.16996385631039,0.006122298443608454,0.006103633318063704,0.006103633318063704,0.01245440826208447,105.16996385631039,103.89393035190616,6,take_profit,0.9810554029304029,0.006103633318063704
2026-02-02 15:18:00,2026-02-02 15:21:00,long,104.71,105.35106587003024,0.006122298443608454,0.006103633318063704,0.006103633318063704,0.01073389550732969,105.35106587003024,104.07283504398826,3,take_profit,0.9808760683760683,0.006103633318063704
2026-02-02 15:22:00,2026-02-02 15:30:00,long,105.55,104.90772360703812,-0.0060850439882698115,0.006103633318063704,-0.006103633318063735,0.0027437455123705875,106.19620860072287,104.90772360703812,8,stop_loss,0.9788804945054945,0.006103633318063704
2026-02-02 15:31:00,2026-02-02 15:40:00,long,105.32,105.96480047208084,0.006122298443608454,0.006103633318063704,0.006103633318063704,0.004925185178591764,105.96480047208084,104.67912316715541,9,take_profit,0.9799870268620269,0.006103633318063704
2026-02-02 15:41:00,2026-02-02 15:51:00,long,105.61,104.96735850439883,-0.0060850439882697005,0.006103633318063704,-0.006103633318063623,0.0,106.25657593862948,104.96735850439883,10,stop_loss,0.9681166056166056,0.006103633318063704
2026-02-02 15:52:00,2026-02-02 16:17:00,long,104.66,105.30075975510806,0.006122298443608454,0.006103633318063704,0.006103633318063704,0.00903606281432132,105.30075975510806,104.02313929618768,25,take_profit,0.9435286935286935,0.006103633318063704
2026-02-02 16:18:00,2026-02-02 17:18:00,long,105.26,105.23,-0.00028500855025648253,0.006103633318063704,-0.0002850491729120616,0.0033195838327501432,105.90443313417423,104.61948826979473,60,timeout_1h,0.9263698107448107,0.006103633318063704
2026-02-02 18:36:00,2026-02-02 19:34:00,long,104.52,103.88399120234604,-0.0060850439882698115,0.006103633318063704,-0.006103633318063735,0.002389030712461926,105.15990263332596,103.88399120234604,58,stop_loss,0.921329365079365,0.006103633318063704
2026-02-03 03:32:00,2026-02-03 03:42:00,long,103.19,103.82175997639595,0.006122298443608454,0.006103633318063704,0.006103633318063704,0.011274511140904787,103.82175997639595,102.56208431085044,10,take_profit,0.9305250305250305,0.006103633318063704
2026-02-03 03:47:00,2026-02-03 04:12:00,long,103.78,104.41537213247769,0.006122298443608454,0.006103633318063704,0.006103633318063704,0.011591833587256338,104.41537213247769,103.14849413489736,25,take_profit,0.9070894383394383,0.006103633318063704
2026-02-03 09:15:00,2026-02-03 10:15:00,long,102.95,102.73,-0.002136959689169493,0.006103633318063704,-0.0021392462456261384,0.0032971325447437696,103.58029062476949,102.32354472140763,60,timeout_1h,0.9216040903540903,0.006103633318063704
2026-02-03 14:37:00,2026-02-03 14:42:00,long,102.3,101.6775,-0.0060850439882698115,0.006103633318063704,-0.006103633318063735,0.0039024439769317454,102.92631113078114,101.6775,5,stop_loss,0.9064980158730159,0.006103633318063704
2026-02-03 14:43:00,2026-02-03 14:54:00,long,101.87,101.25011656891496,-0.0060850439882698115,0.006103633318063704,-0.006103633318063735,0.008114626332537511,102.4936785424504,101.25011656891496,11,stop_loss,0.9617750305250305,0.006103633318063704
2026-02-03 14:55:00,2026-02-03 15:14:00,long,101.08,100.46492375366569,-0.0060850439882698115,0.006103633318063704,-0.006103633318063735,0.015899834414519122,101.69884192667995,100.46492375366569,19,stop_loss,0.9717643467643468,0.006103633318063704
2026-02-03 15:15:00,2026-02-03 15:21:00,long,100.54,101.1555358855204,0.006122298443608454,0.006103633318063704,0.006103633318063704,0.021256458670083418,101.1555358855204,99.92820967741936,6,take_profit,0.9780028998778999,0.006103633318063704
2026-02-03 15:22:00,2026-02-03 15:26:00,long,100.96,101.57810725086671,0.006122298443608454,0.006103633318063704,0.006103633318063704,0.01708771814160969,101.57810725086671,100.34565395894427,4,take_profit,0.9452113858363859,0.006103633318063704
2026-02-03 15:27:00,2026-02-03 15:41:00,long,102.1,101.47871700879764,-0.0060850439882698115,0.006103633318063704,-0.006103633318063735,0.004105176325250533,102.72508667109241,101.47871700879764,14,stop_loss,0.9878739316239317,0.006103633318063704
2026-02-03 15:42:00,2026-02-03 15:48:00,long,101.55,102.17171940694844,0.006122298443608454,0.006103633318063704,0.006103633318063704,0.009506613469476729,102.17171940694844,100.9320637829912,6,take_profit,0.9914529914529915,0.006103633318063704
2026-02-03 15:49:00,2026-02-03 16:10:00,long,102.14,101.51847360703812,-0.0060850439882698115,0.006103633318063704,-0.006103633318063735,0.00371348027637248,102.76533156303017,101.51847360703812,21,stop_loss,0.9755380036630037,0.006103633318063704
2026-02-03 16:11:00,2026-02-03 16:16:00,long,101.51,100.89230718475073,-0.0060850439882698115,0.006103633318063704,-0.006103633318063735,0.0,102.1314745150107,100.89230718475073,5,stop_loss,0.9719665750915751,0.006103633318063704
2026-02-03 16:17:00,2026-02-03 16:30:00,long,100.78,100.16674926686217,-0.0060850439882698115,0.006103633318063704,-0.006103633318063735,0.0039611856113380434,101.39700523714686,100.16674926686217,13,stop_loss,0.9798496642246642,0.006103633318063704
2026-02-03 16:31:00,2026-02-03 16:38:00,long,100.22,100.83357675001844,0.006122298443608454,0.006103633318063704,0.006103633318063704,0.00953333933221149,100.83357675001844,99.61015689149559,7,take_profit,0.9679563492063492,0.006103633318063704
2026-02-03 16:39:00,2026-02-03 17:09:00,long,100.91,100.29595821114368,-0.0060850439882698115,0.006103633318063704,-0.006103633318063735,0.0026720783873527628,101.52780113594453,100.29595821114368,30,stop_loss,0.9657242063492063,0.006103633318063704
2026-02-03 17:10:00,2026-02-03 17:14:00,long,100.46,99.84869648093841,-0.0060850439882697005,0.006103633318063704,-0.006103633318063623,-0.0002986709166508398,101.0750461016449,99.84869648093841,4,stop_loss,0.9454746642246642,0.006103633318063704
2026-02-03 17:15:00,2026-02-03 17:40:00,long,99.98,99.37161730205278,-0.0060850439882698115,0.006103633318063704,-0.006103633318063735,0.004490801419823351,100.59210739839197,99.37161730205278,25,stop_loss,0.9302846459096459,0.006103633318063704
2026-02-03 17:41:00,2026-02-03 18:15:00,long,99.18,98.57648533724341,-0.0060850439882698115,0.006103633318063704,-0.006103633318063735,0.004024960153048681,99.78720955963709,98.57648533724341,34,stop_loss,0.9470123626373627,0.006103633318063704
2026-02-03 18:16:00,2026-02-03 18:21:00,long,98.66,98.0596495601173,-0.0060850439882698115,0.006103633318063704,-0.006103633318063735,0.003137178103007481,99.2640259644464,98.0596495601173,5,stop_loss,0.9330738705738706,0.006103633318063704
2026-02-03 18:22:00,2026-02-03 18:30:00,long,98.14,97.5428137829912,-0.0060850439882698115,0.006103633318063704,-0.006103633318063735,0.014264999848447894,98.74084236925573,97.5428137829912,8,stop_loss,0.9442269536019536,0.006103633318063704
2026-02-03 18:31:00,2026-02-03 18:42:00,long,97.93,97.33409164222874,-0.0060850439882698115,0.006103633318063704,-0.006103633318063735,0.016407092777502106,98.52955668658258,97.33409164222874,11,stop_loss,0.9560439560439561,0.006103633318063704
2026-02-03 18:43:00,2026-02-03 18:57:00,long,97.4,96.80731671554253,-0.0060850439882698115,0.006103633318063704,-0.006103633318063735,0.02374058946948698,97.99631186840747,96.80731671554253,14,stop_loss,0.9713865995115996,0.006103633318063704
2026-02-03 18:58:00,2026-02-03 19:06:00,long,96.95,97.54355683410785,0.006122298443608454,0.006103633318063704,0.006103633318063704,0.028371418429315547,97.54355683410785,96.36005498533724,8,take_profit,0.9699481074481074,0.006103633318063704
2026-02-03 19:07:00,2026-02-03 19:10:00,long,97.45,98.04661798332965,0.006122298443608454,0.006103633318063704,0.006103633318063704,0.02322737416440655,98.04661798332965,96.85701246334311,3,take_profit,0.9700816544566545,0.006103633318063704
2026-02-03 19:11:00,2026-02-03 19:13:00,long,98.52,99.1231688426643,0.006122298443608454,0.006103633318063704,0.006103633318063704,0.012307226865639263,99.1231688426643,97.92050146627565,2,take_profit,0.9789644383394384,0.006103633318063704
2026-02-03 19:14:00,2026-02-03 19:19:00,long,98.97,99.57592387696393,0.006122298443608454,0.006103633318063704,0.006103633318063704,0.007750026209376635,99.57592387696393,98.36776319648094,5,take_profit,0.9884577228327228,0.006103633318063704
2026-02-03 19:20:00,2026-02-03 19:23:00,long,99.51,98.90447727272728,-0.0060850439882698115,0.006103633318063704,-0.006103633318063735,0.002308658490905577,100.11922991812348,98.90447727272728,3,stop_loss,0.9874503968253968,0.006103633318063704
2026-02-03 19:24:00,2026-02-03 19:32:00,long,99.03,99.63629121487055,0.006122298443608454,0.006103633318063704,0.006103633318063704,0.007143965584765171,99.63629121487055,98.42739809384165,8,take_profit,0.9979052197802197,0.006103633318063704
2026-02-03 19:33:00,2026-02-03 19:37:00,long,99.74,99.13307771260996,-0.0060850439882698115,0.006103633318063704,-0.006103633318063735,0.017294934613104766,100.3506380467655,99.13307771260996,4,stop_loss,0.9904723748473748,0.006103633318063704
2026-02-03 19:38:00,2026-02-03 19:48:00,long,99.23,98.626181085044,-0.0060850439882698115,0.006103633318063704,-0.006103633318063735,0.022421346804931,99.83751567455927,98.626181085044,10,stop_loss,0.9885340354090354,0.006103633318063704
2026-02-03 19:49:00,2026-02-03 20:20:00,long,98.7,99.30427085638416,0.006122298443608454,0.006103633318063704,0.006103633318063704,0.027776788291645187,99.30427085638416,98.09940615835777,31,take_profit,0.9702762515262515,0.006103633318063704
2026-02-03 20:21:00,2026-02-03 20:23:00,long,98.94,99.54574020801061,0.006122298443608454,0.006103633318063704,0.006103633318063704,0.027415364003483444,99.54574020801061,98.33794574780059,2,take_profit,0.9493971306471306,0.006103633318063704
2026-02-03 20:24:00,2026-02-03 20:27:00,long,99.59,100.19971970199897,0.006122298443608454,0.006103633318063704,0.006103633318063704,0.020867211859497754,100.19971970199897,98.98399046920821,3,take_profit,0.9626030219780219,0.006103633318063704
2026-02-03 20:28:00,2026-02-03 20:30:00,long,99.99,100.6021686213764,0.006122298443608454,0.006103633318063704,0.006103633318063704,0.01685878881528818,100.6021686213764,99.3815564516129,2,take_profit,0.9725198412698413,0.006103633318063704
2026-02-03 20:31:00,2026-02-03 20:32:00,long,101.48,100.86248973607039,-0.0060850439882698115,0.006103633318063704,-0.006103633318063735,0.0020672350719648258,102.1012908460574,100.86248973607039,1,stop_loss,0.9821810134310134,0.006103633318063704
2026-02-03 20:33:00,2026-02-03 21:04:00,long,100.93,101.54792358191341,0.006122298443608454,0.006103633318063704,0.006103633318063704,0.007501762552277818,101.54792358191341,100.31583651026394,31,take_profit,0.9986988705738705,0.006103633318063704
2026-02-03 21:05:00,2026-02-03 21:35:00,long,101.29,100.67364589442816,-0.0060850439882698115,0.006103633318063704,-0.006103633318063735,0.003941280104340257,101.91012760935311,100.67364589442816,30,stop_loss,0.9676129426129426,0.006103633318063704
2026-02-03 21:36:00,2026-02-03 21:54:00,long,100.59,99.97790542521994,-0.0060850439882698115,0.006103633318063704,-0.006103633318063735,0.0005963029395537492,101.20584200044257,99.97790542521994,18,stop_loss,0.928422619047619,0.006103633318063704
2026-02-03 21:55:00,2026-02-03 22:06:00,long,100.01,99.40143475073315,-0.0060850439882698115,0.006103633318063704,-0.006103633318063735,0.0012990259133740267,100.62229106734529,99.40143475073315,11,stop_loss,0.9323374542124542,0.006103633318063704
2026-02-03 22:08:00,2026-02-03 22:20:00,long,99.18,99.78720955963709,0.006122298443608454,0.006103633318063704,0.006103633318063704,0.006031381371903455,99.78720955963709,98.57648533724341,12,take_profit,0.9426625457875458,0.006103633318063704
2026-02-03 22:25:00,2026-02-03 22:46:00,long,99.42,98.81502492668622,-0.0060850439882698115,0.006103633318063704,-0.006103633318063735,0.0016080405475100716,100.02867891126355,98.81502492668622,21,stop_loss,0.9132745726495727,0.006103633318063704
2026-02-03 22:47:00,2026-02-03 23:03:00,long,98.6,98.00001466275658,-0.0060850439882699225,0.006103633318063704,-0.006103633318063847,-0.000304305931242139,99.20365862653979,98.00001466275658,16,stop_loss,0.9046588827838827,0.006103633318063704
2026-02-03 23:04:00,2026-02-03 23:46:00,long,97.74,97.1452478005865,-0.0060850439882698115,0.006103633318063704,-0.006103633318063735,0.005102572556823594,98.33839344987828,97.1452478005865,42,stop_loss,0.9533577533577534,0.006103633318063704
2026-02-03 23:47:00,2026-02-04 00:24:00,long,97.34,97.93594453050085,0.006122298443608454,0.006103633318063704,0.006103633318063704,0.013368228063316123,97.93594453050085,96.74768181818182,37,take_profit,0.9562271062271063,0.006103633318063704
2026-02-04 00:25:00,2026-02-04 00:42:00,long,98.1,98.70059747731798,0.006122298443608454,0.006103633318063704,0.006103633318063704,0.013466512420664923,98.70059747731798,97.50305718475073,17,take_profit,0.94247557997558,0.006103633318063704
2026-02-04 00:43:00,2026-02-04 00:56:00,long,98.51,97.91056231671554,-0.0060850439882698115,0.006103633318063704,-0.006103633318063735,0.010301040390384457,99.11310761967988,97.91056231671554,13,stop_loss,0.9266101953601954,0.006103633318063704
2026-02-04 01:01:00,2026-02-04 01:03:00,long,98.26,98.86157704506897,0.006122298443608454,0.006103633318063704,0.006103633318063704,0.012842079517469893,98.86157704506897,97.66208357771261,2,take_profit,0.9147435897435897,0.006103633318063704
2026-02-04 01:04:00,2026-02-04 02:04:00,long,99.18,98.74,-0.004436378302077104,0.006103633318063704,-0.0044462482302710556,0.0035227251969842726,99.78720955963709,98.57648533724341,60,timeout_1h,0.9496947496947497,0.006103633318063704
2026-02-04 02:31:00,2026-02-04 02:41:00,long,98.25,97.6521444281525,-0.0060850439882698115,0.006103633318063704,-0.006103633318063735,0.009320298448663224,98.85151582208454,97.6521444281525,10,stop_loss,0.9233134920634921,0.006103633318063704
2026-02-04 02:49:00,2026-02-04 03:03:00,long,97.58,98.17741388212731,0.006122298443608454,0.006103633318063704,0.006103633318063704,0.01858015783636264,98.17741388212731,96.98622140762463,14,take_profit,0.9032699938949939,0.006103633318063704
2026-02-04 03:09:00,2026-02-04 03:12:00,long,98.67,99.27408718743085,0.006122298443608454,0.006103633318063704,0.006103633318063704,0.007471763354978436,99.27408718743085,98.06958870967742,3,take_profit,0.9002861721611721,0.006103633318063704
2026-02-04 03:13:00,2026-02-04 04:13:00,long,99.05,99.11,0.000605754669358971,0.006103633318063704,0.0006055712740572155,0.0036279390794937503,99.65641366083942,98.44727639296187,60,timeout_1h,0.9541361416361417,0.006103633318063704
2026-02-04 05:54:00,2026-02-04 06:04:00,long,96.58,97.1712915836837,0.006122298443608454,0.006103633318063704,0.006103633318063704,0.020902400350584275,97.1712915836837,95.9923064516129,10,take_profit,0.9517437423687424,0.006103633318063704
2026-02-04 06:05:00,2026-02-04 06:36:00,long,97.26,97.85545474662537,0.006122298443608454,0.006103633318063704,0.006103633318063704,0.01388627582034025,97.85545474662537,96.66816862170089,31,take_profit,0.9345123626373626,0.006103633318063704
2026-02-04 06:37:00,2026-02-04 06:46:00,long,97.93,98.52955668658258,0.006122298443608454,0.006103633318063704,0.006103633318063704,0.0070211430632768895,98.52955668658258,97.33409164222874,9,take_profit,0.9140338827838828,0.006103633318063704
2026-02-04 06:47:00,2026-02-04 07:03:00,long,98.39,97.79129252199414,-0.0060850439882698115,0.006103633318063704,-0.006103633318063735,0.0004064627634458629,98.99237294386664,97.79129252199414,16,stop_loss,0.9458524114774115,0.006103633318063704
2026-02-04 07:04:00,2026-02-04 08:04:00,long,97.66,97.06573460410557,-0.0060850439882698115,0.006103633318063704,-0.006103633318063735,0.004393365942710035,98.2579036660028,97.06573460410557,60,stop_loss,0.9175289987789987,0.006103633318063704
2026-02-04 08:26:00,2026-02-04 08:46:00,long,96.8,97.3926384893413,0.006122298443608454,0.006103633318063704,0.006103633318063704,0.00935691367372053,97.3926384893413,96.21096774193548,20,take_profit,0.9093559218559218,0.006103633318063704
2026-02-04 11:04:00,2026-02-04 11:06:00,long,95.99,95.40589662756598,-0.0060850439882698115,0.006103633318063704,-0.006103633318063735,0.008402974907085692,96.57767942760196,95.40589662756598,2,stop_loss,0.9226991758241758,0.006103633318063704
2026-02-04 11:07:00,2026-02-04 11:08:00,long,94.83,95.4105775614074,0.006122298443608454,0.006103633318063704,0.006103633318063704,0.02056117938689532,95.4105775614074,94.25295527859237,1,take_profit,0.9784569597069597,0.006103633318063704
2026-02-04 11:09:00,2026-02-04 11:15:00,long,95.22,95.8029652578004,0.006122298443608454,0.006103633318063704,0.006103633318063704,0.016456990516158662,95.8029652578004,94.64058211143694,6,take_profit,0.9908463064713064,0.006103633318063704
2026-02-04 11:16:00,2026-02-04 11:25:00,long,95.54,96.12492439330236,0.006122298443608454,0.006103633318063704,0.006103633318063704,0.013101986320715369,96.12492439330236,94.95863489736071,9,take_profit,0.9920711233211233,0.006103633318063704
2026-02-04 11:26:00,2026-02-04 11:36:00,long,96.31,96.89963856310393,0.006122298443608454,0.006103633318063704,0.006103633318063704,0.005074838709758411,96.89963856310393,95.72394941348973,10,take_profit,0.9841422466422466,0.006103633318063704
2026-02-04 11:37:00,2026-02-04 11:52:00,long,96.49,95.90285410557185,-0.0060850439882697005,0.006103633318063704,-0.006103633318063623,0.0007252007569837431,97.08074057682377,95.90285410557185,15,stop_loss,0.9661515567765567,0.006103633318063704
2026-02-04 11:53:00,2026-02-04 12:20:00,long,95.98,96.56761820461755,0.006122298443608454,0.006103633318063704,0.006103633318063704,0.006024740359176655,96.56761820461755,95.39595747800587,27,take_profit,0.9461271367521368,0.006103633318063704
2026-02-04 12:39:00,2026-02-04 13:22:00,long,96.16,95.57486217008797,-0.0060850439882698115,0.006103633318063704,-0.006103633318063735,0.0031149438539282543,96.74872021833738,95.57486217008797,43,stop_loss,0.9006181318681319,0.006103633318063704
2026-02-04 13:39:00,2026-02-04 13:48:00,long,94.79,94.21319868035191,-0.0060850439882698115,0.006103633318063704,-0.006103633318063735,0.0033701980293438702,95.37033266946965,94.21319868035191,9,stop_loss,0.9040254884004884,0.006103633318063704
2026-02-04 13:49:00,2026-02-04 14:09:00,long,94.36,93.78581524926686,-0.0060850439882698115,0.006103633318063704,-0.006103633318063735,0.004863102934497995,94.9377000811389,93.78581524926686,20,stop_loss,0.9719627594627595,0.006103633318063704
2026-02-04 14:10:00,2026-02-04 14:21:00,long,93.88,94.45476137788596,0.006122298443608454,0.006103633318063704,0.006103633318063704,0.008696629209209966,94.45476137788596,93.30873607038123,11,take_profit,0.9697039072039072,0.006103633318063704
2026-02-04 14:22:00,2026-02-04 14:30:00,long,94.34,93.76593695014662,-0.0060850439882698115,0.006103633318063704,-0.006103633318063735,0.00380872233591693,94.91757763517002,93.76593695014662,8,stop_loss,0.9538423382173382,0.006103633318063704
2026-02-04 14:31:00,2026-02-04 14:35:00,long,93.55,94.12274101939957,0.006122298443608454,0.006103633318063704,0.006103633318063704,0.01221794747193402,94.12274101939957,92.98074413489735,4,take_profit,0.9411477411477411,0.006103633318063704
2026-02-04 14:36:00,2026-02-04 14:40:00,long,94.6,94.02435483870967,-0.0060850439882698115,0.006103633318063704,-0.006103633318063735,0.00105652413420009,95.17916943276535,94.02435483870967,4,stop_loss,0.9791628510378511,0.006103633318063704
2026-02-04 14:41:00,2026-02-04 14:43:00,long,94.08,94.65598583757468,0.006122298443608454,0.006103633318063704,0.006103633318063704,0.006568516041715825,94.65598583757468,93.50751906158358,2,take_profit,0.9928304334554334,0.006103633318063704
2026-02-04 14:44:00,2026-02-04 14:52:00,long,94.4,93.82557184750733,-0.0060850439882698115,0.006103633318063704,-0.006103633318063735,0.0031729270405774918,94.97794497307665,93.82557184750733,8,stop_loss,0.9897893772893773,0.006103633318063704
2026-02-04 14:53:00,2026-02-04 14:55:00,long,93.67,94.24347569521281,0.006122298443608454,0.006103633318063704,0.006103633318063704,0.0027718567853848223,94.24347569521281,93.10001392961877,2,take_profit,0.9839514652014651,0.006103633318063704
2026-02-04 14:56:00,2026-02-04 14:58:00,long,93.76,93.18946627565983,-0.0060850439882698115,0.006103633318063704,-0.006103633318063735,0.0007463084732557022,94.33402670207273,93.18946627565983,2,stop_loss,0.9897970085470086,0.006103633318063704
2026-02-04 14:59:00,2026-02-04 15:02:00,long,93.02,92.45396920821113,-0.0060850439882698115,0.006103633318063704,-0.006103633318063735,0.008670110506007295,93.58949620122445,92.45396920821113,3,stop_loss,0.9849358974358975,0.006103633318063704
2026-02-04 15:03:00,2026-02-04 15:06:00,long,93.18,92.61299560117303,-0.0060850439882698115,0.006103633318063704,-0.006103633318063735,0.006951527913307565,93.75047576897545,92.61299560117303,3,stop_loss,0.9875,0.006103633318063704
2026-02-04 15:07:00,2026-02-04 15:09:00,long,93.16,93.73035332300655,0.006122298443608454,0.006103633318063704,0.006103633318063704,0.007166189285817963,93.73035332300655,92.59311730205278,2,take_profit,0.9938072344322344,0.006103633318063704
2026-02-04 15:10:00,2026-02-04 15:26:00,long,93.33,93.90139411374197,0.006122298443608454,0.006103633318063704,0.006103633318063704,0.0053430347243030255,93.90139411374197,92.76208284457478,16,take_profit,0.992639652014652,0.006103633318063704
2026-02-04 15:27:00,2026-02-04 15:33:00,long,93.26,92.69250879765396,-0.0060850439882699225,0.006103633318063704,-0.006103633318063847,0.0016071145045825433,93.83096555285093,92.69250879765396,6,stop_loss,0.9934485653235653,0.006103633318063704
2026-02-04 15:34:00,2026-02-04 15:36:00,long,92.09,91.52962829912023,-0.0060850439882698115,0.006103633318063704,-0.006103633318063735,0.008757286086517161,92.65380246367191,91.52962829912023,2,stop_loss,0.9871527777777778,0.006103633318063704
2026-02-04 15:37:00,2026-02-04 15:39:00,long,91.83,92.39221066607656,0.006122298443608454,0.006103633318063704,0.006103633318063704,0.011584604194362006,92.39221066607656,91.27121041055719,2,take_profit,0.9918956043956044,0.006103633318063704
2026-02-04 15:40:00,2026-02-04 16:06:00,long,92.38,92.94557793022055,0.006122298443608454,0.006103633318063704,0.006103633318063704,0.0056131408173336035,92.94557793022055,91.81786363636363,26,take_profit,0.9937309218559218,0.006103633318063704
2026-02-04 16:07:00,2026-02-04 16:12:00,long,92.33,92.89527181529837,0.006122298443608454,0.006103633318063704,0.006103633318063704,0.005616172014178309,92.89527181529837,91.76816788856304,5,take_profit,0.9753891941391941,0.006103633318063704
2026-02-04 16:13:00,2026-02-04 16:16:00,long,92.56,91.99676832844575,-0.0060850439882698115,0.006103633318063704,-0.006103633318063735,0.0014035090023200904,93.1266799439404,91.99676832844575,3,stop_loss,0.9783959096459096,0.006103633318063704
2026-02-04 16:17:00,2026-02-04 16:27:00,long,91.85,92.41233311204543,0.006122298443608454,0.006103633318063704,0.006103633318063704,0.009103780226606727,92.41233311204543,91.29108870967741,10,take_profit,0.9902701465201466,0.006103633318063704
2026-02-04 16:28:00,2026-02-04 16:33:00,long,92.45,91.88743768328446,-0.0060850439882698115,0.006103633318063704,-0.006103633318063735,0.002592634054607289,93.01600649111161,91.88743768328446,5,stop_loss,0.9819711538461539,0.006103633318063704
2026-02-04 16:34:00,2026-02-04 16:37:00,long,91.81,91.25133211143695,-0.0060850439882698115,0.006103633318063704,-0.006103633318063735,0.005539578604180685,92.3720882201077,91.25133211143695,3,stop_loss,0.9911439255189255,0.006103633318063704
2026-02-04 16:38:00,2026-02-04 16:50:00,long,91.06,91.61749649627498,0.006122298443608454,0.006103633318063704,0.006103633318063704,0.013742172853153252,91.61749649627498,90.50589589442815,12,take_profit,0.9847756410256411,0.006103633318063704
2026-02-04 16:51:00,2026-02-04 17:01:00,long,91.58,92.14068009146565,0.006122298443608454,0.006103633318063704,0.006103633318063704,0.008047895530840064,92.14068009146565,91.02273167155425,10,take_profit,0.9831578144078144,0.006103633318063704
2026-02-04 17:02:00,2026-02-04 17:13:00,long,91.36,91.91933318580807,0.006122298443608454,0.006103633318063704,0.006103633318063704,0.01045305685208922,91.91933318580807,90.80407038123167,11,take_profit,0.9843597374847375,0.006103633318063704
2026-02-04 17:14:00,2026-02-04 17:20:00,long,92.1,91.53956744868034,-0.0060850439882698115,0.006103633318063704,-0.006103633318063735,0.00238585949852836,92.66386368665633,91.53956744868034,6,stop_loss,0.9747901404151404,0.006103633318063704
2026-02-04 17:21:00,2026-02-04 17:27:00,long,91.4,90.84382697947214,-0.0060850439882698115,0.006103633318063704,-0.006103633318063735,0.0010934938213712896,91.95957807774582,90.84382697947214,6,stop_loss,0.9933073870573871,0.006103633318063704
2026-02-04 17:28:00,2026-02-04 17:31:00,long,90.54,91.09431290108432,0.006122298443608454,0.006103633318063704,0.006103633318063704,0.010547230273663014,91.09431290108432,89.98906011730206,3,take_profit,0.9858783577533577,0.006103633318063704
2026-02-04 17:32:00,2026-02-04 17:38:00,long,90.8,90.2474780058651,-0.0060850439882697005,0.006103633318063704,-0.006103633318063623,0.0117152486761275,91.35590469867965,90.2474780058651,6,stop_loss,0.9802274114774114,0.006103633318063704
2026-02-04 17:39:00,2026-02-04 17:42:00,long,90.27,90.82265988050453,0.006122298443608454,0.006103633318063704,0.006103633318063704,0.02505190357535776,90.82265988050453,89.72070307917888,3,take_profit,0.9921169108669109,0.006103633318063704
2026-02-04 17:43:00,2026-02-04 17:57:00,long,90.99,91.54706793538392,0.006122298443608454,0.006103633318063704,0.006103633318063704,0.022064913427351632,91.54706793538392,90.43632184750733,14,take_profit,0.9899496336996337,0.006103633318063704
2026-02-04 17:58:00,2026-02-04 18:05:00,long,91.3,90.74443548387096,-0.0060850439882698115,0.006103633318063704,-0.006103633318063735,0.018663736195028088,91.85896584790144,90.74443548387096,7,stop_loss,0.9687652625152625,0.006103633318063704
2026-02-04 18:06:00,2026-02-04 18:09:00,long,91.16,90.60528739002932,-0.0060850439882698115,0.006103633318063704,-0.006103633318063735,0.02545217806987208,91.71810872611934,90.60528739002932,3,stop_loss,0.9882974664224664,0.006103633318063704
2026-02-04 18:10:00,2026-02-04 18:15:00,long,91.11,90.55559164222873,-0.0060850439882698115,0.006103633318063704,-0.006103633318063735,0.02899067279508014,91.66780261119716,90.55559164222873,5,stop_loss,0.9791590354090354,0.006103633318063704
2026-02-04 18:16:00,2026-02-04 18:19:00,long,90.37,90.9232721103489,0.006122298443608454,0.006103633318063704,0.006103633318063704,0.041720119358030563,90.9232721103489,89.82009457478006,3,take_profit,0.9887782356532356,0.006103633318063704
2026-02-04 18:20:00,2026-02-04 18:28:00,long,90.68,91.23517002286643,0.006122298443608454,0.006103633318063704,0.006103633318063704,0.038295647632566786,91.23517002286643,90.1282082111437,8,take_profit,0.9859737484737485,0.006103633318063704
2026-02-04 18:29:00,2026-02-04 18:38:00,long,91.68,92.24129232131003,0.006122298443608454,0.006103633318063704,0.006103633318063704,0.027328220305465604,92.24129232131003,91.12212316715544,9,take_profit,0.9644230769230769,0.006103633318063704
2026-02-04 18:39:00,2026-02-04 18:40:00,long,92.47,93.03612893708048,0.006122298443608454,0.006103633318063704,0.006103633318063704,0.01874820568234789,93.03612893708048,91.90731598240468,1,take_profit,0.985176282051282,0.006103633318063704
2026-02-04 18:41:00,2026-02-04 19:02:00,long,92.67,93.2373533967692,0.006122298443608454,0.006103633318063704,0.006103633318063704,0.01658767767329491,93.2373533967692,92.10609897360703,21,take_profit,0.9903693528693529,0.006103633318063704
2026-02-04 19:03:00,2026-02-04 19:15:00,long,93.43,94.00200634358634,0.006122298443608454,0.006103633318063704,0.006103633318063704,0.011810532560226078,94.00200634358634,92.86147434017596,12,take_profit,0.986626221001221,0.006103633318063704
2026-02-04 19:16:00,2026-02-04 19:20:00,long,94.22,93.64666715542522,-0.0060850439882698115,0.006103633318063704,-0.006103633318063735,0.0033905520931952395,94.79684295935678,93.64666715542522,4,stop_loss,0.982925061050061,0.006103633318063704
2026-02-04 19:21:00,2026-02-04 19:35:00,long,93.34,93.91145533672642,0.006122298443608454,0.006103633318063704,0.006103633318063704,0.01277428484342078,93.91145533672642,92.7720219941349,14,take_profit,0.9907471001221001,0.006103633318063704
2026-02-04 19:36:00,2026-02-04 19:46:00,long,93.68,94.25353691819724,0.006122298443608454,0.006103633318063704,0.006103633318063704,0.009138306075628294,94.25353691819724,93.1099530791789,10,take_profit,0.9747405372405372,0.006103633318063704
2026-02-04 19:47:00,2026-02-04 20:08:00,long,94.24,93.66654545454544,-0.0060850439882699225,0.006103633318063704,-0.006103633318063847,0.0031783054618138816,94.81696540532566,93.66654545454544,21,stop_loss,0.9610767704517704,0.006103633318063704
2026-02-04 20:09:00,2026-02-04 20:31:00,long,93.71,93.13977052785923,-0.0060850439882698115,0.006103633318063704,-0.006103633318063735,0.004153139455601764,94.28372058715054,93.13977052785923,22,stop_loss,0.9356646825396825,0.006103633318063704
2026-02-04 20:32:00,2026-02-04 21:06:00,long,93.13,92.56329985337243,-0.0060850439882698115,0.006103633318063704,-0.006103633318063735,0.0028949787012304933,93.70016965405325,92.56329985337243,34,stop_loss,0.9433913308913309,0.006103633318063704
2026-02-04 21:07:00,2026-02-04 21:24:00,long,92.45,91.88743768328446,-0.0060850439882698115,0.006103633318063704,-0.006103633318063735,0.003239743654410575,93.01600649111161,91.88743768328446,17,stop_loss,0.9336423992673992,0.006103633318063704
2026-02-04 21:25:00,2026-02-04 21:44:00,long,91.89,91.33084530791788,-0.0060850439882698115,0.006103633318063704,-0.006103633318063735,0.005318295489665767,92.45257800398318,91.33084530791788,19,stop_loss,0.9331807081807082,0.006103633318063704
2026-02-04 21:45:00,2026-02-04 21:48:00,long,91.45,90.89352272727272,-0.0060850439882698115,0.006103633318063704,-0.006103633318063735,0.014762017770426697,92.009884192668,90.89352272727272,3,stop_loss,0.9424374236874237,0.006103633318063704
2026-02-04 21:49:00,2026-02-04 21:57:00,long,90.78,91.33578225271077,0.006122298443608454,0.006103633318063704,0.006103633318063704,0.02211539557898182,91.33578225271077,90.22759970674487,8,take_profit,0.9543650793650794,0.006103633318063704
2026-02-04 21:58:00,2026-02-04 22:02:00,long,91.21,90.6549831378299,-0.0060850439882698115,0.006103633318063704,-0.006103633318063735,0.01738985241523453,91.76841484104152,90.6549831378299,4,stop_loss,0.9575434981684982,0.006103633318063704
2026-02-04 22:03:00,2026-02-04 22:05:00,long,90.67,90.11826906158358,-0.0060850439882698115,0.006103633318063704,-0.006103633318063735,0.02332785094933671,91.22510879988198,90.11826906158358,2,stop_loss,0.9743856837606838,0.006103633318063704
2026-02-04 22:06:00,2026-02-04 22:07:00,long,89.49,90.03788448771851,0.006122298443608454,0.006103633318063704,0.006103633318063704,0.03642750541253469,90.03788448771851,88.94544941348973,1,take_profit,0.9867941086691087,0.006103633318063704
2026-02-04 22:08:00,2026-02-04 22:14:00,long,89.74,90.28941506232941,0.006122298443608454,0.006103633318063704,0.006103633318063704,0.03363779205946428,90.28941506232941,89.19392815249266,6,take_profit,0.9970352564102564,0.006103633318063704
2026-02-04 22:15:00,2026-02-04 22:21:00,long,90.85,91.40621081360182,0.006122298443608454,0.006103633318063704,0.006103633318063704,0.021344597765121247,91.40621081360182,90.29717375366569,6,take_profit,0.9806776556776556,0.006103633318063704
2026-02-04 22:22:00,2026-02-04 22:24:00,long,91.83,92.39221066607656,0.006122298443608454,0.006103633318063704,0.006103633318063704,0.010615350981870617,92.39221066607656,91.27121041055719,2,take_profit,0.9875038156288156,0.006103633318063704
2026-02-04 22:25:00,2026-02-04 22:43:00,long,92.32,91.75822873900293,-0.0060850439882697005,0.006103633318063704,-0.006103633318063623,0.005293589847512047,92.88521059231392,91.75822873900293,18,stop_loss,0.9961233211233211,0.006103633318063704
2026-02-04 22:44:00,2026-02-04 22:45:00,long,91.11,91.66780261119716,0.006122298443608454,0.006103633318063704,0.006103633318063704,0.017947944661563908,91.66780261119716,90.55559164222873,1,take_profit,0.9938606532356532,0.006103633318063704
2026-02-04 22:46:00,2026-02-04 22:54:00,long,91.46,90.90346187683284,-0.0060850439882698115,0.006103633318063704,-0.006103633318063735,0.014113794157421866,92.01994541565243,90.90346187683284,8,stop_loss,0.9961538461538462,0.006103633318063704
2026-02-04 22:55:00,2026-02-04 22:57:00,long,91.36,90.80407038123167,-0.0060850439882698115,0.006103633318063704,-0.006103633318063735,0.015207766479630938,91.91933318580807,90.80407038123167,2,stop_loss,0.9920444139194139,0.006103633318063704
2026-02-04 22:58:00,2026-02-04 23:06:00,long,90.77,90.21766055718474,-0.0060850439882698115,0.006103633318063704,-0.006103633318063735,0.021686677848795168,91.32572102972634,90.21766055718474,8,stop_loss,0.9865499084249084,0.006103633318063704
2026-02-04 23:07:00,2026-02-04 23:17:00,long,90.73,91.28547613778859,0.006122298443608454,0.006103633318063704,0.006103633318063704,0.02212744920579343,91.28547613778859,90.17790395894428,10,take_profit,0.9850541819291819,0.006103633318063704
2026-02-04 23:18:00,2026-02-04 23:25:00,long,91.38,91.93945563177694,0.006122298443608454,0.006103633318063704,0.006103633318063704,0.014988876252205552,91.93945563177694,90.8239486803519,7,take_profit,0.9892971611721612,0.006103633318063704
2026-02-04 23:26:00,2026-02-04 23:36:00,long,91.96,92.52300656487422,0.006122298443608454,0.006103633318063704,0.006103633318063704,0.00866181249235025,92.52300656487422,91.4004193548387,10,take_profit,0.9904265873015873,0.006103633318063704
2026-02-04 23:37:00,2026-02-05 00:02:00,long,92.52,91.95701173020527,-0.0060850439882699225,0.006103633318063704,-0.006103633318063847,0.0025906750240924626,93.08643505200266,91.95701173020527,25,stop_loss,0.9795863858363858,0.006103633318063704
2026-02-05 00:03:00,2026-02-05 00:27:00,long,92.0,92.56325145681198,0.006122298443608454,0.006103633318063704,0.006103633318063704,0.006068505836380879,92.56325145681198,91.44017595307918,24,take_profit,0.9469894688644689,0.006103633318063704
2026-02-05 00:28:00,2026-02-05 00:32:00,long,92.48,91.91725513196481,-0.0060850439882698115,0.006103633318063704,-0.006103633318063735,0.0008646779613537528,93.04619016006491,91.91725513196481,4,stop_loss,0.9092872405372405,0.006103633318063704
2026-02-05 00:33:00,2026-02-05 01:09:00,long,91.67,92.2312310983256,0.006122298443608454,0.006103633318063704,0.006103633318063704,0.00890535859248431,92.2312310983256,91.11218401759531,36,take_profit,0.9365041208791208,0.006103633318063704
2026-02-05 01:10:00,2026-02-05 01:16:00,long,92.44,91.87749853372434,-0.0060850439882698115,0.006103633318063704,-0.006103633318063735,0.0030244136253163552,93.00594526812716,91.87749853372434,6,stop_loss,0.9086691086691087,0.006103633318063704
2026-02-05 01:17:00,2026-02-05 01:21:00,long,91.21,90.6549831378299,-0.0060850439882698115,0.006103633318063704,-0.006103633318063735,0.01641965883942933,91.76841484104152,90.6549831378299,4,stop_loss,0.9504387973137973,0.006103633318063704
2026-02-05 01:22:00,2026-02-05 01:25:00,long,90.59,91.14461901600649,0.006122298443608454,0.006103633318063704,0.006103633318063704,0.02324036735029979,91.14461901600649,90.03875586510264,3,take_profit,0.964175061050061,0.006103633318063704
2026-02-05 01:26:00,2026-02-05 01:27:00,long,91.52,92.08031275355904,0.006122298443608454,0.006103633318063704,0.006103633318063704,0.013026671400008514,92.08031275355904,90.96309677419355,1,take_profit,0.9878510378510379,0.006103633318063704
2026-02-05 01:28:00,2026-02-05 01:40:00,long,92.4,91.83774193548388,-0.0060850439882698115,0.006103633318063704,-0.006103633318063735,0.0034572203838577208,92.96570037618943,91.83774193548388,12,stop_loss,0.9854510073260073,0.006103633318063704
2026-02-05 01:41:00,2026-02-05 02:06:00,long,91.88,91.32090615835777,-0.0060850439882697005,0.006103633318063704,-0.006103633318063623,0.006833368962329789,92.44251678099874,91.32090615835777,25,stop_loss,0.9936126373626374,0.006103633318063704
2026-02-05 02:07:00,2026-02-05 02:17:00,long,91.25,90.69473973607037,-0.0060850439882698115,0.006103633318063704,-0.006103633318063735,0.013821844900637452,91.80865973297927,90.69473973607037,10,stop_loss,0.975801282051282,0.006103633318063704
2026-02-05 02:18:00,2026-02-05 02:30:00,long,91.23,91.7885372870104,0.006122298443608454,0.006103633318063704,0.006103633318063704,0.014041047005855315,91.7885372870104,90.67486143695015,12,take_profit,0.9842071123321123,0.006103633318063704
2026-02-05 02:31:00,2026-02-05 02:35:00,long,91.95,92.5129453418898,0.006122298443608454,0.006103633318063704,0.006103633318063704,0.006179886312908157,92.5129453418898,91.39048020527859,4,take_profit,0.9653540903540904,0.006103633318063704
2026-02-05 02:36:00,2026-02-05 02:47:00,long,92.5,91.93713343108504,-0.0060850439882698115,0.006103633318063704,-0.006103633318063735,0.0002161928448589646,93.06631260603378,91.93713343108504,11,stop_loss,0.9756257631257631,0.006103633318063704
2026-02-05 02:48:00,2026-02-05 02:59:00,long,91.24,90.68480058651026,-0.0060850439882697005,0.006103633318063704,-0.006103633318063623,0.002954858511099673,91.79859850999483,90.68480058651026,11,stop_loss,0.956990231990232,0.006103633318063704
2026-02-05 03:00:00,2026-02-05 03:06:00,long,91.17,90.61522653958944,-0.0060850439882698115,0.006103633318063704,-0.006103633318063735,0.0037223603304753746,91.72816994910379,90.61522653958944,6,stop_loss,0.9753472222222223,0.006103633318063704
2026-02-05 03:07:00,2026-02-05 03:09:00,long,90.68,91.23517002286643,0.006122298443608454,0.006103633318063704,0.006103633318063704,0.009111430287958449,91.23517002286643,90.1282082111437,2,take_profit,0.9844207875457875,0.006103633318063704
2026-02-05 03:10:00,2026-02-05 03:13:00,long,91.51,90.95315762463343,-0.0060850439882698115,0.006103633318063704,-0.006103633318063735,-0.001749973103271193,92.07025153057461,90.95315762463343,3,stop_loss,0.9850961538461539,0.006103633318063704
2026-02-05 03:14:00,2026-02-05 03:16:00,long,90.78,90.22759970674487,-0.0060850439882698115,0.006103633318063704,-0.006103633318063735,0.0060403236752679754,91.33578225271077,90.22759970674487,2,stop_loss,0.9934752747252747,0.006103633318063704
2026-02-05 03:17:00,2026-02-05 03:20:00,long,90.39,90.94339455631777,0.006122298443608454,0.006103633318063704,0.006103633318063704,0.010345678893267965,90.94339455631777,89.8399728739003,3,take_profit,0.9910294566544566,0.006103633318063704
2026-02-05 03:21:00,2026-02-05 04:08:00,long,91.11,90.55559164222873,-0.0060850439882698115,0.006103633318063704,-0.006103633318063735,0.002411752977820566,91.66780261119716,90.55559164222873,47,stop_loss,0.9657699938949939,0.006103633318063704
2026-02-05 04:09:00,2026-02-05 04:10:00,long,91.06,91.61749649627498,0.006122298443608454,0.006103633318063704,0.006103633318063704,0.008311508914439908,91.61749649627498,90.50589589442815,1,take_profit,0.9414911477411477,0.006103633318063704
2026-02-05 04:11:00,2026-02-05 04:14:00,long,91.15,90.5953482404692,-0.0060850439882699225,0.006103633318063704,-0.006103633318063847,0.007323637696403725,91.70804750313492,90.5953482404692,3,stop_loss,0.9638850732600732,0.006103633318063704
2026-02-05 04:15:00,2026-02-05 04:20:00,long,90.59,91.14461901600649,0.006122298443608454,0.006103633318063704,0.006103633318063704,0.01348630713987947,91.14461901600649,90.03875586510264,5,take_profit,0.9771253052503053,0.006103633318063704
2026-02-05 04:21:00,2026-02-05 04:27:00,long,91.25,90.69473973607037,-0.0060850439882698115,0.006103633318063704,-0.006103633318063735,0.006227146358474995,91.80865973297927,90.69473973607037,6,stop_loss,0.9596077533577534,0.006103633318063704
2026-02-05 04:28:00,2026-02-05 04:42:00,long,90.94,91.49676182046176,0.006122298443608454,0.006103633318063704,0.006103633318063704,0.0096301904242115,91.49676182046176,90.38662609970675,14,take_profit,0.9664758852258852,0.006103633318063704
2026-02-05 04:43:00,2026-02-05 04:53:00,long,91.72,91.1618797653959,-0.0060850439882698115,0.006103633318063704,-0.006103633318063735,0.0010896808313722204,92.28153721324776,91.1618797653959,10,stop_loss,0.9570703601953602,0.006103633318063704
2026-02-05 04:54:00,2026-02-05 05:13:00,long,91.04,91.59737405030612,0.006122298443608454,0.006103633318063704,0.006103633318063704,0.008095438588666555,91.59737405030612,90.48601759530793,19,take_profit,0.9423611111111111,0.006103633318063704
2026-02-05 05:14:00,2026-02-05 05:20:00,long,91.43,90.8736444281525,-0.0060850439882698115,0.006103633318063704,-0.006103633318063735,0.0038207567903522774,91.98976174669913,90.8736444281525,6,stop_loss,0.950873778998779,0.006103633318063704
2026-02-05 05:21:00,2026-02-05 05:23:00,long,90.47,89.91948607038123,-0.0060850439882698115,0.006103633318063704,-0.006103633318063735,0.014376104929037322,91.02388434019326,89.91948607038123,2,stop_loss,0.9582303113553113,0.006103633318063704
2026-02-05 05:24:00,2026-02-05 05:29:00,long,90.22,90.77235376558235,0.006122298443608454,0.006103633318063704,0.006103633318063704,0.017143276986437656,90.77235376558235,89.67100733137829,5,take_profit,0.9754769536019536,0.006103633318063704
2026-02-05 05:30:00,2026-02-05 05:32:00,long,90.43,89.87972947214077,-0.0060850439882698115,0.006103633318063704,-0.006103633318063735,0.014818338214298558,90.98363944825552,89.87972947214077,2,stop_loss,0.9853174603174604,0.006103633318063704
2026-02-05 05:33:00,2026-02-05 05:37:00,long,90.32,90.87296599542671,0.006122298443608454,0.006103633318063704,0.006103633318063704,0.0160354891252809,90.87296599542671,89.77039882697946,4,take_profit,0.988404304029304,0.006103633318063704
2026-02-05 05:38:00,2026-02-05 05:41:00,long,91.24,91.79859850999483,0.006122298443608454,0.006103633318063704,0.006103633318063704,0.00590101155050022,91.79859850999483,90.68480058651026,3,take_profit,0.9807692307692307,0.006103633318063704
2026-02-05 05:42:00,2026-02-05 05:47:00,long,91.73,91.17181891495602,-0.0060850439882697005,0.006103633318063704,-0.006103633318063623,0.0005449294451231724,92.2915984362322,91.17181891495602,5,stop_loss,0.984672619047619,0.006103633318063704
2026-02-05 05:48:00,2026-02-05 06:03:00,long,91.22,90.66492228739003,-0.0060850439882698115,0.006103633318063704,-0.006103633318063735,0.0033926161131335687,91.77847606402597,90.66492228739003,15,stop_loss,0.9819520757020757,0.006103633318063704
2026-02-05 06:04:00,2026-02-05 06:07:00,long,90.03,90.58119052887807,0.006122298443608454,0.006103633318063704,0.006103633318063704,0.015868101547887727,90.58119052887807,89.48216348973607,3,take_profit,0.9816926129426129,0.006103633318063704
2026-02-05 06:08:00,2026-02-05 07:01:00,long,90.01,90.5610680829092,0.006122298443608454,0.006103633318063704,0.006103633318063704,0.016090274399279157,90.5610680829092,89.46228519061584,53,take_profit,0.9863095238095239,0.006103633318063704
2026-02-05 07:02:00,2026-02-05 07:08:00,long,91.34,90.78419208211145,-0.0060850439882697005,0.006103633318063704,-0.006103633318063623,0.0027332876580432237,91.8992107398392,90.78419208211145,6,stop_loss,0.9617101648351648,0.006103633318063704
2026-02-05 07:09:00,2026-02-05 07:22:00,long,90.78,91.33578225271077,0.006122298443608454,0.006103633318063704,0.006103633318063704,0.008883098386576697,91.33578225271077,90.22759970674487,13,take_profit,0.9898733211233212,0.006103633318063704
2026-02-05 07:23:00,2026-02-05 07:57:00,long,91.14,90.5854090909091,-0.0060850439882697005,0.006103633318063704,-0.006103633318063623,0.004925309579159602,91.69798628015047,90.5854090909091,34,stop_loss,0.9635912698412699,0.006103633318063704
2026-02-05 07:58:00,2026-02-05 08:06:00,long,90.42,90.97357822527108,0.006122298443608454,0.006103633318063704,0.006103633318063704,0.02047031141102629,90.97357822527108,89.86979032258064,8,take_profit,0.9059561965811965,0.006103633318063704
2026-02-05 08:07:00,2026-02-05 08:27:00,long,91.3,91.85896584790144,0.006122298443608454,0.006103633318063704,0.006103633318063704,0.010785005676562572,91.85896584790144,90.74443548387096,20,take_profit,0.925236568986569,0.006103633318063704
2026-02-05 08:28:00,2026-02-05 08:31:00,long,91.61,92.17086376041897,0.006122298443608454,0.006103633318063704,0.006103633318063704,0.017743622496807672,92.17086376041897,91.0525491202346,3,take_profit,0.9521024114774115,0.006103633318063704
2026-02-05 08:32:00,2026-02-05 09:08:00,long,92.2,92.7644759165007,0.006122298443608454,0.006103633318063704,0.006103633318063704,0.011323927961376799,92.7644759165007,91.63895894428153,36,take_profit,0.9671092796092796,0.006103633318063704
2026-02-05 09:09:00,2026-02-05 09:16:00,long,92.76,93.32790440362912,0.006122298443608454,0.006103633318063704,0.006103633318063704,0.005268546136593942,93.32790440362912,92.1955513196481,7,take_profit,0.9631410256410257,0.006103633318063704
2026-02-05 09:17:00,2026-02-05 09:32:00,long,93.07,92.50366495601172,-0.0060850439882698115,0.006103633318063704,-0.006103633318063735,0.00010744023647183512,93.63980231614663,92.50366495601172,15,stop_loss,0.9653159340659341,0.006103633318063704
2026-02-05 09:33:00,2026-02-05 10:05:00,long,92.48,91.91725513196481,-0.0060850439882698115,0.006103633318063704,-0.006103633318063735,0.0010807306790570244,93.04619016006491,91.91725513196481,32,stop_loss,0.9311584249084249,0.006103633318063704
2026-02-05 10:06:00,2026-02-05 10:18:00,long,91.75,92.31172088220107,0.006122298443608454,0.006103633318063704,0.006103633318063704,0.007708631625399733,92.31172088220107,91.19169721407624,12,take_profit,0.9153388278388278,0.006103633318063704
2026-02-05 10:23:00,2026-02-05 10:41:00,long,92.29,91.72841129032258,-0.0060850439882698115,0.006103633318063704,-0.006103633318063735,0.0018403252825938976,92.85502692336063,91.72841129032258,18,stop_loss,0.9213369963369963,0.006103633318063704
2026-02-05 10:49:00,2026-02-05 10:52:00,long,90.78,90.22759970674487,-0.0060850439882698115,0.006103633318063704,-0.006103633318063735,0.001321004155113758,91.33578225271077,90.22759970674487,3,stop_loss,0.9367330586080586,0.006103633318063704
2026-02-05 10:53:00,2026-02-05 10:55:00,long,90.5,89.94930351906159,-0.0060850439882698115,0.006103633318063704,-0.006103633318063735,0.0024279892735615456,91.05406800914656,89.94930351906159,2,stop_loss,0.9733440170940171,0.006103633318063704
2026-02-05 10:56:00,2026-02-05 11:21:00,long,90.22,89.67100733137829,-0.0060850439882699225,0.006103633318063704,-0.006103633318063847,0.0055267079991921505,90.77235376558235,89.67100733137829,25,stop_loss,0.9771634615384616,0.006103633318063704
2026-02-05 11:22:00,2026-02-05 11:24:00,long,89.38,88.83611876832843,-0.0060850439882699225,0.006103633318063704,-0.006103633318063847,0.012784343982043592,89.92721103488972,88.83611876832843,2,stop_loss,0.938476800976801,0.006103633318063704
2026-02-05 11:25:00,2026-02-05 11:28:00,long,89.3,88.7566055718475,-0.0060850439882698115,0.006103633318063704,-0.006103633318063735,0.013679799604895654,89.84672125101423,88.7566055718475,3,stop_loss,0.974065170940171,0.006103633318063704
2026-02-05 11:29:00,2026-02-05 11:37:00,long,88.87,89.41408866268348,0.006122298443608454,0.006103633318063704,0.006103633318063704,0.01850665973696507,89.41408866268348,88.32922214076247,8,take_profit,0.9784378815628816,0.006103633318063704
2026-02-05 11:38:00,2026-02-05 11:41:00,long,89.99,90.54094563694032,0.006122298443608454,0.006103633318063704,0.006103633318063704,0.0059827344414919124,90.54094563694032,89.4424068914956,3,take_profit,0.9731417887667888,0.006103633318063704
2026-02-05 11:42:00,2026-02-05 11:50:00,long,90.42,89.86979032258064,-0.0060850439882698115,0.006103633318063704,-0.006103633318063735,0.0012158056208899498,90.97357822527108,89.86979032258064,8,stop_loss,0.9825206043956044,0.006103633318063704
2026-02-05 11:51:00,2026-02-05 12:02:00,long,89.85,90.40008851515822,0.006122298443608454,0.006103633318063704,0.006103633318063704,0.0075396742577811164,90.40008851515822,89.30325879765395,11,take_profit,0.9774191086691086,0.006103633318063704
2026-02-05 12:03:00,2026-02-05 12:08:00,long,90.53,89.97912096774193,-0.0060850439882698115,0.006103633318063704,-0.006103633318063735,-0.00011046672201246145,91.08425167809987,89.97912096774193,5,stop_loss,0.977354242979243,0.006103633318063704
2026-02-05 12:09:00,2026-02-05 12:17:00,long,89.94,89.39271114369501,-0.0060850439882698115,0.006103633318063704,-0.006103633318063735,0.0017773832717307898,90.49063952201814,89.39271114369501,8,stop_loss,0.9799908424908425,0.006103633318063704
2026-02-05 12:18:00,2026-02-05 12:27:00,long,89.18,89.725986575201,0.006122298443608454,0.006103633318063704,0.006103633318063704,0.0074848140302374005,89.725986575201,88.63733577712611,9,take_profit,0.9820779914529915,0.006103633318063704
2026-02-05 12:28:00,2026-02-05 12:31:00,long,89.85,89.30325879765395,-0.0060850439882698115,0.006103633318063704,-0.006103633318063735,-0.0003339455699760782,90.40008851515822,89.30325879765395,3,stop_loss,0.9884958791208791,0.006103633318063704
2026-02-05 12:32:00,2026-02-05 12:37:00,long,89.23,89.77629269012319,0.006122298443608454,0.006103633318063704,0.006103633318063704,0.0065903617475317556,89.77629269012319,88.6870315249267,5,take_profit,0.995127442002442,0.006103633318063704
2026-02-05 12:38:00,2026-02-05 12:55:00,long,89.54,88.99514516129032,-0.0060850439882698115,0.006103633318063704,-0.006103633318063735,0.0031222148467722898,90.08819060264071,88.99514516129032,17,stop_loss,0.9705853174603175,0.006103633318063704
2026-02-05 12:56:00,2026-02-05 13:15:00,long,89.57,89.02496260997067,-0.0060850439882697005,0.006103633318063704,-0.006103633318063623,0.0027872251724880364,90.118374271594,89.02496260997067,19,stop_loss,0.9787545787545787,0.006103633318063704
2026-02-05 13:16:00,2026-02-05 13:47:00,long,88.71,88.17019574780058,-0.0060850439882698115,0.006103633318063704,-0.006103633318063735,0.01198961082129054,89.2531090949325,88.17019574780058,31,stop_loss,0.9733096764346765,0.006103633318063704
2026-02-05 13:48:00,2026-02-05 14:00:00,long,88.22,88.76010916869514,0.006122298443608454,0.006103633318063704,0.006103633318063704,0.032014334079924905,88.76010916869514,87.68317741935483,12,take_profit,0.9135187728937729,0.006103633318063704
2026-02-05 14:01:00,2026-02-05 14:05:00,long,89.78,89.23368475073313,-0.0060850439882698115,0.006103633318063704,-0.006103633318063735,0.014485795402932424,90.32965995426717,89.23368475073313,4,stop_loss,0.9609355921855922,0.006103633318063704
2026-02-05 14:06:00,2026-02-05 14:28:00,long,89.41,89.95739470384302,0.006122298443608454,0.006103633318063704,0.006103633318063704,0.01861549600949187,89.95739470384302,88.8659362170088,22,take_profit,0.9911630036630037,0.006103633318063704
2026-02-05 14:29:00,2026-02-05 14:35:00,long,89.96,90.51076196798701,0.006122298443608454,0.006103633318063704,0.006103633318063704,0.012482901665603565,90.51076196798701,89.41258944281525,6,take_profit,0.9696428571428571,0.006103633318063704
2026-02-05 14:36:00,2026-02-05 14:37:00,long,90.49,91.04400678616213,0.006122298443608454,0.006103633318063704,0.006103633318063704,0.00660868139367669,91.04400678616213,89.93936436950146,1,take_profit,0.991170634920635,0.006103633318063704
2026-02-05 14:38:00,2026-02-05 14:41:00,long,91.09,90.53571334310851,-0.0060850439882697005,0.006103633318063704,-0.006103633318063623,-0.0002195871769913307,91.6476801652283,90.53571334310851,3,stop_loss,0.9869581807081808,0.006103633318063704
2026-02-05 14:42:00,2026-02-05 14:46:00,long,90.48,89.92942521994135,-0.0060850439882698115,0.006103633318063704,-0.006103633318063735,0.001656452258825227,91.0339455631777,89.92942521994135,4,stop_loss,0.9960927960927961,0.006103633318063704
2026-02-05 14:47:00,2026-02-05 14:51:00,long,90.22,89.67100733137829,-0.0060850439882699225,0.006103633318063704,-0.006103633318063847,-0.0032195420538256355,90.77235376558235,89.67100733137829,4,stop_loss,0.9940285409035409,0.006103633318063704
2026-02-05 14:52:00,2026-02-05 14:56:00,long,89.59,89.04484090909091,-0.0060850439882698115,0.006103633318063704,-0.006103633318063735,0.0005579423232390683,90.13849671756289,89.04484090909091,4,stop_loss,0.9901098901098901,0.006103633318063704
2026-02-05 14:57:00,2026-02-05 15:03:00,long,88.43,87.89189956011731,-0.0060850439882698115,0.006103633318063704,-0.006103633318063735,0.0014690098127376494,88.9713948513683,87.89189956011731,6,stop_loss,0.9895871489621489,0.006103633318063704
2026-02-05 15:04:00,2026-02-05 15:05:00,long,88.01,87.47445527859237,-0.0060850439882699225,0.006103633318063704,-0.006103633318063847,-0.007412932389125522,88.54882348602199,87.47445527859237,1,stop_loss,0.9955471611721611,0.006103633318063704
2026-02-05 15:06:00,2026-02-05 15:10:00,long,87.36,86.82841055718475,-0.0060850439882698115,0.006103633318063704,-0.006103633318063735,-0.0009161704717795296,87.89484399203363,86.82841055718475,4,stop_loss,0.9953029609279609,0.006103633318063704
2026-02-05 15:11:00,2026-02-05 15:16:00,long,86.53,87.05976248432545,0.006122298443608454,0.006103633318063704,0.006103633318063704,0.004957068194306566,87.05976248432545,86.00346114369502,5,take_profit,0.9954174297924298,0.006103633318063704
2026-02-05 15:17:00,2026-02-05 15:18:00,long,86.96,86.43084457478005,-0.0060850439882698115,0.006103633318063704,-0.006103633318063735,-0.006344832959646026,87.49239507265618,86.43084457478005,1,stop_loss,0.9983592796092796,0.006103633318063704
2026-02-05 15:19:00,2026-02-05 15:20:00,long,86.41,85.8841913489736,-0.0060850439882698115,0.006103633318063704,-0.006103633318063735,-0.0066183115308647835,86.93902780851221,85.8841913489736,1,stop_loss,0.9988591269841269,0.006103633318063704
2026-02-05 15:21:00,2026-02-05 15:23:00,long,85.19,84.6716151026393,-0.0060850439882698115,0.006103633318063704,-0.006103633318063735,0.004918042699645293,85.711558604411,84.6716151026393,2,stop_loss,0.9987980769230769,0.006103633318063704
2026-02-05 15:24:00,2026-02-05 15:25:00,long,84.94,85.4600280298001,0.006122298443608454,0.006103633318063704,0.006103633318063704,0.009374336284705975,85.4600280298001,84.42313636363636,1,take_profit,0.9983287545787546,0.006103633318063704
2026-02-05 15:26:00,2026-02-05 15:29:00,long,84.83,84.31380571847507,-0.0060850439882698115,0.006103633318063704,-0.006103633318063735,0.010670207350187626,85.34935457697131,84.31380571847507,3,stop_loss,0.9994200244200244,0.006103633318063704
2026-02-05 15:30:00,2026-02-05 15:32:00,long,84.88,84.36350146627565,-0.0060850439882698115,0.006103633318063704,-0.006103633318063735,0.010080966864103409,85.39966069189349,84.36350146627565,2,stop_loss,0.9982600732600733,0.006103633318063704
2026-02-05 15:33:00,2026-02-05 15:35:00,long,83.86,84.373415947481,0.006122298443608454,0.006103633318063704,0.006103633318063704,0.022170719427214294,84.373415947481,83.34970821114369,2,take_profit,0.9991414835164835,0.006103633318063704
2026-02-05 15:36:00,2026-02-05 15:38:00,long,84.05,84.56457918418529,0.006122298443608454,0.006103633318063704,0.006103633318063704,0.0199076013152064,84.56457918418529,83.53855205278592,2,take_profit,0.9995115995115995,0.006103633318063704
2026-02-05 15:39:00,2026-02-05 15:41:00,long,85.2,85.72161982739544,0.006122298443608454,0.006103633318063704,0.006103633318063704,0.006318027334560873,85.72161982739544,84.68155425219942,2,take_profit,0.9993513431013431,0.006103633318063704
2026-02-05 15:42:00,2026-02-05 15:45:00,long,85.53,85.00954618768328,-0.0060850439882698115,0.006103633318063704,-0.006103633318063735,0.002452269577140696,86.05364018588183,85.00954618768328,3,stop_loss,0.9991720085470085,0.006103633318063704
2026-02-05 15:46:00,2026-02-05 15:50:00,long,84.48,84.99721177251605,0.006122298443608454,0.006103633318063704,0.006103633318063704,0.014804641211879677,84.99721177251605,83.96593548387096,4,take_profit,0.9998626373626374,0.006103633318063704
2026-02-05 15:51:00,2026-02-05 15:53:00,long,85.61,85.08905938416422,-0.0060850439882699225,0.006103633318063704,-0.006103633318063847,0.001517362415436606,86.13412996975732,85.08905938416422,2,stop_loss,0.9959897741147741,0.006103633318063704
2026-02-05 15:54:00,2026-02-05 15:57:00,long,84.72,84.20447507331379,-0.0060850439882697005,0.006103633318063704,-0.006103633318063623,0.012317593709179146,85.2386811241425,84.20447507331379,3,stop_loss,0.997706807081807,0.006103633318063704
2026-02-05 15:58:00,2026-02-05 16:03:00,long,84.52,84.00569208211144,-0.0060850439882697005,0.006103633318063704,-0.006103633318063623,0.014681102254474224,85.03745666445379,84.00569208211144,5,stop_loss,0.9983211233211233,0.006103633318063704
2026-02-05 16:04:00,2026-02-05 16:06:00,long,84.06,84.57464040716972,0.006122298443608454,0.006103633318063704,0.006103633318063704,0.020138465425359423,84.57464040716972,83.54849120234604,2,take_profit,0.9936622405372405,0.006103633318063704
2026-02-05 16:07:00,2026-02-05 16:10:00,long,84.32,84.83623220476505,0.006122298443608454,0.006103633318063704,0.006103633318063704,0.017050210209278053,84.83623220476505,83.80690909090909,3,take_profit,0.9919681013431013,0.006103633318063704
2026-02-05 16:11:00,2026-02-05 16:14:00,long,84.28,83.76715249266861,-0.0060850439882699225,0.006103633318063704,-0.006103633318063847,0.01752470606634182,84.79598731282732,83.76715249266861,3,stop_loss,0.9938224969474969,0.006103633318063704
2026-02-05 16:15:00,2026-02-05 16:16:00,long,84.07,84.58470163015416,0.006122298443608454,0.006103633318063704,0.006103633318063704,0.020019509855124608,84.58470163015416,83.55843035190615,1,take_profit,0.9959783272283272,0.006103633318063704
2026-02-05 16:17:00,2026-02-05 16:19:00,long,84.65,84.13490102639297,-0.0060850439882698115,0.006103633318063704,-0.006103633318063735,0.013144186423185648,85.16825256325146,84.13490102639297,2,stop_loss,0.9948374542124542,0.006103633318063704
2026-02-05 16:20:00,2026-02-05 16:22:00,long,84.22,84.73561997492071,0.006122298443608454,0.006103633318063704,0.006103633318063704,0.018236872268548403,84.73561997492071,83.70751759530792,2,take_profit,0.9975961538461539,0.006103633318063704
2026-02-05 16:23:00,2026-02-05 16:24:00,long,84.82,85.33929335398686,0.006122298443608454,0.006103633318063704,0.006103633318063704,0.011137930955885434,85.33929335398686,84.30386656891494,1,take_profit,0.9915025946275946,0.006103633318063704
2026-02-05 16:25:00,2026-02-05 16:30:00,long,85.44,85.9630891790219,0.006122298443608454,0.006103633318063704,0.006103633318063704,0.003854919790445421,85.9630891790219,84.92009384164223,5,take_profit,0.9926205738705739,0.006103633318063704
2026-02-05 16:31:00,2026-02-05 16:40:00,long,85.47,84.94991129032258,-0.0060850439882698115,0.006103633318063704,-0.006103633318063735,0.0035038578244035233,85.99327284797522,84.94991129032258,9,stop_loss,0.9939903846153846,0.006103633318063704
2026-02-05 16:41:00,2026-02-05 16:45:00,long,84.9,84.3833797653959,-0.0060850439882698115,0.006103633318063704,-0.006103633318063735,0.01019520168502848,85.41978313786237,84.3833797653959,4,stop_loss,0.9928952991452992,0.006103633318063704
2026-02-05 16:46:00,2026-02-05 16:49:00,long,84.23,84.74568119790514,0.006122298443608454,0.006103633318063704,0.006103633318063704,0.018118142675057704,84.74568119790514,83.71745674486803,3,take_profit,0.9854433760683761,0.006103633318063704
2026-02-05 16:50:00,2026-02-05 16:52:00,long,85.0,85.52039536770671,0.006122298443608454,0.006103633318063704,0.006103633318063704,0.009018038512013693,85.52039536770671,84.48277126099707,2,take_profit,0.9922428266178266,0.006103633318063704
2026-02-05 16:53:00,2026-02-05 16:56:00,long,85.68,85.15863343108505,-0.0060850439882698115,0.006103633318063704,-0.006103633318063735,0.0009332711829985259,86.20455853064838,85.15863343108505,3,stop_loss,0.9895566239316239,0.006103633318063704
2026-02-05 16:57:00,2026-02-05 17:02:00,long,85.44,84.92009384164223,-0.0060850439882698115,0.006103633318063704,-0.006103633318063735,0.0007020007308297848,85.9630891790219,84.92009384164223,5,stop_loss,0.9954288766788767,0.006103633318063704
2026-02-05 17:03:00,2026-02-05 17:07:00,long,84.98,84.46289296187683,-0.0060850439882698115,0.006103633318063704,-0.006103633318063735,-0.0022383233707538005,85.50027292173785,84.46289296187683,4,stop_loss,0.9927350427350428,0.006103633318063704
2026-02-05 17:08:00,2026-02-05 17:11:00,long,84.3,83.78703079178885,-0.0060850439882698115,0.006103633318063704,-0.006103633318063735,0.00225131915694367,84.81610975879619,83.78703079178885,3,stop_loss,0.9928838522588522,0.006103633318063704
2026-02-05 17:12:00,2026-02-05 17:19:00,long,83.88,83.36958651026393,-0.0060850439882697005,0.006103633318063704,-0.006103633318063623,0.007245978131034342,84.39353839344987,83.36958651026393,7,stop_loss,0.9887591575091575,0.006103633318063704
2026-02-05 17:20:00,2026-02-05 17:22:00,long,82.59,83.09564062845763,0.006122298443608454,0.006103633318063704,0.006103633318063704,0.022744576342127648,83.09564062845763,82.0874362170088,2,take_profit,0.9962606837606838,0.006103633318063704
2026-02-05 17:23:00,2026-02-05 17:24:00,long,83.54,84.05145681197905,0.006122298443608454,0.006103633318063704,0.006103633318063704,0.011307625095723983,84.05145681197905,83.03165542521995,1,take_profit,0.9979929792429793,0.006103633318063704
2026-02-05 17:25:00,2026-02-05 17:28:00,long,84.49,83.97587463343108,-0.0060850439882698115,0.006103633318063704,-0.006103633318063735,-0.0010657825628418713,85.00727299550047,83.97587463343108,3,stop_loss,0.9987408424908425,0.006103633318063704
2026-02-05 17:29:00,2026-02-05 17:31:00,long,84.19,83.67770014662756,-0.0060850439882698115,0.006103633318063704,-0.006103633318063735,-0.003450535876412082,84.7054363059674,83.67770014662756,2,stop_loss,0.9995535714285714,0.006103633318063704
2026-02-05 17:32:00,2026-02-05 17:36:00,long,83.29,83.79992623736815,0.006122298443608454,0.006103633318063704,0.006103633318063704,0.007297119525911318,83.79992623736815,82.78317668621702,4,take_profit,0.9972947191697191,0.006103633318063704
2026-02-05 17:37:00,2026-02-05 17:49:00,long,83.66,83.15092521994134,-0.0060850439882698115,0.006103633318063704,-0.006103633318063735,0.0028646474591083174,84.17219148779228,83.15092521994134,12,stop_loss,0.9969436813186813,0.006103633318063704
2026-02-05 17:50:00,2026-02-05 17:52:00,long,83.31,82.80305498533724,-0.0060850439882698115,0.006103633318063704,-0.006103633318063735,-0.000720461126264657,83.82004868333702,82.80305498533724,2,stop_loss,0.9977411477411477,0.006103633318063704
2026-02-05 17:53:00,2026-02-05 17:59:00,long,83.03,82.52475879765396,-0.0060850439882698115,0.006103633318063704,-0.006103633318063735,0.0014442173649974932,83.53833443977281,82.52475879765396,6,stop_loss,0.992700702075702,0.006103633318063704
2026-02-05 18:00:00,2026-02-05 18:02:00,long,82.7,83.20631408128642,0.006122298443608454,0.006103633318063704,0.006103633318063704,0.005426603609291044,83.20631408128642,82.1967668621701,2,take_profit,0.9906478937728938,0.006103633318063704
2026-02-05 18:03:00,2026-02-05 18:16:00,long,82.6,82.09737536656891,-0.0060850439882698115,0.006103633318063704,-0.006103633318063735,0.005312738890646359,83.10570185144205,82.09737536656891,13,stop_loss,0.9889575702075702,0.006103633318063704
2026-02-05 18:17:00,2026-02-05 18:21:00,long,82.24,81.73956598240468,-0.0060850439882698115,0.006103633318063704,-0.006103633318063735,0.008234485860724053,82.74349782400236,81.73956598240468,4,stop_loss,0.9932921245421246,0.006103633318063704
2026-02-05 18:22:00,2026-02-05 18:24:00,long,81.75,82.25049789776499,0.006122298443608454,0.006103633318063704,0.006103633318063704,0.01421047779021599,82.25049789776499,81.25254765395894,2,take_profit,0.9910256410256411,0.006103633318063704
2026-02-05 18:25:00,2026-02-05 18:32:00,long,82.1,81.60041788856304,-0.0060850439882698115,0.006103633318063704,-0.006103633318063735,0.009938271109196416,82.60264070222024,81.60041788856304,7,stop_loss,0.993883547008547,0.006103633318063704
2026-02-05 18:33:00,2026-02-05 18:36:00,long,81.46,81.95872243121634,0.006122298443608454,0.006103633318063704,0.006103633318063704,0.017764185347312313,81.95872243121634,80.96431231671554,3,take_profit,0.9965926434676434,0.006103633318063704
2026-02-05 18:37:00,2026-02-05 18:53:00,long,81.57,82.06939588404514,0.006122298443608454,0.006103633318063704,0.006103633318063704,0.01641474025508988,82.06939588404514,81.07364296187683,16,take_profit,0.9930593711843712,0.006103633318063704
2026-02-05 18:54:00,2026-02-05 18:56:00,long,82.2,82.70325293206461,0.006122298443608454,0.006103633318063704,0.006103633318063704,0.00872098550544464,82.70325293206461,81.69980938416423,2,take_profit,0.9894955738705739,0.006103633318063704
2026-02-05 18:57:00,2026-02-05 19:10:00,long,82.82,82.31603665689148,-0.0060850439882698115,0.006103633318063704,-0.006103633318063735,0.0012067094501576438,83.32704875709965,82.31603665689148,13,stop_loss,0.9890834859584859,0.006103633318063704
2026-02-05 19:11:00,2026-02-05 19:22:00,long,82.75,82.24646260997068,-0.0060850439882697005,0.006103633318063704,-0.006103633318063623,0.002052273310406677,83.2566201962086,82.24646260997068,11,stop_loss,0.990418956043956,0.006103633318063704
2026-02-05 19:23:00,2026-02-05 19:25:00,long,82.21,81.70974853372434,-0.0060850439882698115,0.006103633318063704,-0.006103633318063735,0.004853789410372023,82.71331415504905,81.70974853372434,2,stop_loss,0.9845161782661783,0.006103633318063704
2026-02-05 19:26:00,2026-02-05 19:31:00,long,81.94,82.44166113446927,0.006122298443608454,0.006103633318063704,0.006103633318063704,0.008143466455688874,82.44166113446927,81.44139149560117,5,take_profit,0.9862332112332113,0.006103633318063704
2026-02-05 19:32:00,2026-02-05 19:36:00,long,82.15,82.65294681714244,0.006122298443608454,0.006103633318063704,0.006103633318063704,0.005462836043655094,82.65294681714244,81.65011363636364,4,take_profit,0.9771710927960928,0.006103633318063704
2026-02-05 19:37:00,2026-02-05 19:41:00,long,82.52,82.01786217008797,-0.0060850439882699225,0.006103633318063704,-0.006103633318063847,-0.0007273609242971947,83.02521206756657,82.01786217008797,4,stop_loss,0.9880799755799756,0.006103633318063704
2026-02-05 19:42:00,2026-02-05 19:52:00,long,81.95,81.45133064516129,-0.0060850439882698115,0.006103633318063704,-0.006103633318063735,0.0014632364517815659,82.45172235745372,81.45133064516129,10,stop_loss,0.9859394078144078,0.006103633318063704
2026-02-05 19:53:00,2026-02-05 20:02:00,long,81.65,82.14988566792064,0.006122298443608454,0.006103633318063704,0.006103633318063704,0.0051307222251460146,82.14988566792064,81.15315615835777,9,take_profit,0.9748626373626373,0.006103633318063704
2026-02-05 20:03:00,2026-02-05 20:14:00,long,81.76,81.26248680351907,-0.0060850439882698115,0.006103633318063704,-0.006103633318063735,0.0030530645929254495,82.26055912074943,81.26248680351907,11,stop_loss,0.9838522588522588,0.006103633318063704
2026-02-05 20:15:00,2026-02-05 20:22:00,long,80.54,80.04991055718476,-0.0060850439882698115,0.006103633318063704,-0.006103633318063735,0.0018606964371070183,81.03308991664824,80.04991055718476,7,stop_loss,0.9807348901098901,0.006103633318063704
2026-02-05 20:23:00,2026-02-05 20:24:00,long,79.52,80.00684517223574,0.006122298443608454,0.006103633318063704,0.006103633318063704,0.014606089512096647,80.00684517223574,79.03611730205279,1,take_profit,0.994726800976801,0.006103633318063704
2026-02-05 20:25:00,2026-02-05 20:26:00,long,78.12,78.5982739544147,0.006122298443608454,0.006103633318063704,0.006103633318063704,0.032368545851936874,78.5982739544147,77.64463636363637,1,take_profit,0.998458485958486,0.006103633318063704
2026-02-05 20:27:00,2026-02-05 20:29:00,long,79.15,78.66836876832845,-0.0060850439882698115,0.006103633318063704,-0.006103633318063735,0.019269865533393916,79.63457992181162,78.66836876832845,2,stop_loss,0.9995879120879121,0.006103633318063704
2026-02-05 20:30:00,2026-02-05 20:32:00,long,78.62,78.14159384164223,-0.0060850439882698115,0.006103633318063704,-0.006103633318063735,0.025988531866700738,79.1013351036365,78.14159384164223,2,stop_loss,0.9994162087912087,0.006103633318063704
2026-02-05 20:33:00,2026-02-05 20:36:00,long,78.71,78.23104618768328,-0.0060850439882698115,0.006103633318063704,-0.006103633318063735,0.024844439706056553,79.19188611049641,78.23104618768328,3,stop_loss,0.9995077838827838,0.006103633318063704
2026-02-05 20:37:00,2026-02-05 20:38:00,long,78.81,78.33043768328446,-0.0060850439882698115,0.006103633318063704,-0.006103633318063735,0.02357475949485691,79.29249834034079,78.33043768328446,1,stop_loss,0.9989049145299145,0.006103633318063704
2026-02-05 20:39:00,2026-02-05 20:40:00,long,79.04,79.52390646898282,0.006122298443608454,0.006103633318063704,0.006103633318063704,0.0206605984208028,79.52390646898282,78.55903812316716,1,take_profit,0.9983516483516484,0.006103633318063704
2026-02-05 20:41:00,2026-02-05 20:47:00,long,79.4,78.91684750733138,-0.0060850439882698115,0.006103633318063704,-0.006103633318063735,0.016116283607325123,79.88611049642252,78.91684750733138,6,stop_loss,0.9993131868131868,0.006103633318063704
2026-02-05 20:48:00,2026-02-05 20:51:00,long,78.68,78.20122873900294,-0.0060850439882697005,0.006103633318063704,-0.006103633318063623,0.025225658339556846,79.16170244154311,78.20122873900294,3,stop_loss,0.9998664529914529,0.006103633318063704
2026-02-05 20:52:00,2026-02-05 20:56:00,long,78.21,78.6888249612746,0.006122298443608454,0.006103633318063704,0.006103633318063704,0.03121713524689517,78.6888249612746,77.73408870967741,4,take_profit,0.9917849511599511,0.006103633318063704
2026-02-05 20:57:00,2026-02-05 21:00:00,long,78.83,79.31262078630965,0.006122298443608454,0.006103633318063704,0.006103633318063704,0.023321016788598273,79.31262078630965,78.3503159824047,3,take_profit,0.9918231074481074,0.006103633318063704
2026-02-05 21:01:00,2026-02-05 21:02:00,long,79.32,79.80562071254701,0.006122298443608454,0.006103633318063704,0.006103633318063704,0.017124348208820132,79.80562071254701,78.83733431085044,1,take_profit,0.9940094627594628,0.006103633318063704
2026-02-05 21:03:00,2026-02-05 21:04:00,long,80.19,80.68094711219295,0.006122298443608454,0.006103633318063704,0.006103633318063704,0.006215833041477917,80.68094711219295,79.70204032258064,1,take_profit,0.9930212148962149,0.006103633318063704
2026-02-05 21:05:00,2026-02-05 21:07:00,long,80.63,80.1393629032258,-0.0060850439882698115,0.006103633318063704,-0.006103633318063735,-0.0004962163605105892,81.12364092350815,80.1393629032258,2,stop_loss,0.9988972832722832,0.006103633318063704
2026-02-05 21:08:00,2026-02-05 21:13:00,long,79.97,79.48337903225806,-0.0060850439882699225,0.006103633318063704,-0.006103633318063847,0.007723007992621504,80.45960020653537,79.48337903225806,5,stop_loss,0.9998054029304029,0.006103633318063704
2026-02-05 21:14:00,2026-02-05 21:18:00,long,79.29,78.80751686217009,-0.0060850439882698115,0.006103633318063704,-0.006103633318063735,0.016262555052112385,79.77543704359373,78.80751686217009,4,stop_loss,0.9996565934065934,0.006103633318063704
2026-02-05 21:19:00,2026-02-05 21:21:00,long,78.64,79.12145754960537,0.006122298443608454,0.006103633318063704,0.006103633318063704,0.024494096497508895,79.12145754960537,78.16147214076246,2,take_profit,0.9984851953601953,0.006103633318063704
2026-02-05 21:22:00,2026-02-05 21:23:00,long,79.23,79.7150697056871,0.006122298443608454,0.006103633318063704,0.006103633318063704,0.017019557359269386,79.7150697056871,78.74788196480938,1,take_profit,0.9997710622710623,0.006103633318063704
2026-02-05 21:24:00,2026-02-05 21:26:00,long,79.85,79.36410923753665,-0.0060850439882698115,0.006103633318063704,-0.006103633318063735,0.009224697675398732,80.33886553072213,79.36410923753665,2,stop_loss,0.9995383089133089,0.006103633318063704
2026-02-05 21:27:00,2026-02-05 21:29:00,long,79.3,79.78549826657814,0.006122298443608454,0.006103633318063704,0.006103633318063704,0.016136443695617685,79.78549826657814,78.8174560117302,2,take_profit,0.9990308302808303,0.006103633318063704
2026-02-05 21:30:00,2026-02-05 21:32:00,long,80.19,80.68094711219295,0.006122298443608454,0.006103633318063704,0.006103633318063704,0.004975753517482751,80.68094711219295,79.70204032258064,2,take_profit,0.9963141025641026,0.006103633318063704
2026-02-05 21:33:00,2026-02-05 21:36:00,long,80.09,79.60264882697948,-0.0060850439882698115,0.006103633318063704,-0.006103633318063735,-0.0016244927033917237,80.58033488234861,79.60264882697948,3,stop_loss,0.9971802503052503,0.006103633318063704
2026-02-05 21:37:00,2026-02-05 21:42:00,long,79.38,79.86598805045364,0.006122298443608454,0.006103633318063704,0.006103633318063704,0.007280062277279989,79.86598805045364,78.89696920821113,5,take_profit,0.9988782051282051,0.006103633318063704
2026-02-05 21:43:00,2026-02-05 21:49:00,long,79.41,78.9267866568915,-0.0060850439882698115,0.006103633318063704,-0.006103633318063735,0.006902204725079596,79.89617171940695,78.9267866568915,6,stop_loss,0.9959020146520147,0.006103633318063704
2026-02-05 21:50:00,2026-02-05 21:56:00,long,79.08,78.59879472140763,-0.0060850439882697005,0.006103633318063704,-0.006103633318063623,0.013065512495201402,79.56415136092056,78.59879472140763,6,stop_loss,0.9959172771672772,0.006103633318063704
2026-02-05 21:57:00,2026-02-05 22:00:00,long,78.69,79.17176366452755,0.006122298443608454,0.006103633318063704,0.006103633318063704,0.020253538405824,79.17176366452755,78.21116788856304,3,take_profit,0.9924908424908425,0.006103633318063704
2026-02-05 22:01:00,2026-02-05 22:07:00,long,79.03,78.54909897360704,-0.0060850439882697005,0.006103633318063704,-0.006103633318063623,0.015942093735832025,79.51384524599838,78.54909897360704,6,stop_loss,0.994932844932845,0.006103633318063704
2026-02-05 22:08:00,2026-02-05 22:09:00,long,79.2,79.68488603673379,0.006122298443608454,0.006103633318063704,0.006103633318063704,0.023460022763418995,79.68488603673379,78.71806451612903,1,take_profit,0.9940514346764346,0.006103633318063704
2026-02-05 22:10:00,2026-02-05 22:15:00,long,79.47,78.9864215542522,-0.0060850439882697005,0.006103633318063704,-0.006103633318063623,0.024977999406517012,79.95653905731356,78.9864215542522,5,stop_loss,0.992876221001221,0.006103633318063704
2026-02-05 22:16:00,2026-02-05 22:17:00,long,78.82,78.34037683284457,-0.0060850439882698115,0.006103633318063704,-0.006103633318063735,0.03319081959174765,79.30255956332522,78.34037683284457,1,stop_loss,0.9963789682539682,0.006103633318063704
2026-02-05 22:18:00,2026-02-05 22:23:00,long,78.12,77.64463636363637,-0.0060850439882698115,0.006103633318063704,-0.006103633318063735,0.04211148535012685,78.5982739544147,77.64463636363637,5,stop_loss,0.9970619658119658,0.006103633318063704
2026-02-05 22:24:00,2026-02-05 22:28:00,long,77.95,78.42723316367928,0.006122298443608454,0.006103633318063704,0.006103633318063704,0.04428999585481948,78.42723316367928,77.47567082111438,4,take_profit,0.9941697191697192,0.006103633318063704
2026-02-05 22:29:00,2026-02-05 22:30:00,long,79.85,80.33886553072213,0.006122298443608454,0.006103633318063704,0.006103633318063704,0.020207716697583644,80.33886553072213,79.36410923753665,1,take_profit,0.997943376068376,0.006103633318063704
2026-02-05 22:31:00,2026-02-05 22:35:00,long,79.32,79.80562071254701,0.006122298443608454,0.006103633318063704,0.006103633318063704,0.026867287707009885,79.80562071254701,78.83733431085044,4,take_profit,0.9992673992673993,0.006103633318063704
2026-02-05 22:36:00,2026-02-05 22:41:00,long,79.87,79.38398753665689,-0.0060850439882699225,0.006103633318063704,-0.006103633318063847,0.019957278429307473,80.35898797669101,79.38398753665689,5,stop_loss,0.9988438644688644,0.006103633318063704
2026-02-05 22:42:00,2026-02-05 22:46:00,long,79.65,80.13764107103341,0.006122298443608454,0.006103633318063704,0.006103633318063704,0.022715555002547426,80.13764107103341,79.16532624633432,4,take_profit,0.9990117521367521,0.006103633318063704
2026-02-05 22:47:00,2026-02-05 22:50:00,long,79.66,80.14770229401785,0.006122298443608454,0.006103633318063704,0.006103633318063704,0.022590013605107068,80.14770229401785,79.17526539589443,3,take_profit,0.9990155677655678,0.006103633318063704
2026-02-05 22:51:00,2026-02-05 22:55:00,long,80.3,79.81137096774194,-0.0060850439882697005,0.006103633318063704,-0.006103633318063623,0.014587970405889269,80.79162056502176,79.81137096774194,4,stop_loss,0.9983440170940171,0.006103633318063704
2026-02-05 22:56:00,2026-02-05 23:03:00,long,79.97,80.45960020653537,0.006122298443608454,0.006103633318063704,0.006103633318063704,0.01870602701480666,80.45960020653537,79.48337903225806,7,take_profit,0.999259768009768,0.006103633318063704
2026-02-05 23:04:00,2026-02-05 23:10:00,long,80.95,81.4456000590101,0.006122298443608454,0.006103633318063704,0.006103633318063704,0.006525911234961052,81.4456000590101,80.45741568914956,6,take_profit,0.987160409035409,0.006103633318063704
2026-02-05 23:11:00,2026-02-05 23:16:00,long,81.43,80.9344948680352,-0.0060850439882697005,0.006103633318063704,-0.006103633318063623,-0.0018437716488682561,81.92853876226305,80.9344948680352,5,stop_loss,0.988106684981685,0.006103633318063704
2026-02-05 23:17:00,2026-02-05 23:20:00,long,80.95,80.45741568914956,-0.0060850439882699225,0.006103633318063704,-0.006103633318063847,-0.0025975646988494632,81.4456000590101,80.45741568914956,3,stop_loss,0.9938377594627594,0.006103633318063704
2026-02-05 23:21:00,2026-02-05 23:24:00,long,79.87,79.38398753665689,-0.0060850439882699225,0.006103633318063704,-0.006103633318063847,0.005244767267295084,80.35898797669101,79.38398753665689,3,stop_loss,0.9942994505494506,0.006103633318063704
2026-02-05 23:25:00,2026-02-05 23:31:00,long,79.66,80.14770229401785,0.006122298443608454,0.006103633318063704,0.006103633318063704,0.007877502443094679,80.14770229401785,79.17526539589443,6,take_profit,0.9929830586080586,0.006103633318063704
2026-02-05 23:32:00,2026-02-05 23:34:00,long,79.86,79.37404838709678,-0.0060850439882697005,0.006103633318063704,-0.006103633318063623,-0.0032610087847379575,80.34892675370656,79.37404838709678,2,stop_loss,0.9927808302808303,0.006103633318063704
2026-02-05 23:35:00,2026-02-05 23:48:00,long,79.03,78.54909897360704,-0.0060850439882697005,0.006103633318063704,-0.006103633318063623,0.0008853475567241125,79.51384524599838,78.54909897360704,13,stop_loss,0.9953105921855921,0.006103633318063704
2026-02-05 23:49:00,2026-02-05 23:52:00,long,78.86,78.38013343108504,-0.0060850439882698115,0.006103633318063704,-0.006103633318063735,-0.0006342360839229361,79.34280445526296,78.38013343108504,3,stop_loss,0.9813377594627595,0.006103633318063704
2026-02-05 23:53:00,2026-02-06 00:03:00,long,78.3,77.82354105571847,-0.0060850439882699225,0.006103633318063704,-0.006103633318063847,0.00458716400690614,78.77937596813454,77.82354105571847,10,stop_loss,0.9867521367521368,0.006103633318063704
2026-02-06 00:04:00,2026-02-06 00:05:00,long,77.57,77.0979831378299,-0.0060850439882698115,0.006103633318063704,-0.006103633318063735,-0.003874972557287701,78.04490669027071,77.0979831378299,1,stop_loss,0.9925633394383394,0.006103633318063704
2026-02-06 00:06:00,2026-02-06 00:08:00,long,77.27,76.79980865102638,-0.0060850439882699225,0.006103633318063704,-0.006103633318063847,-0.0023322114743215836,77.74307000073762,76.79980865102638,2,stop_loss,0.9968063186813186,0.006103633318063704
2026-02-06 00:09:00,2026-02-06 00:10:00,long,76.42,75.95498093841643,-0.0060850439882698115,0.006103633318063704,-0.006103633318063735,0.006781455305395207,76.88786604706056,75.95498093841643,1,stop_loss,0.9991758241758242,0.006103633318063704
2026-02-06 00:11:00,2026-02-06 00:12:00,long,75.57,76.03266209338348,0.006122298443608454,0.006103633318063704,0.006103633318063704,0.02134007799810214,76.03266209338348,75.11015322580644,1,take_profit,0.9981532356532357,0.006103633318063704
2026-02-06 00:13:00,2026-02-06 00:14:00,long,74.49,74.03672507331378,-0.0060850439882698115,0.006103633318063704,-0.006103633318063735,0.03573456884254562,74.94605001106439,74.03672507331378,1,stop_loss,0.9982066544566545,0.006103633318063704
2026-02-06 00:15:00,2026-02-06 00:16:00,long,71.18,70.74686656891497,-0.0060850439882697005,0.006103633318063704,-0.006103633318063623,0.0811875769486839,71.61578520321606,70.74686656891497,1,stop_loss,0.9986340048840049,0.006103633318063704
2026-02-06 00:17:00,2026-02-06 00:18:00,long,71.96,71.5221202346041,-0.0060850439882697005,0.006103633318063704,-0.006103633318063623,0.07028904794839831,72.40056059600205,71.5221202346041,1,stop_loss,0.999229242979243,0.006103633318063704
2026-02-06 00:19:00,2026-02-06 00:20:00,long,67.5,67.91325514494358,0.006122298443608454,0.006103633318063704,0.006103633318063704,0.13427185915224632,67.91325514494358,67.0892595307918,1,take_profit,0.9988858363858364,0.006103633318063704
2026-02-06 00:21:00,2026-02-06 00:22:00,long,69.93,69.5044728739003,-0.0060850439882698115,0.006103633318063704,-0.006103633318063735,0.098904715314955,70.35813233016155,69.5044728739003,1,stop_loss,0.9994581807081807,0.006103633318063704
2026-02-06 00:23:00,2026-02-06 00:24:00,long,70.32,70.75052002655454,0.006122298443608454,0.006103633318063704,0.006103633318063704,0.0933432036538091,70.75052002655454,69.89209970674486,1,take_profit,0.9999198717948717,0.006103633318063704
2026-02-06 00:25:00,2026-02-06 00:26:00,long,71.3,71.73651987902927,0.006122298443608454,0.006103633318063704,0.006103633318063704,0.08015058835760458,71.73651987902927,70.86613636363636,1,take_profit,0.9998588217338217,0.006103633318063704
2026-02-06 00:27:00,2026-02-06 00:28:00,long,71.65,71.21400659824047,-0.0060850439882698115,0.006103633318063704,-0.006103633318063735,0.07538320296395447,72.08866268348456,71.21400659824047,1,stop_loss,0.9997672466422466,0.006103633318063704
2026-02-06 00:29:00,2026-02-06 00:31:00,long,71.1,71.53529541934056,0.006122298443608454,0.006103633318063704,0.006103633318063704,0.08308902042894026,71.53529541934056,70.66735337243401,2,take_profit,0.9997863247863248,0.006103633318063704
2026-02-06 00:32:00,2026-02-06 00:33:00,long,71.59,72.02829534557793,0.006122298443608454,0.006103633318063704,0.006103633318063704,0.0769972549320364,72.02829534557793,71.15437170087976,1,take_profit,0.999465811965812,0.006103633318063704
2026-02-06 00:34:00,2026-02-06 00:35:00,long,73.07,73.51735634727446,0.006122298443608454,0.006103633318063704,0.006103633318063704,0.06490625151838215,73.51735634727446,72.62536583577712,1,take_profit,0.9988247863247863,0.006103633318063704
2026-02-06 00:36:00,2026-02-06 00:37:00,long,73.72,74.17133584126282,0.006122298443608454,0.006103633318063704,0.006103633318063704,0.0596346966186401,74.17133584126282,73.27141055718475,1,take_profit,0.9996451465201465,0.006103633318063704
2026-02-06 00:38:00,2026-02-06 00:40:00,long,75.43,74.97100513196482,-0.0060850439882698115,0.006103633318063704,-0.006103633318063735,0.036703755554723036,75.89180497160139,74.97100513196482,2,stop_loss,0.9990613553113553,0.006103633318063704
2026-02-06 00:41:00,2026-02-06 00:43:00,long,74.37,74.82531533525116,0.006122298443608454,0.006103633318063704,0.006103633318063704,0.05085619470505379,74.82531533525116,73.91745527859239,2,take_profit,0.9998130341880341,0.006103633318063704
2026-02-06 00:44:00,2026-02-06 00:45:00,long,74.96,75.41892749133288,0.006122298443608454,0.006103633318063704,0.006103633318063704,0.04308197885209983,75.41892749133288,74.5038651026393,1,take_profit,0.9998206654456654,0.006103633318063704
2026-02-06 00:46:00,2026-02-06 00:47:00,long,75.57,75.11015322580644,-0.0060850439882698115,0.006103633318063704,-0.006103633318063735,0.040583776390729125,76.03266209338348,75.11015322580644,1,stop_loss,0.9985653235653236,0.006103633318063704
2026-02-06 00:48:00,2026-02-06 00:49:00,long,74.7,75.15733569373755,0.006122298443608454,0.006103633318063704,0.006103633318063704,0.05862246133741664,75.15733569373755,74.24544721407625,1,take_profit,0.9998473748473748,0.006103633318063704
2026-02-06 00:50:00,2026-02-06 00:53:00,long,76.24,76.7067640333407,0.006122298443608454,0.006103633318063704,0.006103633318063704,0.041996540567445555,76.7067640333407,75.7760762463343,3,take_profit,0.9997367216117216,0.006103633318063704
2026-02-06 00:54:00,2026-02-06 00:55:00,long,76.65,76.18358137829912,-0.0060850439882698115,0.006103633318063704,-0.006103633318063735,0.0366331945955689,77.1192741757026,76.18358137829912,1,stop_loss,0.9977640415140415,0.006103633318063704
2026-02-06 00:56:00,2026-02-06 01:00:00,long,75.49,75.952172309508,0.006122298443608454,0.006103633318063704,0.006103633318063704,0.05188260276185866,75.952172309508,75.03064002932551,4,take_profit,0.9998359279609279,0.006103633318063704
2026-02-06 01:01:00,2026-02-06 01:03:00,long,76.03,75.56735410557185,-0.0060850439882697005,0.006103633318063704,-0.006103633318063623,0.051898135766619835,76.49547835066755,75.56735410557185,2,stop_loss,0.999958028083028,0.006103633318063704
2026-02-06 01:04:00,2026-02-06 01:05:00,long,76.47,76.00467668621701,-0.0060850439882698115,0.006103633318063704,-0.006103633318063735,0.046127627950831376,76.93817216198273,76.00467668621701,1,stop_loss,0.9999351343101343,0.006103633318063704
2026-02-06 01:06:00,2026-02-06 01:07:00,long,75.9,76.36468245186988,0.006122298443608454,0.006103633318063704,0.006103633318063704,0.05360945060538088,76.36468245186988,75.43814516129032,1,take_profit,0.999969474969475,0.006103633318063704
2026-02-06 01:08:00,2026-02-06 01:09:00,long,76.65,77.1192741757026,0.006122298443608454,0.006103633318063704,0.006103633318063704,0.04377652968914187,77.1192741757026,76.18358137829912,1,take_profit,0.9996413308913309,0.006103633318063704
2026-02-06 01:10:00,2026-02-06 01:12:00,long,77.05,76.58114736070381,-0.0060850439882698115,0.006103633318063704,-0.006103633318063735,0.038571573240840304,77.52172309508003,76.58114736070381,2,stop_loss,0.9990270146520146,0.006103633318063704
2026-02-06 01:13:00,2026-02-06 01:15:00,long,76.32,76.7872538172162,0.006122298443608454,0.006103633318063704,0.006103633318063704,0.04809110786693408,76.7872538172162,75.85558944281524,2,take_profit,0.9999961843711843,0.006103633318063704
2026-02-06 01:16:00,2026-02-06 01:17:00,long,76.75,77.21988640554694,0.006122298443608454,0.006103633318063704,0.006103633318063704,0.042472748539658524,77.21988640554694,76.28297287390029,1,take_profit,0.9998015873015873,0.006103633318063704
2026-02-06 01:18:00,2026-02-06 01:19:00,long,77.12,76.65072140762463,-0.0060850439882699225,0.006103633318063704,-0.006103633318063847,0.037663484704674836,77.5921516559711,76.65072140762463,1,stop_loss,0.9993322649572649,0.006103633318063704
2026-02-06 01:20:00,2026-02-06 01:33:00,long,77.12,77.5921516559711,0.006122298443608454,0.006103633318063704,0.006103633318063704,0.037663484704674836,77.5921516559711,76.65072140762463,13,take_profit,0.9982028388278388,0.006103633318063704
2026-02-06 01:34:00,2026-02-06 01:36:00,long,77.97,78.44735560964816,0.006122298443608454,0.006103633318063704,0.006103633318063704,0.02670199768545645,78.44735560964816,77.4955491202346,2,take_profit,0.9925786019536019,0.006103633318063704
2026-02-06 01:37:00,2026-02-06 01:43:00,long,77.74,78.21594748100611,0.006122298443608454,0.006103633318063704,0.006103633318063704,0.029656209582888022,78.21594748100611,77.2669486803519,6,take_profit,0.9929410866910867,0.006103633318063704
2026-02-06 01:44:00,2026-02-06 01:46:00,long,78.17,78.64858006933687,0.006122298443608454,0.006103633318063704,0.006103633318063704,0.02414019277472602,78.64858006933687,77.69433211143695,2,take_profit,0.9930326617826618,0.006103633318063704
2026-02-06 01:47:00,2026-02-06 01:56:00,long,79.11,79.59433502987386,0.006122298443608454,0.006103633318063704,0.006103633318063704,0.012186845973660087,79.59433502987386,78.62861217008798,9,take_profit,0.9903998778998779,0.006103633318063704
2026-02-06 01:57:00,2026-02-06 02:01:00,long,79.4,79.88611049642252,0.006122298443608454,0.006103633318063704,0.006103633318063704,0.008527766753875064,79.88611049642252,78.91684750733138,4,take_profit,0.9978403540903541,0.006103633318063704
2026-02-06 02:02:00,2026-02-06 02:04:00,long,79.83,79.34423093841642,-0.0060850439882698115,0.006103633318063704,-0.006103633318063735,0.00012525834550111415,80.31874308475327,79.34423093841642,2,stop_loss,0.9973710317460317,0.006103633318063704
2026-02-06 02:05:00,2026-02-06 02:06:00,long,79.73,79.24483944281525,-0.0060850439882698115,0.006103633318063704,-0.006103633318063735,-0.004651463537786789,80.2181308549089,79.24483944281525,1,stop_loss,0.9986645299145299,0.006103633318063704
2026-02-06 02:07:00,2026-02-06 02:11:00,long,79.25,78.76776026392962,-0.0060850439882698115,0.006103633318063704,-0.006103633318063735,0.0013870502192274024,79.73519215165597,78.76776026392962,4,stop_loss,0.999732905982906,0.006103633318063704
2026-02-06 02:12:00,2026-02-06 02:15:00,long,77.98,77.50548826979472,-0.0060850439882698115,0.006103633318063704,-0.006103633318063735,0.0007691322004591234,78.45741683263259,77.50548826979472,3,stop_loss,0.9962148962148962,0.006103633318063704
2026-02-06 02:16:00,2026-02-06 02:20:00,long,77.89,77.41603592375367,-0.0060850439882698115,0.006103633318063704,-0.006103633318063735,0.001923940823053448,78.36686582577266,77.41603592375367,4,stop_loss,0.9968864468864469,0.006103633318063704
2026-02-06 02:21:00,2026-02-06 02:24:00,long,77.31,76.83956524926687,-0.0060850439882697005,0.006103633318063704,-0.006103633318063623,0.009398202422527082,77.78331489267538,76.83956524926687,3,stop_loss,0.9980998168498169,0.006103633318063704
2026-02-06 02:25:00,2026-02-06 02:33:00,long,77.24,77.71288633178432,0.006122298443608454,0.006103633318063704,0.006103633318063704,0.010304058194596932,77.71288633178432,76.76999120234603,8,take_profit,0.9984050671550672,0.006103633318063704
2026-02-06 02:34:00,2026-02-06 02:39:00,long,77.61,78.08515158220845,0.006122298443608454,0.006103633318063704,0.006103633318063704,0.005525230888863051,78.08515158220845,77.13773973607037,5,take_profit,0.9986034798534799,0.006103633318063704
2026-02-06 02:40:00,2026-02-06 02:46:00,long,77.9,77.4259750733138,-0.0060850439882697005,0.006103633318063704,-0.006103633318063623,0.001667415251967265,78.37692704875711,77.4259750733138,6,stop_loss,0.9941773504273504,0.006103633318063704
2026-02-06 02:47:00,2026-02-06 02:50:00,long,76.94,77.41104964225123,0.006122298443608454,0.006103633318063704,0.006103633318063704,0.006477545644172537,77.41104964225123,76.47181671554252,3,take_profit,0.9893467643467644,0.006103633318063704
2026-02-06 02:51:00,2026-02-06 02:54:00,long,77.12,76.65072140762463,-0.0060850439882699225,0.006103633318063704,-0.006103633318063847,0.0010368067284403084,77.5921516559711,76.65072140762463,3,stop_loss,0.9911858974358975,0.006103633318063704
2026-02-06 02:55:00,2026-02-06 03:02:00,long,76.73,77.19976395957808,0.006122298443608454,0.006103633318063704,0.006103633318063704,0.006106690841156561,77.19976395957808,76.26309457478006,7,take_profit,0.9922046703296703,0.006103633318063704
2026-02-06 03:03:00,2026-02-06 03:06:00,long,77.18,76.71035630498534,-0.0060850439882698115,0.006103633318063704,-0.006103633318063735,0.00025910092125779207,77.6525189938777,76.71035630498534,3,stop_loss,0.9931509462759462,0.006103633318063704
2026-02-06 03:07:00,2026-02-06 03:09:00,long,76.64,77.10921295271815,0.006122298443608454,0.006103633318063704,0.006103633318063704,0.007280323368125324,77.10921295271815,76.173642228739,2,take_profit,0.9969818376068376,0.006103633318063704
2026-02-06 03:10:00,2026-02-06 03:17:00,long,76.51,76.9784170539205,0.006122298443608454,0.006103633318063704,0.006103633318063704,0.00897800578697003,76.9784170539205,76.04443328445748,7,take_profit,0.995970695970696,0.006103633318063704
2026-02-06 03:18:00,2026-02-06 03:24:00,long,76.65,76.18358137829912,-0.0060850439882698115,0.006103633318063704,-0.006103633318063735,0.007149851712907299,77.1192741757026,76.18358137829912,6,stop_loss,0.9912393162393163,0.006103633318063704
2026-02-06 03:25:00,2026-02-06 03:29:00,long,76.33,76.79731504020063,0.006122298443608454,0.006103633318063704,0.006103633318063704,0.011851411749934685,76.79731504020063,75.86552859237537,4,take_profit,0.9882211538461538,0.006103633318063704
2026-02-06 03:30:00,2026-02-06 03:38:00,long,77.04,76.5712082111437,-0.0060850439882698115,0.006103633318063704,-0.006103633318063735,0.007757990810939337,77.5116618720956,76.5712082111437,8,stop_loss,0.9820970695970695,0.006103633318063704
2026-02-06 03:39:00,2026-02-06 03:44:00,long,76.49,76.02455498533723,-0.0060850439882699225,0.006103633318063704,-0.006103633318063847,0.01505153626092145,76.9582946079516,76.02455498533723,5,stop_loss,0.9903846153846154,0.006103633318063704
2026-02-06 03:45:00,2026-02-06 03:47:00,long,76.25,75.78601539589442,-0.0060850439882698115,0.006103633318063704,-0.006103633318063735,0.01819413410717511,76.71682525632515,75.78601539589442,2,stop_loss,0.9796016483516483,0.006103633318063704
2026-02-06 03:48:00,2026-02-06 03:55:00,long,75.94,76.40492734380763,0.006122298443608454,0.006103633318063704,0.006103633318063704,0.023169069705583165,76.40492734380763,75.4779017595308,7,take_profit,0.9837110805860806,0.006103633318063704
2026-02-06 03:56:00,2026-02-06 04:13:00,long,76.46,76.9281109389983,0.006122298443608454,0.006103633318063704,0.006103633318063704,0.018658224608435938,76.9281109389983,75.99473753665688,17,take_profit,0.9778044871794872,0.006103633318063704
2026-02-06 04:14:00,2026-02-06 04:22:00,long,76.73,77.19976395957808,0.006122298443608454,0.006103633318063704,0.006103633318063704,0.029787797465907085,77.19976395957808,76.26309457478006,8,take_profit,0.9726648351648352,0.006103633318063704
2026-02-06 04:23:00,2026-02-06 04:26:00,long,76.9,77.3708047503135,0.006122298443608454,0.006103633318063704,0.006103633318063704,0.02757468714388265,77.3708047503135,76.43206011730206,3,take_profit,0.9599587912087912,0.006103633318063704
2026-02-06 04:27:00,2026-02-06 04:35:00,long,77.64,77.16755718475073,-0.0060850439882698115,0.006103633318063704,-0.006103633318063735,0.017997805354671548,78.11533525116177,77.16755718475073,8,stop_loss,0.9823374542124542,0.006103633318063704
2026-02-06 04:36:00,2026-02-06 04:39:00,long,77.32,76.84950439882697,-0.0060850439882699225,0.006103633318063704,-0.006103633318063847,0.029814923413368038,77.7933761156598,76.84950439882697,3,stop_loss,0.9909874847374848,0.006103633318063704
2026-02-06 04:40:00,2026-02-06 04:45:00,long,76.89,77.36074352732905,0.006122298443608454,0.006103633318063704,0.006103633318063704,0.03702235427610014,77.36074352732905,76.42212096774193,5,take_profit,0.9837148962148962,0.006103633318063704
2026-02-06 04:46:00,2026-02-06 04:51:00,long,77.4,77.8738658995353,0.006122298443608454,0.006103633318063704,0.006103633318063704,0.03141353233361609,77.8738658995353,76.92901759530793,5,take_profit,0.9721878815628816,0.006103633318063704
2026-02-06 04:52:00,2026-02-06 05:05:00,long,77.78,78.25619237294387,0.006122298443608454,0.006103633318063704,0.006103633318063704,0.0390822459846146,78.25619237294387,77.30670527859237,13,take_profit,0.9774725274725274,0.006103633318063704
2026-02-06 05:06:00,2026-02-06 05:12:00,long,78.5,78.98060042782326,0.006122298443608454,0.006103633318063704,0.006103633318063704,0.03787242588645665,78.98060042782326,78.02232404692082,6,take_profit,0.9822420634920634,0.006103633318063704
2026-02-06 05:13:00,2026-02-06 05:26:00,long,78.89,78.40995087976539,-0.0060850439882699225,0.006103633318063704,-0.006103633318063847,0.032916573567821114,79.37298812421628,78.40995087976539,13,stop_loss,0.9817269536019536,0.006103633318063704
2026-02-06 05:27:00,2026-02-06 05:31:00,long,78.59,79.07115143468319,0.006122298443608454,0.006103633318063704,0.006103633318063704,0.0367265857967358,79.07115143468319,78.11177639296187,4,take_profit,0.9790445665445665,0.006103633318063704
2026-02-06 05:32:00,2026-02-06 05:37:00,long,79.27,79.75531459762483,0.006122298443608454,0.006103633318063704,0.006103633318063704,0.028111303825755038,79.75531459762483,78.78763856304985,5,take_profit,0.971577380952381,0.006103633318063704
2026-02-06 05:38:00,2026-02-06 05:50:00,long,79.68,80.16782473998673,0.006122298443608454,0.006103633318063704,0.006103633318063704,0.02295243739847654,80.16782473998673,79.19514369501466,12,take_profit,0.980910409035409,0.006103633318063704
2026-02-06 05:51:00,2026-02-06 05:54:00,long,80.81,81.304742937228,0.006122298443608454,0.006103633318063704,0.006103633318063704,0.008870330429463245,81.304742937228,80.31826759530792,3,take_profit,0.9821123321123321,0.006103633318063704
2026-02-06 05:55:00,2026-02-06 06:00:00,long,80.75,81.24437559932139,0.006122298443608454,0.006103633318063704,0.006103633318063704,0.008754140117500515,81.24437559932139,80.2586326979472,5,take_profit,0.9951083638583639,0.006103633318063704
2026-02-06 06:01:00,2026-02-06 06:06:00,long,81.44,80.9444340175953,-0.0060850439882699225,0.006103633318063704,-0.006103633318063847,0.0002455494180537669,81.93859998524746,80.9444340175953,5,stop_loss,0.9973099816849816,0.006103633318063704
2026-02-06 06:07:00,2026-02-06 06:16:00,long,81.22,80.72577272727273,-0.0060850439882698115,0.006103633318063704,-0.006103633318063735,0.0002462144540321292,81.71725307958988,80.72577272727273,9,stop_loss,0.9896062271062271,0.006103633318063704
2026-02-06 06:17:00,2026-02-06 06:26:00,long,80.43,79.94057991202347,-0.0060850439882698115,0.006103633318063704,-0.006103633318063735,0.002979518032905389,80.92241646381943,79.94057991202347,9,stop_loss,0.9944444444444445,0.006103633318063704
2026-02-06 06:27:00,2026-02-06 06:44:00,long,80.13,79.64240542521993,-0.0060850439882698115,0.006103633318063704,-0.006103633318063735,0.002243830410391801,80.62057977428634,79.64240542521993,17,stop_loss,0.9882669413919414,0.006103633318063704
2026-02-06 06:45:00,2026-02-06 06:49:00,long,79.89,79.40386583577713,-0.0060850439882698115,0.006103633318063704,-0.006103633318063735,0.004371455159729417,80.37911042265988,79.40386583577713,4,stop_loss,0.9517094017094017,0.006103633318063704
2026-02-06 06:50:00,2026-02-06 07:01:00,long,79.57,79.08581304985337,-0.0060850439882697005,0.006103633318063704,-0.006103633318063623,0.008385006264236668,80.05715128715792,79.08581304985337,11,stop_loss,0.9804143772893773,0.006103633318063704
2026-02-06 07:02:00,2026-02-06 07:08:00,long,79.19,78.70812536656891,-0.0060850439882698115,0.006103633318063704,-0.006103633318063735,0.013172115431358941,79.67482481374935,78.70812536656891,6,stop_loss,0.9699175824175824,0.006103633318063704
2026-02-06 07:09:00,2026-02-06 07:14:00,long,78.76,79.2421922254186,0.006122298443608454,0.006103633318063704,0.006103633318063704,0.018616889882755245,79.2421922254186,78.28074193548387,5,take_profit,0.9826846764346764,0.006103633318063704
2026-02-06 07:15:00,2026-02-06 07:30:00,long,78.96,79.44341668510732,0.006122298443608454,0.006103633318063704,0.006103633318063704,0.016080748528453877,79.44341668510732,78.47952492668621,15,take_profit,0.9803533272283272,0.006103633318063704
2026-02-06 07:31:00,2026-02-06 07:41:00,long,79.65,80.13764107103341,0.006122298443608454,0.006103633318063704,0.006103633318063704,0.00738010729762246,80.13764107103341,79.16532624633432,10,take_profit,0.9673305860805861,0.006103633318063704
2026-02-06 07:42:00,2026-02-06 07:49:00,long,79.96,79.47343988269795,-0.0060850439882697005,0.006103633318063704,-0.006103633318063623,0.0014996253747658356,80.44953898355092,79.47343988269795,7,stop_loss,0.9663423382173382,0.006103633318063704
2026-02-06 07:50:00,2026-02-06 08:08:00,long,79.42,79.90623294239138,0.006122298443608454,0.006103633318063704,0.006103633318063704,0.008275909303859661,79.90623294239138,78.93672580645162,18,take_profit,0.9876717032967033,0.006103633318063704
2026-02-06 08:09:00,2026-02-06 08:14:00,long,80.08,79.59270967741935,-0.0060850439882698115,0.006103633318063704,-0.006103633318063735,-0.0013745706631665985,80.57027365936416,79.59270967741935,5,stop_loss,0.969551282051282,0.006103633318063704
2026-02-06 08:15:00,2026-02-06 08:17:00,long,79.59,79.10569134897361,-0.0060850439882698115,0.006103633318063704,-0.006103633318063735,0.0,80.0772737331268,79.10569134897361,2,stop_loss,0.984344474969475,0.006103633318063704
2026-02-06 08:18:00,2026-02-06 08:21:00,long,79.16,79.64464114479604,0.006122298443608454,0.006103633318063704,0.006103633318063704,0.005417336083393166,79.64464114479604,78.67830791788856,3,take_profit,0.9730540293040293,0.006103633318063704
2026-02-06 08:22:00,2026-02-06 08:29:00,long,79.56,79.07587390029326,-0.0060850439882698115,0.006103633318063704,-0.006103633318063735,0.0007538635863996896,80.04709006417349,79.07587390029326,7,stop_loss,0.9698756105006106,0.006103633318063704
2026-02-06 08:30:00,2026-02-06 08:53:00,long,78.88,79.36292690123183,0.006122298443608454,0.006103633318063704,0.006103633318063704,0.014973541790162363,79.36292690123183,78.40001173020528,23,take_profit,0.9830395299145299,0.006103633318063704
2026-02-06 08:54:00,2026-02-06 09:19:00,long,79.17,79.65470236778049,0.006122298443608454,0.006103633318063704,0.006103633318063704,0.029128272923023637,79.65470236778049,78.68824706744869,25,take_profit,0.9642208485958486,0.006103633318063704
2026-02-06 09:20:00,2026-02-06 09:31:00,long,79.62,80.10745740208012,0.006122298443608454,0.006103633318063704,0.006103633318063704,0.026889669174711653,80.10745740208012,79.13550879765396,11,take_profit,0.9501106532356532,0.006103633318063704
2026-02-06 09:32:00,2026-02-06 09:48:00,long,80.56,81.0532123626171,0.006122298443608454,0.006103633318063704,0.006103633318063704,0.015152738336575941,81.0532123626171,80.06978885630498,16,take_profit,0.9641063797313797,0.006103633318063704
2026-02-06 09:49:00,2026-02-06 10:12:00,long,81.25,80.75559017595307,-0.0060850439882698115,0.006103633318063704,-0.006103633318063735,0.006624165537035986,81.74743674854318,80.75559017595307,23,stop_loss,0.9853708791208792,0.006103633318063704
2026-02-06 10:13:00,2026-02-06 10:16:00,long,80.74,81.23431437633694,0.006122298443608454,0.006103633318063704,0.006103633318063704,0.01292087132208807,81.23431437633694,80.2486935483871,3,take_profit,0.968853021978022,0.006103633318063704
2026-02-06 10:17:00,2026-02-06 10:20:00,long,81.46,81.95872243121634,0.006122298443608454,0.006103633318063704,0.006103633318063704,0.004042884526616326,81.95872243121634,80.96431231671554,3,take_profit,0.9803075396825397,0.006103633318063704
2026-02-06 10:21:00,2026-02-06 10:50:00,long,81.4,80.90467741935484,-0.0060850439882698115,0.006103633318063704,-0.006103633318063735,0.0034339008479156077,81.89835509330973,80.90467741935484,29,stop_loss,0.97308836996337,0.006103633318063704
2026-02-06 10:51:00,2026-02-06 11:32:00,long,80.74,81.23431437633694,0.006122298443608454,0.006103633318063704,0.006103633318063704,0.009246197907333577,81.23431437633694,80.2486935483871,41,take_profit,0.9592605311355311,0.006103633318063704
2026-02-06 11:33:00,2026-02-06 12:06:00,long,81.26,80.7655293255132,-0.0060850439882698115,0.006103633318063704,-0.006103633318063735,0.0069900339797095085,81.75749797152763,80.7655293255132,33,stop_loss,0.9350351037851038,0.006103633318063704
2026-02-06 12:16:00,2026-02-06 12:23:00,long,81.15,81.64682451869884,0.006122298443608454,0.006103633318063704,0.006103633318063704,0.019162116799518788,81.64682451869884,80.6561986803519,7,take_profit,0.9018353174603174,0.006103633318063704
2026-02-06 12:24:00,2026-02-06 12:31:00,long,81.83,81.33206085043987,-0.0060850439882699225,0.006103633318063704,-0.006103633318063847,0.01756449976742304,82.33098768164048,81.33206085043987,7,stop_loss,0.9432501526251527,0.006103633318063704
2026-02-06 12:32:00,2026-02-06 12:59:00,long,81.27,81.76755919451206,0.006122298443608454,0.006103633318063704,0.006103633318063704,0.024431479541600156,81.76755919451206,80.77546847507331,27,take_profit,0.943574481074481,0.006103633318063704
2026-02-06 13:00:00,2026-02-06 13:04:00,long,81.67,82.17000811388951,0.006122298443608454,0.006103633318063704,0.006103633318063704,0.024074228643868028,82.17000811388951,81.17303445747801,4,take_profit,0.919120115995116,0.006103633318063704
2026-02-06 13:05:00,2026-02-06 13:12:00,long,82.01,82.51208969536033,0.006122298443608454,0.006103633318063704,0.006103633318063704,0.019919774965732526,82.51208969536033,81.510965542522,7,take_profit,0.9424908424908425,0.006103633318063704
2026-02-06 13:13:00,2026-02-06 13:20:00,long,82.5,83.00508962159769,0.006122298443608454,0.006103633318063704,0.006103633318063704,0.013962672673417111,83.00508962159769,81.99798387096774,7,take_profit,0.9518353174603175,0.006103633318063704
2026-02-06 13:21:00,2026-02-06 13:25:00,long,83.28,82.7732375366569,-0.0060850439882698115,0.006103633318063704,-0.006103633318063735,0.0045525417073388735,83.78986501438371,82.7732375366569,4,stop_loss,0.9728556166056166,0.006103633318063704
2026-02-06 13:26:00,2026-02-06 13:41:00,long,82.81,83.31698753411521,0.006122298443608454,0.006103633318063704,0.006103633318063704,0.010212138968443592,83.31698753411521,82.30609750733137,15,take_profit,0.9906440781440782,0.006103633318063704
2026-02-06 13:42:00,2026-02-06 13:52:00,long,83.55,83.04159457478005,-0.0060850439882699225,0.006103633318063704,-0.006103633318063847,0.008462001509467888,84.06151803496348,83.04159457478005,10,stop_loss,0.9815590659340659,0.006103633318063704
2026-02-06 13:53:00,2026-02-06 14:00:00,long,83.48,82.97202052785924,-0.0060850439882698115,0.006103633318063704,-0.006103633318063735,0.017455765908941084,83.99108947407244,82.97202052785924,7,stop_loss,0.9722413003663004,0.006103633318063704
2026-02-06 14:01:00,2026-02-06 14:05:00,long,83.07,82.56451539589442,-0.0060850439882698115,0.006103633318063704,-0.006103633318063735,0.022379222266961027,83.57857933171054,82.56451539589442,4,stop_loss,0.9779151404151404,0.006103633318063704
2026-02-06 14:06:00,2026-02-06 14:21:00,long,82.6,82.09737536656891,-0.0060850439882698115,0.006103633318063704,-0.006103633318063735,0.02805316759100867,83.10570185144205,82.09737536656891,15,stop_loss,0.9754120879120879,0.006103633318063704
2026-02-06 14:22:00,2026-02-06 14:28:00,long,81.93,82.43159991148485,0.006122298443608454,0.006103633318063704,0.006103633318063704,0.03619762396421769,82.43159991148485,81.43145234604106,6,take_profit,0.97748778998779,0.006103633318063704
2026-02-06 14:29:00,2026-02-06 14:30:00,long,82.47,82.97490595264439,0.006122298443608454,0.006103633318063704,0.006103633318063704,0.029628257272677126,82.97490595264439,81.96816642228738,1,take_profit,0.9555898962148962,0.006103633318063704
2026-02-06 14:31:00,2026-02-06 14:32:00,long,83.09,82.58439369501467,-0.0060850439882698115,0.006103633318063704,-0.006103633318063735,0.022138490441051064,83.59870177767942,82.58439369501467,1,stop_loss,0.9826617826617826,0.006103633318063704
2026-02-06 14:33:00,2026-02-06 14:34:00,long,83.63,84.14200781883898,0.006122298443608454,0.006103633318063704,0.006103633318063704,0.01566054072450669,84.14200781883898,83.121107771261,1,take_profit,0.9864239926739927,0.006103633318063704
2026-02-06 14:35:00,2026-02-06 14:36:00,long,83.73,84.24262004868334,0.006122298443608454,0.006103633318063704,0.006103633318063704,0.01446551190160054,84.24262004868334,83.22049926686218,1,take_profit,0.993215811965812,0.006103633318063704
2026-02-06 14:37:00,2026-02-06 14:45:00,long,84.0,84.51427306926311,0.006122298443608454,0.006103633318063704,0.006103633318063704,0.011246049274627376,84.51427306926311,83.48885630498533,8,take_profit,0.9964476495726495,0.006103633318063704
2026-02-06 14:46:00,2026-02-06 14:49:00,long,84.86,84.34362316715543,-0.0060850439882697005,0.006103633318063704,-0.006103633318063623,0.0010600083437621857,85.3795382459246,84.34362316715543,3,stop_loss,0.9960164835164835,0.006103633318063704
2026-02-06 14:50:00,2026-02-06 14:55:00,long,84.32,83.80690909090909,-0.0060850439882697005,0.006103633318063704,-0.006103633318063623,0.007679168222397863,84.83623220476505,83.80690909090909,5,stop_loss,0.9993704212454212,0.006103633318063704
2026-02-06 14:56:00,2026-02-06 14:59:00,long,83.75,84.2627424946522,0.006122298443608454,0.006103633318063704,0.006103633318063704,0.014462082310274202,84.2627424946522,83.2403775659824,3,take_profit,0.9985157203907203,0.006103633318063704
2026-02-06 15:00:00,2026-02-06 15:05:00,long,83.91,84.42372206240319,0.006122298443608454,0.006103633318063704,0.006103633318063704,0.012553457133471887,84.42372206240319,83.39940395894428,5,take_profit,0.9958295177045177,0.006103633318063704
2026-02-06 15:06:00,2026-02-06 15:07:00,long,83.73,84.24262004868334,0.006122298443608454,0.006103633318063704,0.006103633318063704,0.014700916799109336,84.24262004868334,83.22049926686218,1,take_profit,0.9937232905982906,0.006103633318063704
2026-02-06 15:08:00,2026-02-06 15:11:00,long,84.17,84.68531385999853,0.006122298443608454,0.006103633318063704,0.006103633318063704,0.00945968979196528,84.68531385999853,83.65782184750734,3,take_profit,0.9937576312576313,0.006103633318063704
2026-02-06 15:12:00,2026-02-06 15:14:00,long,84.06,83.54849120234604,-0.0060850439882698115,0.006103633318063704,-0.006103633318063735,0.011238067052296914,84.57464040716972,83.54849120234604,2,stop_loss,0.9930898962148962,0.006103633318063704
2026-02-06 15:15:00,2026-02-06 15:17:00,long,83.44,83.95084458213469,0.006122298443608454,0.006103633318063704,0.006103633318063704,0.019816726796352636,83.95084458213469,82.93226392961877,2,take_profit,0.995199938949939,0.006103633318063704
2026-02-06 15:18:00,2026-02-06 15:21:00,long,83.79,84.30298738658996,0.006122298443608454,0.006103633318063704,0.006103633318063704,0.018212423923298266,84.30298738658996,83.28013416422287,3,take_profit,0.995425061050061,0.006103633318063704
2026-02-06 15:22:00,2026-02-06 15:27:00,long,84.17,83.65782184750734,-0.0060850439882698115,0.006103633318063704,-0.006103633318063735,0.019063886361389094,84.68531385999853,83.65782184750734,5,stop_loss,0.992948717948718,0.006103633318063704
2026-02-06 15:28:00,2026-02-06 15:35:00,long,83.93,84.44384450837207,0.006122298443608454,0.006103633318063704,0.006103633318063704,0.026803062127097373,84.44384450837207,83.41928225806453,7,take_profit,0.9917200854700855,0.006103633318063704
2026-02-06 15:36:00,2026-02-06 15:47:00,long,84.37,84.88653831968725,0.006122298443608454,0.006103633318063704,0.006103633318063704,0.027357329211533495,84.88653831968725,83.85660483870969,11,take_profit,0.9767055860805861,0.006103633318063704
2026-02-06 15:48:00,2026-02-06 15:53:00,long,84.7,84.18459677419355,-0.0060850439882698115,0.006103633318063704,-0.006103633318063735,0.02541225452761646,85.21855867817364,84.18459677419355,5,stop_loss,0.9833524114774115,0.006103633318063704
2026-02-06 15:54:00,2026-02-06 16:00:00,long,84.24,83.72739589442814,-0.0060850439882698115,0.006103633318063704,-0.006103633318063735,0.03281279838847804,84.75574242088958,83.72739589442814,6,stop_loss,0.9900831807081807,0.006103633318063704
2026-02-06 16:01:00,2026-02-06 16:08:00,long,84.22,84.73561997492071,0.006122298443608454,0.006103633318063704,0.006103633318063704,0.03305024348041627,84.73561997492071,83.70751759530792,7,take_profit,0.9821047008547008,0.006103633318063704
2026-02-06 16:09:00,2026-02-06 16:13:00,long,84.69,85.2084974551892,0.006122298443608454,0.006103633318063704,0.006103633318063704,0.02805935292494932,85.2084974551892,84.17465762463343,4,take_profit,0.9753853785103785,0.006103633318063704
2026-02-06 16:14:00,2026-02-06 16:20:00,long,85.02,85.54051781367559,0.006122298443608454,0.006103633318063704,0.006103633318063704,0.024399955694061018,85.54051781367559,84.50264956011729,6,take_profit,0.9745764652014652,0.006103633318063704
2026-02-06 16:21:00,2026-02-06 16:28:00,long,85.79,86.31523198347718,0.006122298443608454,0.006103633318063704,0.006103633318063704,0.018936023607925772,86.31523198347718,85.26796407624634,7,take_profit,0.9792010073260073,0.006103633318063704
2026-02-06 16:29:00,2026-02-06 16:36:00,long,85.98,86.50639522018146,0.006122298443608454,0.006103633318063704,0.006103633318063704,0.021857536448273943,86.50639522018146,85.45680791788857,7,take_profit,0.9860309829059829,0.006103633318063704
2026-02-06 16:37:00,2026-02-06 16:57:00,long,86.7,86.17242668621701,-0.0060850439882698115,0.006103633318063704,-0.006103633318063735,0.020435667492762485,87.23080327506085,86.17242668621701,20,stop_loss,0.9894726800976801,0.006103633318063704
2026-02-06 16:58:00,2026-02-06 17:09:00,long,86.33,86.85853802463672,0.006122298443608454,0.006103633318063704,0.006103633318063704,0.024712389031827476,86.85853802463672,85.80467815249267,11,take_profit,0.9855387667887668,0.006103633318063704
2026-02-06 17:10:00,2026-02-06 17:13:00,long,87.12,86.58987096774194,-0.0060850439882697005,0.006103633318063704,-0.006103633318063623,0.015603072654553607,87.65337464040718,86.58987096774194,3,stop_loss,0.985958485958486,0.006103633318063704
2026-02-06 17:14:00,2026-02-06 17:17:00,long,86.62,87.15031349118537,0.006122298443608454,0.006103633318063704,0.006103633318063704,0.02135881549277814,87.15031349118537,86.09291348973608,3,take_profit,0.9877785409035409,0.006103633318063704
2026-02-06 17:18:00,2026-02-06 17:27:00,long,87.36,87.89484399203363,0.006122298443608454,0.006103633318063704,0.006103633318063704,0.012852039282663747,87.89484399203363,86.82841055718475,9,take_profit,0.9845695970695971,0.006103633318063704
2026-02-06 17:28:00,2026-02-06 17:32:00,long,87.83,88.36772147230212,0.006122298443608454,0.006103633318063704,0.006103633318063704,0.007486423350232838,88.36772147230212,87.29555058651026,4,take_profit,0.9797466422466422,0.006103633318063704
2026-02-06 17:33:00,2026-02-06 17:35:00,long,88.41,87.87202126099706,-0.0060850439882698115,0.006103633318063704,-0.006103633318063735,-0.005216614234145797,88.95127240539942,87.87202126099706,2,stop_loss,0.9856532356532357,0.006103633318063704
2026-02-06 17:36:00,2026-02-06 17:39:00,long,87.11,87.64331341742273,0.006122298443608454,0.006103633318063704,0.006103633318063704,0.004581384716939255,87.64331341742273,86.57993181818182,3,take_profit,0.9945894383394384,0.006103633318063704
2026-02-06 17:40:00,2026-02-06 17:49:00,long,87.35,86.81847140762463,-0.0060850439882698115,0.006103633318063704,-0.006103633318063735,0.0016014645381076447,87.8847827690492,86.81847140762463,9,stop_loss,0.9941887973137973,0.006103633318063704
2026-02-06 17:50:00,2026-02-06 18:04:00,long,86.66,86.13267008797654,-0.0060850439882698115,0.006103633318063704,-0.006103633318063735,0.0029957390764655633,87.1905583831231,86.13267008797654,14,stop_loss,0.9879693223443223,0.006103633318063704
2026-02-06 18:05:00,2026-02-06 18:07:00,long,85.98,85.45680791788857,-0.0060850439882698115,0.006103633318063704,-0.006103633318063735,0.00706962439157426,86.50639522018146,85.45680791788857,2,stop_loss,0.9807959401709402,0.006103633318063704
2026-02-06 18:08:00,2026-02-06 18:12:00,long,85.39,85.91278306409973,0.006122298443608454,0.006103633318063704,0.006103633318063704,0.013955337540195194,85.91278306409973,84.87039809384164,4,take_profit,0.9827876984126984,0.006103633318063704
2026-02-06 18:13:00,2026-02-06 18:37:00,long,85.69,86.2146197536328,0.006122298443608454,0.006103633318063704,0.006103633318063704,0.01044820277868246,86.2146197536328,85.16857258064516,24,take_profit,0.9903731684981685,0.006103633318063704
2026-02-06 18:38:00,2026-02-06 18:52:00,long,86.52,85.9935219941349,-0.0060850439882698115,0.006103633318063704,-0.006103633318063735,0.0012705748171909456,87.049701261341,85.9935219941349,14,stop_loss,0.9749236874236874,0.006103633318063704
2026-02-06 18:53:00,2026-02-06 19:10:00,long,86.3,85.77486070381231,-0.0060850439882698115,0.006103633318063704,-0.006103633318063735,0.009686422599913903,86.8283543556834,85.77486070381231,17,stop_loss,0.9653617216117216,0.006103633318063704
2026-02-06 19:11:00,2026-02-06 19:17:00,long,85.96,85.43692961876832,-0.0060850439882698115,0.006103633318063704,-0.006103633318063735,0.013633948914986321,86.48627277421258,85.43692961876832,6,stop_loss,0.9562232905982906,0.006103633318063704
2026-02-06 19:18:00,2026-02-06 19:24:00,long,85.66,86.18443608467949,0.006122298443608454,0.006103633318063704,0.006103633318063704,0.017130048502071255,86.18443608467949,85.1387551319648,6,take_profit,0.959684065934066,0.006103633318063704
2026-02-06 19:25:00,2026-02-06 19:42:00,long,86.29,86.81829313269898,0.006122298443608454,0.006103633318063704,0.006103633318063704,0.009802304169079831,86.81829313269898,85.7649215542522,17,take_profit,0.9527243589743589,0.006103633318063704
2026-02-06 19:43:00,2026-02-06 19:49:00,long,86.73,87.26098694401416,0.006122298443608454,0.006103633318063704,0.006103633318063704,0.012603283232661525,87.26098694401416,86.20224413489737,6,take_profit,0.9554525335775336,0.006103633318063704
2026-02-06 19:50:00,2026-02-06 20:33:00,long,86.89,87.42196651176513,0.006122298443608454,0.006103633318063704,0.006103633318063704,0.01076017707791135,87.42196651176513,86.36127052785923,43,take_profit,0.9607257326007326,0.006103633318063704
2026-02-06 20:34:00,2026-02-06 20:40:00,long,87.65,87.11664589442816,-0.0060850439882698115,0.006103633318063704,-0.006103633318063735,0.003985203110962865,88.18661945858229,87.11664589442816,6,stop_loss,0.9287240537240538,0.006103633318063704
2026-02-06 20:41:00,2026-02-06 21:07:00,long,87.14,86.60974926686217,-0.0060850439882698115,0.006103633318063704,-0.006103633318063735,0.009820793788910301,87.67349708637605,86.60974926686217,26,stop_loss,0.9704746642246642,0.006103633318063704
2026-02-06 21:08:00,2026-02-06 21:18:00,long,86.88,87.4119052887807,0.006122298443608454,0.006103633318063704,0.006103633318063704,0.02039375720629036,87.4119052887807,86.35133137829911,10,take_profit,0.9523733211233211,0.006103633318063704
2026-02-06 21:19:00,2026-02-06 21:50:00,long,87.57,88.10612967470678,0.006122298443608454,0.006103633318063704,0.006103633318063704,0.012821415781400827,88.10612967470678,87.0371326979472,31,take_profit,0.9383241758241758,0.006103633318063704
2026-02-06 21:51:00,2026-02-06 22:06:00,long,87.96,88.4985173710998,0.006122298443608454,0.006103633318063704,0.006103633318063704,0.01903103436458165,88.4985173710998,87.42475953079177,15,take_profit,0.9428914835164836,0.006103633318063704
2026-02-06 22:07:00,2026-02-06 22:26:00,long,88.42,88.96133362838385,0.006122298443608454,0.006103633318063704,0.006103633318063704,0.013815011653044822,88.96133362838385,87.88196041055718,19,take_profit,0.9351648351648352,0.006103633318063704
2026-02-06 22:27:00,2026-02-06 22:35:00,long,88.76,89.30341520985469,0.006122298443608454,0.006103633318063704,0.006103633318063704,0.009977101986748779,89.30341520985469,88.21989149560117,8,take_profit,0.9046703296703297,0.006103633318063704
2026-02-06 22:36:00,2026-02-06 23:10:00,long,89.2,88.65721407624633,-0.0060850439882698115,0.006103633318063704,-0.006103633318063735,0.0050321604651781225,89.74610902116987,88.65721407624633,34,stop_loss,0.9130074786324787,0.006103633318063704
2026-02-06 23:11:00,2026-02-06 23:18:00,long,88.46,87.92171700879764,-0.0060850439882698115,0.006103633318063704,-0.006103633318063735,-0.0005653870224676755,89.0015785203216,87.92171700879764,7,stop_loss,0.9683989621489622,0.006103633318063704
2026-02-06 23:19:00,2026-02-06 23:35:00,long,87.74,88.2771704654422,0.006122298443608454,0.006103633318063704,0.006103633318063704,0.005229067274677736,88.2771704654422,87.2060982404692,16,take_profit,0.9619123931623932,0.006103633318063704
2026-02-06 23:36:00,2026-02-06 23:45:00,long,88.06,87.52415102639296,-0.0060850439882699225,0.006103633318063704,-0.006103633318063847,0.0,88.59912960094417,87.52415102639296,9,stop_loss,0.9855998168498169,0.006103633318063704
2026-02-06 23:46:00,2026-02-07 00:00:00,long,87.55,87.01725439882698,-0.0060850439882698115,0.006103633318063704,-0.006103633318063735,0.002509697872165283,88.08600722873791,87.01725439882698,14,stop_loss,0.9434104090354091,0.006103633318063704
2026-02-07 00:01:00,2026-02-07 00:28:00,long,86.77,86.24200073313783,-0.0060850439882698115,0.006103633318063704,-0.006103633318063735,0.0026471788491853475,87.3012318359519,86.24200073313783,27,stop_loss,0.9668154761904761,0.006103633318063704
2026-02-07 00:29:00,2026-02-07 00:51:00,long,86.27,86.7981706867301,0.006122298443608454,0.006103633318063704,0.006103633318063704,0.007736312472158726,86.7981706867301,85.74504325513196,22,take_profit,0.9495955433455433,0.006103633318063704
2026-02-07 00:52:00,2026-02-07 00:56:00,long,86.94,86.41096627565982,-0.0060850439882698115,0.006103633318063704,-0.006103633318063735,0.004475820864995588,87.47227262668731,86.41096627565982,4,stop_loss,0.9497825091575092,0.006103633318063704
2026-02-07 00:57:00,2026-02-07 01:12:00,long,86.5,85.97364369501466,-0.0060850439882698115,0.006103633318063704,-0.006103633318063735,0.009549632487807878,87.02957881537213,85.97364369501466,15,stop_loss,0.9631028693528694,0.006103633318063704
2026-02-07 01:13:00,2026-02-07 01:27:00,long,85.92,86.44602788227483,0.006122298443608454,0.006103633318063704,0.006103633318063704,0.016277415665087027,86.44602788227483,85.39717302052786,14,take_profit,0.9584478021978022,0.006103633318063704
2026-02-07 01:37:00,2026-02-07 01:47:00,long,86.71,87.24086449804528,0.006122298443608454,0.006103633318063704,0.006103633318063704,0.008840978419498045,87.24086449804528,86.18236583577712,10,take_profit,0.926243894993895,0.006103633318063704
2026-02-07 01:48:00,2026-02-07 02:01:00,long,87.31,86.77871480938417,-0.0060850439882698115,0.006103633318063704,-0.006103633318063735,0.0019451919858509126,87.84453787711146,86.77871480938417,13,stop_loss,0.9061278998778999,0.006103633318063704
2026-02-07 02:03:00,2026-02-07 02:25:00,long,86.9,87.43202773474958,0.006122298443608454,0.006103633318063704,0.006103633318063704,0.007908803903651259,87.43202773474958,86.37120967741936,22,take_profit,0.9147321428571429,0.006103633318063704
2026-02-07 02:26:00,2026-02-07 02:46:00,long,87.35,86.81847140762463,-0.0060850439882698115,0.006103633318063704,-0.006103633318063735,0.009797298690609914,87.8847827690492,86.81847140762463,20,stop_loss,0.9132440476190476,0.006103633318063704
2026-02-07 03:11:00,2026-02-07 04:11:00,long,88.01,88.54882348602199,0.006122298443608454,0.006103633318063704,0.006103633318063704,0.005213067109574076,88.54882348602199,87.47445527859237,60,take_profit,0.9027472527472528,0.006103633318063704
2026-02-07 04:13:00,2026-02-07 04:28:00,long,88.65,88.11056085043988,-0.0060850439882699225,0.006103633318063704,-0.006103633318063847,0.0028161099996420924,89.1927417570259,88.11056085043988,15,stop_loss,0.9022779304029304,0.006103633318063704
2026-02-07 04:29:00,2026-02-07 04:41:00,long,88.16,87.62354252199412,-0.0060850439882699225,0.006103633318063704,-0.006103633318063847,0.004639854416887291,88.69974183078851,87.62354252199412,12,stop_loss,0.9430670024420025,0.006103633318063704
2026-02-07 04:42:00,2026-02-07 05:07:00,long,87.47,88.00551744486243,0.006122298443608454,0.006103633318063704,0.006103633318063704,0.011367634063531027,88.00551744486243,86.93774120234603,25,take_profit,0.9667887667887668,0.006103633318063704
2026-02-07 05:08:00,2026-02-07 05:34:00,long,88.2,87.66329912023461,-0.0060850439882697005,0.006103633318063704,-0.006103633318063623,0.003056548482548874,88.73998672272627,87.66329912023461,26,stop_loss,0.9145528083028083,0.006103633318063704
2026-02-07 05:44:00,2026-02-07 06:44:00,long,87.91,87.52,-0.004436355363439892,0.006103633318063704,-0.004446225189416159,0.0018183889542807475,88.44821125617761,87.37506378299119,60,timeout_1h,0.9110119047619047,0.006103633318063704
2026-02-07 06:58:00,2026-02-07 07:05:00,long,86.44,85.91400879765395,-0.0060850439882699225,0.006103633318063704,-0.006103633318063847,-0.00034712178537728733,86.9692114774655,85.91400879765395,7,stop_loss,0.955078601953602,0.006103633318063704
2026-02-07 07:06:00,2026-02-07 07:09:00,long,85.89,85.36735557184751,-0.0060850439882697005,0.006103633318063704,-0.006103633318063623,0.004066699382553613,86.41584421332153,85.36735557184751,3,stop_loss,0.9668421855921856,0.006103633318063704
2026-02-07 07:10:00,2026-02-07 07:14:00,long,85.57,85.04930278592374,-0.0060850439882698115,0.006103633318063704,-0.006103633318063735,0.00779935273072364,86.09388507781956,85.04930278592374,4,stop_loss,0.9822611416361416,0.006103633318063704
2026-02-07 07:15:00,2026-02-07 07:19:00,long,84.63,85.14813011728258,0.006122298443608454,0.006103633318063704,0.006103633318063704,0.01884529347867248,85.14813011728258,84.11502272727272,4,take_profit,0.9939636752136752,0.006103633318063704
2026-02-07 07:20:00,2026-02-07 07:25:00,long,84.77,85.28898723906468,0.006122298443608454,0.006103633318063704,0.006103633318063704,0.01719240054037277,85.28898723906468,84.25417082111436,5,take_profit,0.9970886752136752,0.006103633318063704
2026-02-07 07:26:00,2026-02-07 07:34:00,long,85.25,84.73125,-0.0060850439882698115,0.006103633318063704,-0.006103633318063735,0.011545990997060728,85.77192594231762,84.73125,8,stop_loss,0.9977297008547008,0.006103633318063704
2026-02-07 07:35:00,2026-02-07 07:40:00,long,85.35,85.87253817216198,0.006122298443608454,0.006103633318063704,0.006103633318063704,0.010373657920237353,85.87253817216198,84.83064149560117,5,take_profit,0.989514652014652,0.006103633318063704
2026-02-07 07:41:00,2026-02-07 07:46:00,long,86.06,85.5363211143695,-0.0060850439882698115,0.006103633318063704,-0.006103633318063735,0.0020893797502333686,86.58688500405695,85.5363211143695,5,stop_loss,0.9908806471306472,0.006103633318063704
2026-02-07 07:47:00,2026-02-07 08:02:00,long,85.47,84.94991129032258,-0.0060850439882698115,0.006103633318063704,-0.006103633318063735,0.001636661576467578,85.99327284797522,84.94991129032258,15,stop_loss,0.9937003968253968,0.006103633318063704
2026-02-07 08:03:00,2026-02-07 08:18:00,long,85.21,84.69149340175953,-0.0060850439882697005,0.006103633318063704,-0.006103633318063623,0.0049168911982360956,85.73168105037988,84.69149340175953,15,stop_loss,0.9790064102564102,0.006103633318063704
2026-02-07 08:19:00,2026-02-07 08:51:00,long,84.95,85.47008925278455,0.006122298443608454,0.006103633318063704,0.006103633318063704,0.008089615603541097,85.47008925278455,84.43307551319648,32,take_profit,0.9576312576312577,0.006103633318063704
2026-02-07 08:54:00,2026-02-07 09:32:00,long,85.48,84.9598504398827,-0.0060850439882698115,0.006103633318063704,-0.006103633318063735,0.0018700332705351445,86.00333407095965,84.9598504398827,38,stop_loss,0.9158272283272283,0.006103633318063704
2026-02-07 12:10:00,2026-02-07 12:15:00,long,85.69,86.2146197536328,0.006122298443608454,0.006103633318063704,0.006103633318063704,0.015401844611506484,86.2146197536328,85.16857258064516,5,take_profit,0.932699938949939,0.006103633318063704
2026-02-07 12:16:00,2026-02-07 12:18:00,long,86.26,86.78810946374567,0.006122298443608454,0.006103633318063704,0.006103633318063704,0.00877198607283682,86.78810946374567,85.73510410557185,2,take_profit,0.9527777777777777,0.006103633318063704
2026-02-07 12:19:00,2026-02-07 12:20:00,long,87.02,86.49047947214076,-0.0060850439882697005,0.006103633318063704,-0.006103633318063623,-0.004030174146280427,87.5527624105628,86.49047947214076,1,stop_loss,0.9800709706959707,0.006103633318063704
2026-02-07 12:21:00,2026-02-07 12:30:00,long,86.19,86.71768090285461,0.006122298443608454,0.006103633318063704,0.006103633318063704,0.005553641486945658,86.71768090285461,85.66553005865103,9,take_profit,0.9923305860805861,0.006103633318063704
2026-02-07 12:31:00,2026-02-07 12:43:00,long,86.63,86.10285263929619,-0.0060850439882697005,0.006103633318063704,-0.006103633318063623,0.00046162724420481505,87.16037471416979,86.10285263929619,12,stop_loss,0.9798267704517705,0.006103633318063704
2026-02-07 12:44:00,2026-02-07 13:38:00,long,86.07,85.54626026392961,-0.0060850439882698115,0.006103633318063704,-0.006103633318063735,0.004173919103163867,86.59694622704137,85.54626026392961,54,stop_loss,0.9551167582417582,0.006103633318063704
2026-02-07 13:39:00,2026-02-07 13:50:00,long,85.5,86.02345651692852,0.006122298443608454,0.006103633318063704,0.006103633318063704,0.011049836186584935,86.02345651692852,84.97972873900294,11,take_profit,0.9195360195360195,0.006103633318063704
2026-02-07 14:17:00,2026-02-07 14:38:00,long,86.19,85.66553005865103,-0.0060850439882697005,0.006103633318063704,-0.006103633318063623,0.0025492481940000158,86.71768090285461,85.66553005865103,21,stop_loss,0.918646978021978,0.006103633318063704
2026-02-07 14:48:00,2026-02-07 15:04:00,long,85.47,85.99327284797522,0.006122298443608454,0.006103633318063704,0.006103633318063704,0.014980248780747002,85.99327284797522,84.94991129032258,16,take_profit,0.9082264957264957,0.006103633318063704
2026-02-07 15:21:00,2026-02-07 15:50:00,long,86.6,86.07303519061583,-0.0060850439882698115,0.006103633318063704,-0.006103633318063735,0.010453256979350371,87.13019104521649,86.07303519061583,29,stop_loss,0.9000801282051282,0.006103633318063704
2026-02-07 16:02:00,2026-02-07 16:05:00,long,86.49,87.01951759238769,0.006122298443608454,0.006103633318063704,0.006103633318063704,0.01172427222931938,87.01951759238769,85.96370454545453,3,take_profit,0.9178380647130647,0.006103633318063704
2026-02-07 16:06:00,2026-02-07 16:08:00,long,87.38,86.84828885630498,-0.0060850439882698115,0.006103633318063704,-0.006103633318063735,0.0014866490244501386,87.91496643800251,86.84828885630498,2,stop_loss,0.9786935286935287,0.006103633318063704
2026-02-07 16:09:00,2026-02-07 16:11:00,long,87.19,86.65944501466275,-0.0060850439882698115,0.006103633318063704,-0.006103633318063735,0.0036634271080161302,87.72380320129822,86.65944501466275,2,stop_loss,0.9899954212454213,0.006103633318063704
2026-02-07 16:12:00,2026-02-07 16:13:00,long,87.22,87.75398687025152,0.006122298443608454,0.006103633318063704,0.006103633318063704,0.003319410133119367,87.75398687025152,86.68926246334311,1,take_profit,0.9924107142857143,0.006103633318063704
2026-02-07 16:14:00,2026-02-07 16:15:00,long,87.17,87.70368075532934,0.006122298443608454,0.006103633318063704,0.006103633318063704,0.0038928375242550397,87.70368075532934,86.63956671554253,1,take_profit,0.9910332722832723,0.006103633318063704
2026-02-07 16:16:00,2026-02-07 16:17:00,long,87.42,86.88804545454545,-0.0060850439882699225,0.006103633318063704,-0.006103633318063847,-0.002863854411683783,87.95521132994025,86.88804545454545,1,stop_loss,0.9905028998778999,0.006103633318063704
2026-02-07 16:18:00,2026-02-07 17:18:00,long,86.83,86.8,-0.0003455027064378502,0.006103633318063704,-0.0003455624062492884,0.003908050950930984,87.36159917385852,86.30163563049852,60,timeout_1h,0.9921550671550672,0.006103633318063704
2026-02-07 17:20:00,2026-02-07 17:37:00,long,86.98,87.51251751862507,0.006122298443608454,0.006103633318063704,0.006103633318063704,0.011999458303322441,87.51251751862507,86.45072287390029,17,take_profit,0.9131868131868132,0.006103633318063704
2026-02-07 17:38:00,2026-02-07 18:20:00,long,87.51,88.04576233680018,0.006122298443608454,0.006103633318063704,0.006103633318063704,0.013732270494371866,88.04576233680018,86.97749780058652,42,take_profit,0.9113057081807082,0.006103633318063704
2026-02-07 18:23:00,2026-02-07 18:34:00,long,88.03,88.56894593199085,0.006122298443608454,0.006103633318063704,0.006103633318063704,0.0121938961518137,88.56894593199085,87.49433357771261,11,take_profit,0.9119009462759463,0.006103633318063704
2026-02-07 18:37:00,2026-02-07 18:49:00,long,88.43,88.9713948513683,0.006122298443608454,0.006103633318063704,0.006103633318063704,0.00766028303698468,88.9713948513683,87.89189956011731,12,take_profit,0.9165254884004884,0.006103633318063704
2026-02-07 18:56:00,2026-02-07 19:31:00,long,88.61,88.07080425219941,-0.0060850439882698115,0.006103633318063704,-0.006103633318063735,0.0010151712563229158,89.15249686508814,88.07080425219941,35,stop_loss,0.9171550671550671,0.006103633318063704
2026-02-07 19:32:00,2026-02-07 20:32:00,long,88.07,88.34,0.0030657431588509976,0.006103633318063704,0.003061053351012367,0.004983587163417679,88.60919082392859,87.53409017595307,60,timeout_1h,0.9232753357753358,0.006103633318063704
2026-02-07 23:07:00,2026-02-07 23:22:00,long,87.36,86.82841055718475,-0.0060850439882698115,0.006103633318063704,-0.006103633318063735,0.004454350349380375,87.89484399203363,86.82841055718475,15,stop_loss,0.9100885225885226,0.006103633318063704
2026-02-07 23:23:00,2026-02-08 00:23:00,long,87.24,87.11,-0.0014901421366345646,0.006103633318063704,-0.0014912535026276584,0.005828921012546934,87.77410931622039,86.70914076246333,60,timeout_1h,0.9250839438339439,0.006103633318063704
2026-02-08 08:25:00,2026-02-08 08:32:00,long,87.69,88.22686435052002,0.006122298443608454,0.006103633318063704,0.006103633318063704,0.011339275597096726,88.22686435052002,87.15640249266862,7,take_profit,0.9259004884004884,0.006103633318063704
2026-02-08 08:33:00,2026-02-08 09:33:00,long,88.43,88.47,0.0004523351803684683,0.006103633318063704,0.00045223290765063873,0.0029358648007171547,88.9713948513683,87.89189956011731,60,timeout_1h,0.9448641636141636,0.006103633318063704
2026-02-08 09:36:00,2026-02-08 10:22:00,long,87.78,87.24585483870968,-0.0060850439882698115,0.006103633318063704,-0.006103633318063735,0.001593625835278026,88.31741535737996,87.24585483870968,46,stop_loss,0.9220352564102564,0.006103633318063704
2026-02-08 10:23:00,2026-02-08 11:14:00,long,86.83,87.36159917385852,0.006122298443608454,0.006103633318063704,0.006103633318063704,0.008714652102443909,87.36159917385852,86.30163563049852,51,take_profit,0.9385836385836386,0.006103633318063704
2026-02-08 11:19:00,2026-02-08 11:33:00,long,87.32,87.85459910009588,0.006122298443608454,0.006103633318063704,0.006103633318063704,0.010027431331002683,87.85459910009588,86.78865395894427,14,take_profit,0.9191697191697191,0.006103633318063704
2026-02-08 11:34:00,2026-02-08 12:34:00,long,87.91,87.87,-0.00045501080650656167,0.006103633318063704,-0.00045511435533532926,0.0032933991496584708,88.44821125617761,87.37506378299119,60,timeout_1h,0.9090315934065935,0.006103633318063704
2026-02-08 13:24:00,2026-02-08 13:26:00,long,88.74,88.20001319648094,-0.0060850439882697005,0.006103633318063704,-0.006103633318063623,-0.0007891325588477132,89.28329276388581,88.20001319648094,2,stop_loss,0.9013659951159951,0.006103633318063704
2026-02-08 13:27:00,2026-02-08 14:20:00,long,88.5,87.96147360703812,-0.0060850439882699225,0.006103633318063704,-0.006103633318063847,0.0015806709850897476,89.04182341225935,87.96147360703812,53,stop_loss,0.9279418498168498,0.006103633318063704
2026-02-08 15:27:00,2026-02-08 16:27:00,long,87.56,87.67,0.0012562814070351536,0.006103633318063704,0.0012554929458320028,0.002964992478909124,88.09606845172236,87.0271935483871,60,timeout_1h,0.9169184981684981,0.006103633318063704
2026-02-08 16:43:00,2026-02-08 16:49:00,long,86.55,86.02333944281524,-0.0060850439882698115,0.006103633318063704,-0.006103633318063735,0.004495943938427847,87.07988493029431,86.02333944281524,6,stop_loss,0.9137782356532357,0.006103633318063704
2026-02-08 16:50:00,2026-02-08 17:04:00,long,86.06,86.58688500405695,0.006122298443608454,0.006103633318063704,0.006103633318063704,0.01017349815019245,86.58688500405695,85.5363211143695,14,take_profit,0.9451198107448108,0.006103633318063704
2026-02-08 17:05:00,2026-02-08 18:03:00,long,86.57,87.10000737626318,0.006122298443608454,0.006103633318063704,0.006103633318063704,0.007938832467781183,87.10000737626318,86.04321774193548,58,take_profit,0.9568948412698413,0.006103633318063704
2026-02-08 18:36:00,2026-02-08 18:51:00,long,88.45,87.91177785923753,-0.0060850439882699225,0.006103633318063704,-0.006103633318063847,-0.0011312218400889374,88.99151729733717,87.91177785923753,15,stop_loss,0.9364010989010989,0.006103633318063704
2026-02-08 20:04:00,2026-02-08 20:49:00,long,87.49,86.95761950146627,-0.0060850439882698115,0.006103633318063704,-0.006103633318063735,0.0027394150221195417,88.0256398908313,86.95761950146627,45,stop_loss,0.9204822954822954,0.006103633318063704
2026-02-08 23:04:00,2026-02-08 23:05:00,long,87.93,88.4683337021465,0.006122298443608454,0.006103633318063704,0.006103633318063704,0.011308500020637895,88.4683337021465,87.39494208211144,1,take_profit,0.9196962759462759,0.006103633318063704
2026-02-08 23:06:00,2026-02-08 23:10:00,long,88.66,88.12049999999999,-0.0060850439882698115,0.006103633318063704,-0.006103633318063735,0.0030407140946414096,89.20280298001032,88.12049999999999,4,stop_loss,0.9807577838827839,0.006103633318063704
2026-02-08 23:11:00,2026-02-08 23:23:00,long,87.95,87.41482038123168,-0.0060850439882697005,0.006103633318063704,-0.006103633318063623,0.0007955901993781351,88.48845614811536,87.41482038123168,12,stop_loss,0.9930975274725274,0.006103633318063704
2026-02-08 23:24:00,2026-02-08 23:25:00,long,86.46,86.98933392343439,0.006122298443608454,0.006103633318063704,0.006103633318063704,0.009783124583230756,86.98933392343439,85.93388709677419,1,take_profit,0.9889003357753358,0.006103633318063704
2026-02-08 23:26:00,2026-02-08 23:34:00,long,86.76,86.23206158357772,-0.0060850439882698115,0.006103633318063704,-0.006103633318063735,0.0066628620987412455,87.29117061296748,86.23206158357772,8,stop_loss,0.9923229548229549,0.006103633318063704
2026-02-08 23:35:00,2026-02-08 23:45:00,long,86.33,86.85853802463672,0.006122298443608454,0.006103633318063704,0.006103633318063704,0.011631385809983774,86.85853802463672,85.80467815249267,10,take_profit,0.9968482905982906,0.006103633318063704
2026-02-08 23:46:00,2026-02-08 23:50:00,long,86.97,87.50245629564063,0.006122298443608454,0.006103633318063704,0.006103633318063704,0.004245316455741183,87.50245629564063,86.44078372434018,4,take_profit,0.9820474664224664,0.006103633318063704
2026-02-08 23:51:00,2026-02-09 00:03:00,long,87.31,86.77871480938417,-0.0060850439882698115,0.006103633318063704,-0.006103633318063735,0.00034354423469864717,87.84453787711146,86.77871480938417,12,stop_loss,0.9874732905982906,0.006103633318063704
2026-02-09 00:04:00,2026-02-09 00:25:00,long,86.77,87.3012318359519,0.006122298443608454,0.006103633318063704,0.006103633318063704,0.006547608252016606,87.3012318359519,86.24200073313783,21,take_profit,0.9688606532356533,0.006103633318063704
2026-02-09 00:26:00,2026-02-09 00:40:00,long,87.05,86.52029692082111,-0.0060850439882698115,0.006103633318063704,-0.006103633318063735,0.008351018045890047,87.58294607951612,86.52029692082111,14,stop_loss,0.9402167277167277,0.006103633318063704
2026-02-09 00:41:00,2026-02-09 01:02:00,long,86.6,87.13019104521649,0.006122298443608454,0.006103633318063704,0.006103633318063704,0.013533868691698554,87.13019104521649,86.07303519061583,21,take_profit,0.9559447496947497,0.006103633318063704
2026-02-09 01:03:00,2026-02-09 01:22:00,long,87.03,87.56282363354724,0.006122298443608454,0.006103633318063704,0.006103633318063704,0.008580797458665539,87.56282363354724,86.50041862170087,19,take_profit,0.9156707875457876,0.006103633318063704
2026-02-09 01:23:00,2026-02-09 01:35:00,long,87.59,87.05701099706745,-0.0060850439882698115,0.006103633318063704,-0.006103633318063735,0.002166848085090293,88.12625212067567,87.05701099706745,12,stop_loss,0.9383699633699634,0.006103633318063704
2026-02-09 01:36:00,2026-02-09 01:42:00,long,86.73,86.20224413489737,-0.0060850439882697005,0.006103633318063704,-0.006103633318063623,0.00023057413060422345,87.26098694401416,86.20224413489737,6,stop_loss,0.9287164224664225,0.006103633318063704
2026-02-09 01:43:00,2026-02-09 02:08:00,long,86.14,86.66737478793243,0.006122298443608454,0.006103633318063704,0.006103633318063704,0.01669295654903319,86.66737478793243,85.61583431085045,25,take_profit,0.9743055555555555,0.006103633318063704
2026-02-09 02:09:00,2026-02-09 02:40:00,long,86.55,87.07988493029431,0.006122298443608454,0.006103633318063704,0.006103633318063704,0.011944554552779455,87.07988493029431,86.02333944281524,31,take_profit,0.9417277167277167,0.006103633318063704
2026-02-09 02:41:00,2026-02-09 02:53:00,long,87.59,87.05701099706745,-0.0060850439882698115,0.006103633318063704,-0.006103633318063735,-0.00034256352033538474,88.12625212067567,87.05701099706745,12,stop_loss,0.9034302503052503,0.006103633318063704
2026-02-09 03:01:00,2026-02-09 03:34:00,long,86.95,87.48233384967176,0.006122298443608454,0.006103633318063704,0.006103633318063704,0.01018373696092844,87.48233384967176,86.42090542521994,33,take_profit,0.9036019536019536,0.006103633318063704
2026-02-09 08:32:00,2026-02-09 08:43:00,long,84.01,84.52433429224754,0.006122298443608454,0.006103633318063704,0.006103633318063704,0.009477620996852894,84.52433429224754,83.49879545454546,11,take_profit,0.9389690170940171,0.006103633318063704
2026-02-09 08:44:00,2026-02-09 09:43:00,long,84.49,83.97587463343108,-0.0060850439882698115,0.006103633318063704,-0.006103633318063735,0.003780276208855382,85.00727299550047,83.97587463343108,59,stop_loss,0.9363858363858364,0.006103633318063704
2026-02-09 10:37:00,2026-02-09 11:37:00,long,83.31,83.38,0.0008402352658742895,0.006103633318063704,0.0008398824658328066,0.0037141359416011242,83.82004868333702,82.80305498533724,60,timeout_1h,0.9295673076923077,0.006103633318063704
2026-02-09 14:38:00,2026-02-09 14:40:00,long,84.43,84.94690565759387,0.006122298443608454,0.006103633318063704,0.006103633318063704,0.01469663745808487,84.94690565759387,83.91623973607038,2,take_profit,0.9507783882783882,0.006103633318063704
2026-02-09 14:41:00,2026-02-09 15:01:00,long,84.75,85.26886479309582,0.006122298443608454,0.006103633318063704,0.006103633318063704,0.010913679878933828,85.26886479309582,84.23429252199413,20,take_profit,0.9813263125763125,0.006103633318063704
2026-02-09 15:02:00,2026-02-09 15:05:00,long,85.2,85.72161982739544,0.006122298443608454,0.006103633318063704,0.006103633318063704,0.005617992304223274,85.72161982739544,84.68155425219942,3,take_profit,0.9677274114774115,0.006103633318063704
2026-02-09 15:06:00,2026-02-09 15:12:00,long,85.56,85.03936363636363,-0.0060850439882699225,0.006103633318063704,-0.006103633318063847,0.0008178048238957593,86.08382385483515,85.03936363636363,6,stop_loss,0.9802045177045177,0.006103633318063704
2026-02-09 15:13:00,2026-02-09 15:21:00,long,85.05,84.53246700879765,-0.0060850439882698115,0.006103633318063704,-0.006103633318063735,0.00667958187492938,85.57070148262889,84.53246700879765,8,stop_loss,0.9645604395604396,0.006103633318063704
2026-02-09 15:22:00,2026-02-09 15:36:00,long,84.56,85.07770155639153,0.006122298443608454,0.006103633318063704,0.006103633318063704,0.012457559154817941,85.07770155639153,84.04544868035191,14,take_profit,0.9683226495726496,0.006103633318063704
2026-02-09 15:37:00,2026-02-09 16:09:00,long,85.33,84.81076319648093,-0.0060850439882698115,0.006103633318063704,-0.006103633318063735,0.003392808168306738,85.8524157261931,84.81076319648093,32,stop_loss,0.9821581196581196,0.006103633318063704
2026-02-09 16:10:00,2026-02-09 16:42:00,long,85.07,85.59082392859776,0.006122298443608454,0.006103633318063704,0.006103633318063704,0.019210090703543136,85.59082392859776,84.55234530791788,32,take_profit,0.9264270451770452,0.006103633318063704
2026-02-09 16:43:00,2026-02-09 16:45:00,long,85.84,86.36553809839936,0.006122298443608454,0.006103633318063704,0.006103633318063704,0.022462500615674418,86.36553809839936,85.31765982404693,2,take_profit,0.9424946581196582,0.006103633318063704
2026-02-09 16:46:00,2026-02-09 16:50:00,long,86.71,86.18236583577712,-0.0060850439882698115,0.006103633318063704,-0.006103633318063735,0.012720047744502316,87.24086449804528,86.18236583577712,4,stop_loss,0.9587225274725275,0.006103633318063704
2026-02-09 16:51:00,2026-02-09 17:13:00,long,86.25,85.72516495601172,-0.0060850439882698115,0.006103633318063704,-0.006103633318063735,0.018039209222102157,86.77804824076122,85.72516495601172,22,stop_loss,0.9847336691086691,0.006103633318063704
2026-02-09 17:14:00,2026-02-09 17:19:00,long,85.7,86.22468097661725,0.006122298443608454,0.006103633318063704,0.006103633318063704,0.03226271437705146,86.22468097661725,85.17851173020529,5,take_profit,0.9281517094017094,0.006103633318063704
2026-02-09 17:20:00,2026-02-09 17:30:00,long,86.08,86.60700745002582,0.006122298443608454,0.006103633318063704,0.006103633318063704,0.027838443567311258,86.60700745002582,85.55619941348974,10,take_profit,0.9229967948717949,0.006103633318063704
2026-02-09 17:31:00,2026-02-09 17:35:00,long,86.68,87.21068082909198,0.006122298443608454,0.006103633318063704,0.006103633318063704,0.020892363312627234,87.21068082909198,86.15254838709679,4,take_profit,0.9322000915750915,0.006103633318063704
2026-02-09 17:36:00,2026-02-09 18:03:00,long,87.61,88.14637456664454,0.006122298443608454,0.006103633318063704,0.006103633318063704,0.010220393302513134,88.14637456664454,87.07688929618769,27,take_profit,0.980376221001221,0.006103633318063704
2026-02-09 18:04:00,2026-02-09 18:17:00,long,88.36,87.82232551319647,-0.0060850439882698115,0.006103633318063704,-0.006103633318063735,0.0016961614288691956,88.90096629047724,87.82232551319647,13,stop_loss,0.967876221001221,0.006103633318063704
2026-02-09 18:18:00,2026-02-09 18:21:00,long,87.78,87.24585483870968,-0.0060850439882698115,0.006103633318063704,-0.006103633318063735,0.0010247652476638568,88.31741535737996,87.24585483870968,3,stop_loss,0.9288995726495727,0.006103633318063704
2026-02-09 18:22:00,2026-02-09 18:33:00,long,87.27,87.8042929851737,0.006122298443608454,0.006103633318063704,0.006103633318063704,0.0060547394658511215,87.8042929851737,86.7389582111437,11,take_profit,0.9684561965811965,0.006103633318063704
2026-02-09 18:34:00,2026-02-09 19:02:00,long,87.64,87.10670674486803,-0.0060850439882698115,0.006103633318063704,-0.006103633318063735,0.0022794630339548374,88.17655823559785,87.10670674486803,28,stop_loss,0.958131105006105,0.006103633318063704
2026-02-09 19:03:00,2026-02-09 19:35:00,long,87.5,88.03570111381573,0.006122298443608454,0.006103633318063704,0.006103633318063704,0.007060728570573705,88.03570111381573,86.9675586510264,32,take_profit,0.9196008852258852,0.006103633318063704
2026-02-09 19:36:00,2026-02-09 20:16:00,long,88.05,87.51421187683285,-0.0060850439882697005,0.006103633318063704,-0.006103633318063623,0.001588742957874363,88.58906837795972,87.51421187683285,40,stop_loss,0.9257898351648352,0.006103633318063704
2026-02-09 20:17:00,2026-02-09 20:59:00,long,87.37,87.90490521501808,0.006122298443608454,0.006103633318063704,0.006103633318063704,0.00479562462811409,87.90490521501808,86.83834970674486,42,take_profit,0.9105425824175825,0.006103633318063704
2026-02-09 21:55:00,2026-02-09 22:55:00,long,87.25,87.02,-0.002636103151862468,0.006103633318063704,-0.0026395837900024983,0.0024039849022380066,87.78417053920484,86.71907991202346,60,timeout_1h,0.9193948412698413,0.006103633318063704
2026-02-10 03:31:00,2026-02-10 03:56:00,long,85.35,85.87253817216198,0.006122298443608454,0.006103633318063704,0.006103633318063704,0.01222722656956056,85.87253817216198,84.83064149560117,25,take_profit,0.9146291208791208,0.006103633318063704
2026-02-10 06:54:00,2026-02-10 07:02:00,long,84.3,84.81610975879619,0.006122298443608454,0.006103633318063704,0.006103633318063704,0.008151737502724977,84.81610975879619,83.78703079178885,8,take_profit,0.9117826617826618,0.006103633318063704
2026-02-10 14:18:00,2026-02-10 14:23:00,long,85.06,84.54240615835778,-0.0060850439882697005,0.006103633318063704,-0.006103633318063623,-0.00011757098361671331,85.58076270561334,84.54240615835778,5,stop_loss,0.9013927045177045,0.006103633318063704
2026-02-10 14:24:00,2026-02-10 14:37:00,long,84.43,83.91623973607038,-0.0060850439882699225,0.006103633318063704,-0.006103633318063847,0.0017750433629338792,84.94690565759387,83.91623973607038,13,stop_loss,0.9238095238095239,0.006103633318063704
2026-02-10 14:38:00,2026-02-10 14:42:00,long,83.75,83.2403775659824,-0.0060850439882698115,0.006103633318063704,-0.006103633318063735,0.008323472548633262,84.2627424946522,83.2403775659824,4,stop_loss,0.9838598901098901,0.006103633318063704
2026-02-10 14:43:00,2026-02-10 14:52:00,long,83.34,83.85023235229033,0.006122298443608454,0.006103633318063704,0.006103633318063704,0.013231017259501631,83.85023235229033,82.8328724340176,9,take_profit,0.9842032967032966,0.006103633318063704
2026-02-10 14:53:00,2026-02-10 15:07:00,long,83.8,84.31304860957438,0.006122298443608454,0.006103633318063704,0.006103633318063704,0.007726635765771745,84.31304860957438,83.29007331378298,14,take_profit,0.9796588827838828,0.006103633318063704
2026-02-10 15:08:00,2026-02-10 15:13:00,long,84.2,83.68763929618768,-0.0060850439882698115,0.006103633318063704,-0.006103633318063735,0.002964722005528102,84.71549752895183,83.68763929618768,5,stop_loss,0.9817880036630037,0.006103633318063704
2026-02-10 15:14:00,2026-02-10 15:22:00,long,83.75,84.2627424946522,0.006122298443608454,0.006103633318063704,0.006103633318063704,0.011515530587975116,84.2627424946522,83.2403775659824,8,take_profit,0.9792506105006105,0.006103633318063704
2026-02-10 15:23:00,2026-02-10 16:14:00,long,84.16,84.67525263701408,0.006122298443608454,0.006103633318063704,0.006103633318063704,0.006631952303751207,84.67525263701408,83.64788269794721,51,take_profit,0.9607600732600733,0.006103633318063704
2026-02-10 16:15:00,2026-02-10 16:22:00,long,84.68,84.16471847507331,-0.0060850439882698115,0.006103633318063704,-0.006103633318063735,0.0007082989317485492,85.19843623220477,84.16471847507331,7,stop_loss,0.9635760073260073,0.006103633318063704
2026-02-10 16:23:00,2026-02-10 17:23:00,long,84.33,84.59,0.003083125815249721,0.006103633318063704,0.003078382729373054,0.004850071611862997,84.8462934277495,83.8168482404692,60,timeout_1h,0.9558722527472527,0.006103633318063704
2026-02-10 18:26:00,2026-02-10 18:46:00,long,83.51,83.00183797653959,-0.0060850439882698115,0.006103633318063704,-0.006103633318063735,0.0007182188482066684,84.02127314302575,83.00183797653959,20,stop_loss,0.9467071123321124,0.006103633318063704
2026-02-10 18:47:00,2026-02-10 19:35:00,long,82.74,83.24655897322415,0.006122298443608454,0.006103633318063704,0.006103633318063704,0.008424649659251623,83.24655897322415,82.23652346041055,48,take_profit,0.9520680708180708,0.006103633318063704
2026-02-10 19:36:00,2026-02-10 20:03:00,long,83.37,82.86268988269795,-0.0060850439882698115,0.006103633318063704,-0.006103633318063735,0.0008392782699949171,83.88041602124365,82.86268988269795,27,stop_loss,0.9131257631257631,0.006103633318063704
2026-02-10 20:35:00,2026-02-10 21:08:00,long,82.35,82.85417127683115,0.006122298443608454,0.006103633318063704,0.006103633318063704,0.006173980025606443,82.85417127683115,81.84889662756598,33,take_profit,0.9092261904761905,0.006103633318063704
2026-02-10 21:32:00,2026-02-10 21:54:00,long,81.95,82.45172235745372,0.006122298443608454,0.006103633318063704,0.006103633318063704,0.008505519077194561,82.45172235745372,81.45133064516129,22,take_profit,0.9088522588522588,0.006103633318063704
2026-02-11 03:42:00,2026-02-11 03:58:00,long,83.76,83.25031671554252,-0.0060850439882698115,0.006103633318063704,-0.006103633318063735,-0.0004776689844825051,84.27280371763665,83.25031671554252,16,stop_loss,0.9163919413919414,0.006103633318063704
2026-02-11 04:54:00,2026-02-11 05:02:00,long,81.76,82.26055912074943,0.006122298443608454,0.006103633318063704,0.006103633318063704,0.006825965070399669,82.26055912074943,81.26248680351907,8,take_profit,0.9076655982905983,0.006103633318063704
2026-02-11 05:04:00,2026-02-11 06:04:00,long,82.15,81.79,-0.0043822276323798315,0.006103633318063704,-0.004391857736394393,0.0020672470425168368,82.65294681714244,81.65011363636364,60,timeout_1h,0.9049488705738705,0.006103633318063704
2026-02-11 06:16:00,2026-02-11 06:25:00,long,80.83,81.32486538319687,0.006122298443608454,0.006103633318063704,0.006103633318063704,0.008622866929066435,81.32486538319687,80.33814589442815,9,take_profit,0.95191163003663,0.006103633318063704
2026-02-11 06:26:00,2026-02-11 06:48:00,long,81.5,81.00406891495601,-0.0060850439882698115,0.006103633318063704,-0.006103633318063735,0.0003680304280023134,81.99896732315409,81.00406891495601,22,stop_loss,0.9440438034188035,0.006103633318063704
2026-02-11 06:49:00,2026-02-11 07:15:00,long,80.89,80.39778079178886,-0.0060850439882697005,0.006103633318063704,-0.006103633318063623,0.0037018798444938502,81.38523272110349,80.39778079178886,26,stop_loss,0.9007058913308913,0.006103633318063704
2026-02-11 07:36:00,2026-02-11 08:09:00,long,81.05,80.55680718475072,-0.0060850439882699225,0.006103633318063704,-0.006103633318063847,0.0030797683720797608,81.54621228885446,80.55680718475072,33,stop_loss,0.9071619352869353,0.006103633318063704
2026-02-11 13:33:00,2026-02-11 13:51:00,long,81.57,81.07364296187683,-0.0060850439882698115,0.006103633318063704,-0.006103633318063735,0.015932231198683942,82.06939588404514,81.07364296187683,18,stop_loss,0.9081539987789988,0.006103633318063704
2026-02-11 13:52:00,2026-02-11 13:55:00,long,80.86,81.35504905215018,0.006122298443608454,0.006103633318063704,0.006103633318063704,0.024674514298548025,81.35504905215018,80.3679633431085,3,take_profit,0.9212950244200244,0.006103633318063704
2026-02-11 13:56:00,2026-02-11 14:03:00,long,81.41,81.90841631629416,0.006122298443608454,0.006103633318063704,0.006103633318063704,0.017895662925286448,81.90841631629416,80.91461656891495,7,take_profit,0.9296550671550672,0.006103633318063704
2026-02-11 14:04:00,2026-02-11 14:10:00,long,82.02,82.52215091834476,0.006122298443608454,0.006103633318063704,0.006103633318063704,0.010430658547259768,82.52215091834476,81.52090469208211,6,take_profit,0.9593406593406594,0.006103633318063704
2026-02-11 14:11:00,2026-02-11 14:22:00,long,82.69,82.18682771260997,-0.0060850439882698115,0.006103633318063704,-0.006103633318063735,0.002295102777097488,83.19625285830197,82.18682771260997,11,stop_loss,0.9875076312576313,0.006103633318063704
2026-02-11 14:23:00,2026-02-11 14:34:00,long,81.95,81.45133064516129,-0.0060850439882698115,0.006103633318063704,-0.006103633318063735,0.0029243349705699003,82.45172235745372,81.45133064516129,11,stop_loss,0.9823679792429793,0.006103633318063704
2026-02-11 14:35:00,2026-02-11 14:41:00,long,81.38,80.8847991202346,-0.0060850439882697005,0.006103633318063704,-0.006103633318063623,0.0017188463409254762,81.87823264734085,80.8847991202346,6,stop_loss,0.9902472527472528,0.006103633318063704
2026-02-11 14:42:00,2026-02-11 14:45:00,long,80.79,81.28462049125913,0.006122298443608454,0.006103633318063704,0.006103633318063704,0.004446098468983086,81.28462049125913,80.2983892961877,3,take_profit,0.9865728021978022,0.006103633318063704
2026-02-11 14:46:00,2026-02-11 14:57:00,long,80.79,80.2983892961877,-0.0060850439882697005,0.006103633318063704,-0.006103633318063623,0.0002475247537389806,81.28462049125913,80.2983892961877,11,stop_loss,0.9907699938949939,0.006103633318063704
2026-02-11 14:58:00,2026-02-11 15:06:00,long,79.81,79.3243526392962,-0.0060850439882697005,0.006103633318063704,-0.006103633318063623,0.0037518803391078815,80.2986206387844,79.3243526392962,8,stop_loss,0.9908653846153846,0.006103633318063704
2026-02-11 15:07:00,2026-02-11 15:13:00,long,79.12,78.6385513196481,-0.0060850439882698115,0.006103633318063704,-0.006103633318063735,0.012435002912568641,79.60439625285831,78.6385513196481,6,stop_loss,0.9908043345543346,0.006103633318063704
2026-02-11 15:14:00,2026-02-11 15:21:00,long,79.15,79.63457992181162,0.006122298443608454,0.006103633318063704,0.006103633318063704,0.01877401824419661,79.63457992181162,78.66836876832845,7,take_profit,0.9963064713064713,0.006103633318063704
2026-02-11 15:22:00,2026-02-11 15:27:00,long,79.49,79.00629985337243,-0.0060850439882698115,0.006103633318063704,-0.006103633318063735,0.015355148460332198,79.97666150328243,79.00629985337243,5,stop_loss,0.9923382173382174,0.006103633318063704
2026-02-11 15:28:00,2026-02-11 15:41:00,long,79.42,79.90623294239138,0.006122298443608454,0.006103633318063704,0.006103633318063704,0.016236150342248016,79.90623294239138,78.93672580645162,13,take_profit,0.9901289682539682,0.006103633318063704
2026-02-11 15:42:00,2026-02-11 15:50:00,long,79.94,79.45356158357771,-0.0060850439882698115,0.006103633318063704,-0.006103633318063735,0.009710022762176017,80.42941653758206,79.45356158357771,8,stop_loss,0.9799450549450549,0.006103633318063704
2026-02-11 15:51:00,2026-02-11 16:10:00,long,79.67,80.15776351700228,0.006122298443608454,0.006103633318063704,0.006103633318063704,0.013093272653078908,80.15776351700228,79.18520454545454,19,take_profit,0.9851991758241758,0.006103633318063704
2026-02-11 16:11:00,2026-02-11 16:28:00,long,80.47,79.98033651026392,-0.0060850439882698115,0.006103633318063704,-0.006103633318063735,0.0031019318873120837,80.96266135575718,79.98033651026392,17,stop_loss,0.9608783577533577,0.006103633318063704
2026-02-11 16:29:00,2026-02-11 16:36:00,long,79.97,79.48337903225806,-0.0060850439882699225,0.006103633318063704,-0.006103633318063847,0.0008749453717341935,80.45960020653537,79.48337903225806,7,stop_loss,0.9745344932844933,0.006103633318063704
2026-02-11 16:37:00,2026-02-11 16:50:00,long,79.14,78.65842961876832,-0.0060850439882698115,0.006103633318063704,-0.006103633318063735,0.00930707259033622,79.62451869882717,78.65842961876832,13,stop_loss,0.9664033882783882,0.006103633318063704
2026-02-11 16:51:00,2026-02-11 17:02:00,long,78.69,78.21116788856304,-0.0060850439882699225,0.006103633318063704,-0.006103633318063847,0.015009426000722534,79.17176366452755,78.21116788856304,11,stop_loss,0.9767437423687424,0.006103633318063704
2026-02-11 17:03:00,2026-02-11 17:11:00,long,78.27,78.74919229918123,0.006122298443608454,0.006103633318063704,0.006103633318063704,0.02036112073086775,78.74919229918123,77.79372360703812,8,take_profit,0.9816391941391941,0.006103633318063704
2026-02-11 17:12:00,2026-02-11 17:21:00,long,78.73,79.21200855646529,0.006122298443608454,0.006103633318063704,0.006103633318063704,0.014501231351238583,79.21200855646529,78.25092448680353,9,take_profit,0.9527968559218559,0.006103633318063704
2026-02-11 17:22:00,2026-02-11 17:31:00,long,79.37,79.8559268274692,0.006122298443608454,0.006103633318063704,0.006103633318063704,0.006405045444830281,79.8559268274692,78.88703005865104,9,take_profit,0.9652090964590965,0.006103633318063704
2026-02-11 17:32:00,2026-02-11 17:59:00,long,79.46,78.97648240469208,-0.0060850439882698115,0.006103633318063704,-0.006103633318063735,0.00364299127850123,79.94647783432912,78.97648240469208,27,stop_loss,0.9776327838827839,0.006103633318063704
2026-02-11 18:00:00,2026-02-11 18:07:00,long,79.07,78.5888555718475,-0.0060850439882698115,0.006103633318063704,-0.006103633318063735,0.01044231668939343,79.55409013793611,78.5888555718475,7,stop_loss,0.9542467948717949,0.006103633318063704
2026-02-11 18:08:00,2026-02-11 18:16:00,long,78.67,79.15164121855868,0.006122298443608454,0.006103633318063704,0.006103633318063704,0.017889113994439744,79.15164121855868,78.19128958944282,8,take_profit,0.914587148962149,0.006103633318063704
2026-02-11 18:17:00,2026-02-11 18:28:00,long,79.34,79.82574315851589,0.006122298443608454,0.006103633318063704,0.006103633318063704,0.010781099786284746,79.82574315851589,78.85721260997067,11,take_profit,0.9404494810744811,0.006103633318063704
2026-02-11 18:29:00,2026-02-11 19:07:00,long,79.61,80.09739617909567,0.006122298443608454,0.006103633318063704,0.006103633318063704,0.0073838017719819495,80.09739617909567,79.12556964809384,38,take_profit,0.9268200549450549,0.006103633318063704
2026-02-11 19:08:00,2026-02-11 19:28:00,long,80.09,79.60264882697948,-0.0060850439882698115,0.006103633318063704,-0.006103633318063735,0.0013725125368779932,80.58033488234861,79.60264882697948,20,stop_loss,0.9311507936507937,0.006103633318063704
2026-02-11 19:31:00,2026-02-11 19:39:00,long,79.33,79.81568193553146,0.006122298443608454,0.006103633318063704,0.006103633318063704,0.007659985969265896,79.81568193553146,78.84727346041055,8,take_profit,0.9231150793650794,0.006103633318063704
2026-02-11 19:40:00,2026-02-11 20:24:00,long,79.82,79.33429178885629,-0.0060850439882699225,0.006103633318063704,-0.006103633318063847,0.001502253662589735,80.30868186176882,79.33429178885629,44,stop_loss,0.9038003663003663,0.006103633318063704
2026-02-11 20:25:00,2026-02-11 20:48:00,long,79.17,79.65470236778049,0.006122298443608454,0.006103633318063704,0.006103633318063704,0.0167839611285471,79.65470236778049,78.68824706744869,23,take_profit,0.9029532967032967,0.006103633318063704
2026-02-11 20:49:00,2026-02-11 21:24:00,long,79.77,80.25837574684664,0.006122298443608454,0.006103633318063704,0.006103633318063704,0.014684186200606098,80.25837574684664,79.2845960410557,35,take_profit,0.9261294261294262,0.006103633318063704
2026-02-11 21:27:00,2026-02-11 21:29:00,long,80.46,80.95260013277273,0.006122298443608454,0.006103633318063704,0.006103633318063704,0.006071513602002047,80.95260013277273,79.9703973607038,2,take_profit,0.9083485958485958,0.006103633318063704
2026-02-11 21:30:00,2026-02-11 21:37:00,long,80.52,81.01296747067934,0.006122298443608454,0.006103633318063704,0.006103633318063704,0.005326079352053382,81.01296747067934,80.03003225806451,7,take_profit,0.9554830586080586,0.006103633318063704
2026-02-11 21:38:00,2026-02-11 21:42:00,long,80.88,80.38784164222874,-0.0060850439882698115,0.006103633318063704,-0.006103633318063735,-0.001113379220598602,81.37517149811904,80.38784164222874,4,stop_loss,0.9133547008547008,0.006103633318063704
2026-02-11 21:43:00,2026-02-11 22:11:00,long,80.27,79.78155351906157,-0.0060850439882698115,0.006103633318063704,-0.006103633318063735,0.0006227037999335395,80.76143689606845,79.78155351906157,28,stop_loss,0.9337721306471306,0.006103633318063704
2026-02-11 22:14:00,2026-02-11 23:01:00,long,79.85,79.36410923753665,-0.0060850439882698115,0.006103633318063704,-0.006103633318063735,0.0027513774235210092,80.33886553072213,79.36410923753665,47,stop_loss,0.9123855311355311,0.006103633318063704
2026-02-12 05:33:00,2026-02-12 06:33:00,long,80.48,80.72,0.0029821073558646827,0.006103633318063704,0.0029776696939243126,0.005699433096290469,80.97272257874161,79.99027565982405,60,timeout_1h,0.9011942918192918,0.006103633318063704
2026-02-12 09:34:00,2026-02-12 10:34:00,long,81.73,81.66,-0.0008564786492109011,0.006103633318063704,-0.0008568456366087214,0.0009783539975683829,82.23037545179612,81.2326693548387,60,timeout_1h,0.9209783272283272,0.006103633318063704
2026-02-12 13:32:00,2026-02-12 13:46:00,long,81.13,81.62670207272996,0.006122298443608454,0.006103633318063704,0.006103633318063704,0.010788384641346344,81.62670207272996,80.63632038123167,14,take_profit,0.9034836691086691,0.006103633318063704
2026-02-12 13:58:00,2026-02-12 14:02:00,long,82.01,81.510965542522,-0.0060850439882698115,0.006103633318063704,-0.006103633318063735,-0.0013422001892961443,82.51208969536033,81.510965542522,4,stop_loss,0.9102029914529914,0.006103633318063704
2026-02-12 14:04:00,2026-02-12 14:44:00,long,81.46,80.96431231671554,-0.0060850439882698115,0.006103633318063704,-0.006103633318063735,0.002084739242998082,81.95872243121634,80.96431231671554,40,stop_loss,0.9126755189255189,0.006103633318063704
2026-02-12 14:46:00,2026-02-12 15:05:00,long,81.14,80.6462595307918,-0.0060850439882697005,0.006103633318063704,-0.006103633318063623,0.004794992896518224,81.63676329571439,80.6462595307918,19,stop_loss,0.9064789377289377,0.006103633318063704
2026-02-12 15:06:00,2026-02-12 15:16:00,long,80.54,81.03308991664824,0.006122298443608454,0.006103633318063704,0.006103633318063704,0.0108669876515246,81.03308991664824,80.04991055718476,10,take_profit,0.9520184676434676,0.006103633318063704
2026-02-12 15:17:00,2026-02-12 15:23:00,long,80.83,81.32486538319687,0.006122298443608454,0.006103633318063704,0.006103633318063704,0.007272759329079878,81.32486538319687,80.33814589442815,6,take_profit,0.9559867216117216,0.006103633318063704
2026-02-12 15:24:00,2026-02-12 15:36:00,long,81.2,80.70589442815249,-0.0060850439882698115,0.006103633318063704,-0.006103633318063735,0.0027056959072005206,81.69713063362101,80.70589442815249,12,stop_loss,0.9767971611721612,0.006103633318063704
2026-02-12 15:37:00,2026-02-12 15:55:00,long,80.64,80.14930205278593,-0.0060850439882698115,0.006103633318063704,-0.006103633318063735,0.0019821612039912025,81.13370214649258,80.14930205278593,18,stop_loss,0.9657661782661783,0.006103633318063704
2026-02-12 15:56:00,2026-02-12 16:05:00,long,80.17,79.6821620234604,-0.0060850439882698115,0.006103633318063704,-0.006103633318063735,-0.0003742748468618266,80.66082466622409,79.6821620234604,9,stop_loss,0.9718940781440781,0.006103633318063704
2026-02-12 16:06:00,2026-02-12 16:10:00,long,79.65,79.16532624633432,-0.0060850439882698115,0.006103633318063704,-0.006103633318063735,-0.0030177314489380153,80.13764107103341,79.16532624633432,4,stop_loss,0.9550747863247864,0.006103633318063704
2026-02-12 16:11:00,2026-02-12 16:22:00,long,79.06,78.57891642228739,-0.0060850439882698115,0.006103633318063704,-0.006103633318063735,0.004417247038580072,79.54402891495168,78.57891642228739,11,stop_loss,0.9697077228327229,0.006103633318063704
2026-02-12 16:23:00,2026-02-12 16:28:00,long,78.87,78.39007258064517,-0.0060850439882698115,0.006103633318063704,-0.006103633318063735,0.006823377497219985,79.3528656782474,78.39007258064517,5,stop_loss,0.9765300671550672,0.006103633318063704
2026-02-12 16:29:00,2026-02-12 16:35:00,long,78.31,78.78943719111898,0.006122298443608454,0.006103633318063704,0.006103633318063704,0.013948996144273307,78.78943719111898,77.83348020527859,6,take_profit,0.9782623626373627,0.006103633318063704
2026-02-12 16:36:00,2026-02-12 16:46:00,long,79.29,78.80751686217009,-0.0060850439882698115,0.006103633318063704,-0.006103633318063735,0.001512287622811884,79.77543704359373,78.80751686217009,10,stop_loss,0.9602106227106227,0.006103633318063704
2026-02-12 16:47:00,2026-02-12 16:53:00,long,78.78,78.30062023460411,-0.0060850439882697005,0.006103633318063704,-0.006103633318063623,0.001014970906721329,79.26231467138747,78.30062023460411,6,stop_loss,0.9647474053724053,0.006103633318063704
2026-02-12 16:54:00,2026-02-12 17:05:00,long,78.25,77.77384530791788,-0.0060850439882699225,0.006103633318063704,-0.006103633318063847,0.004717290573451768,78.72906985321237,77.77384530791788,11,stop_loss,0.9641025641025641,0.006103633318063704
2026-02-12 17:06:00,2026-02-12 17:21:00,long,77.88,78.35680460278822,0.006122298443608454,0.006103633318063704,0.006103633318063704,0.006654746852363456,78.35680460278822,77.40609677419354,15,take_profit,0.9883012820512821,0.006103633318063704
2026-02-12 17:22:00,2026-02-12 17:32:00,long,78.32,77.8434193548387,-0.0060850439882698115,0.006103633318063704,-0.006103633318063735,0.0014035090023203122,78.79949841410341,77.8434193548387,10,stop_loss,0.9750457875457875,0.006103633318063704
2026-02-12 17:33:00,2026-02-12 17:38:00,long,78.06,78.53790661650808,0.006122298443608454,0.006103633318063704,0.006103633318063704,0.00472874547210628,78.53790661650808,77.58500146627566,5,take_profit,0.9549068986568987,0.006103633318063704
2026-02-12 17:39:00,2026-02-12 17:56:00,long,78.26,77.783784457478,-0.0060850439882698115,0.006103633318063704,-0.006103633318063735,0.0021698904423087763,78.7391310761968,77.783784457478,17,stop_loss,0.9745612026862027,0.006103633318063704
2026-02-12 17:57:00,2026-02-12 18:08:00,long,77.85,78.32662093383492,0.006122298443608454,0.006103633318063704,0.006103633318063704,0.007422608944567859,78.32662093383492,77.3762793255132,11,take_profit,0.9220314407814408,0.006103633318063704
2026-02-12 18:09:00,2026-02-12 18:19:00,long,78.23,77.75396700879766,-0.0060850439882698115,0.006103633318063704,-0.006103633318063735,0.002553301527585927,78.7089474072435,77.75396700879766,10,stop_loss,0.9144078144078144,0.006103633318063704
2026-02-12 18:20:00,2026-02-12 19:11:00,long,77.46,76.98865249266862,-0.0060850439882697005,0.006103633318063704,-0.006103633318063623,0.005022224193401119,77.9342332374419,76.98865249266862,51,stop_loss,0.9594932844932845,0.006103633318063704
2026-02-12 19:12:00,2026-02-12 19:18:00,long,77.16,77.63239654790883,0.006122298443608454,0.006103633318063704,0.006103633318063704,0.016835198101853608,77.63239654790883,76.6904780058651,6,take_profit,0.9613133394383394,0.006103633318063704
2026-02-12 19:19:00,2026-02-12 19:23:00,long,77.71,78.18576381205281,0.006122298443608454,0.006103633318063704,0.006103633318063704,0.009732436918231054,78.18576381205281,77.23713123167154,4,take_profit,0.9440857753357753,0.006103633318063704
2026-02-12 19:24:00,2026-02-12 19:51:00,long,78.26,77.783784457478,-0.0060850439882698115,0.006103633318063704,-0.006103633318063735,0.0026797693571152933,78.7391310761968,77.783784457478,27,stop_loss,0.9525412087912087,0.006103633318063704
2026-02-12 19:52:00,2026-02-12 20:24:00,long,77.49,77.01846994134897,-0.0060850439882698115,0.006103633318063704,-0.006103633318063735,0.005020284728140228,77.96441690639521,77.01846994134897,32,stop_loss,0.9589514652014652,0.006103633318063704
2026-02-12 20:25:00,2026-02-12 20:49:00,long,77.11,76.64078225806452,-0.0060850439882697005,0.006103633318063704,-0.006103633318063623,0.002849004776074871,77.58209043298665,76.64078225806452,24,stop_loss,0.9235805860805861,0.006103633318063704
2026-02-12 20:51:00,2026-02-12 21:02:00,long,76.58,77.04884561481154,0.006122298443608454,0.006103633318063704,0.006103633318063704,0.011683892489646656,77.04884561481154,76.11400733137829,11,take_profit,0.9171855921855921,0.006103633318063704
2026-02-12 21:05:00,2026-02-12 22:05:00,long,77.13,77.32,0.002463373525217083,0.006103633318063704,0.0024603443942222613,0.004527528592887486,77.60221287895551,76.66066055718474,60,timeout_1h,0.9089171245421246,0.006103633318063704
2026-02-12 22:46:00,2026-02-12 23:06:00,long,77.83,78.30649848786605,0.006122298443608454,0.006103633318063704,0.006103633318063704,0.0078070403568487965,78.30649848786605,77.35640102639296,20,take_profit,0.9040521978021978,0.006103633318063704
2026-02-12 23:07:00,2026-02-12 23:19:00,long,78.28,77.80366275659824,-0.0060850439882698115,0.006103633318063704,-0.006103633318063735,0.004079556907285343,78.75925352216566,77.80366275659824,12,stop_loss,0.9217300061050061,0.006103633318063704
2026-02-12 23:25:00,2026-02-13 00:22:00,long,78.44,77.96268914956012,-0.0060850439882697005,0.006103633318063704,-0.006103633318063623,0.002037698107015319,78.92023308991665,77.96268914956012,57,stop_loss,0.9113209706959707,0.006103633318063704
2026-02-13 01:08:00,2026-02-13 01:25:00,long,78.65,78.17141129032258,-0.0060850439882698115,0.006103633318063704,-0.006103633318063735,0.0013976242666379351,79.13151877258981,78.17141129032258,17,stop_loss,0.9024267399267399,0.006103633318063704
2026-02-13 13:32:00,2026-02-13 14:13:00,long,80.3,79.81137096774194,-0.0060850439882697005,0.006103633318063704,-0.006103633318063623,0.007938518495003512,80.79162056502176,79.81137096774194,41,stop_loss,0.9244009462759463,0.006103633318063704
2026-02-13 14:28:00,2026-02-13 14:33:00,long,80.59,81.0833960315704,0.006122298443608454,0.006103633318063704,0.006103633318063704,0.0354720595203899,81.0833960315704,80.09960630498534,5,take_profit,0.9327724358974359,0.006103633318063704
2026-02-13 14:34:00,2026-02-13 14:38:00,long,81.49,80.99412976539588,-0.0060850439882699225,0.006103633318063704,-0.006103633318063847,0.031882908230593886,81.98890610016964,80.99412976539588,4,stop_loss,0.9449366605616606,0.006103633318063704
2026-02-13 14:39:00,2026-02-13 14:41:00,long,80.95,80.45741568914956,-0.0060850439882699225,0.006103633318063704,-0.006103633318063847,0.038531541439077915,81.4456000590101,80.45741568914956,2,stop_loss,0.9759119352869353,0.006103633318063704
2026-02-13 14:42:00,2026-02-13 14:44:00,long,80.47,80.96266135575718,0.006122298443608454,0.006103633318063704,0.006103633318063704,0.04447877740468072,80.96266135575718,79.98033651026392,2,take_profit,0.9908577533577534,0.006103633318063704
2026-02-13 14:45:00,2026-02-13 14:56:00,long,81.64,81.14321700879765,-0.0060850439882698115,0.006103633318063704,-0.006103633318063735,0.030043883621078203,82.1398244449362,81.14321700879765,11,stop_loss,0.9793307387057387,0.006103633318063704
2026-02-13 14:57:00,2026-02-13 15:02:00,long,81.14,81.63676329571439,0.006122298443608454,0.006103633318063704,0.006103633318063704,0.03618716378442089,81.63676329571439,80.6462595307918,5,take_profit,0.9779800061050061,0.006103633318063704
2026-02-13 15:03:00,2026-02-13 15:09:00,long,81.29,81.78768164048094,0.006122298443608454,0.006103633318063704,0.006103633318063704,0.034340213804241126,81.78768164048094,80.79534677419355,6,take_profit,0.975473137973138,0.006103633318063704
2026-02-13 15:10:00,2026-02-13 15:26:00,long,82.15,82.65294681714244,0.006122298443608454,0.006103633318063704,0.006103633318063704,0.023816377079444954,82.65294681714244,81.65011363636364,16,take_profit,0.9880380036630036,0.006103633318063704
2026-02-13 15:27:00,2026-02-13 15:32:00,long,83.42,83.93072213616581,0.006122298443608454,0.006103633318063704,0.006103633318063704,0.008475132793923054,83.93072213616581,82.91238563049853,5,take_profit,0.9877518315018315,0.006103633318063704
2026-02-13 15:33:00,2026-02-13 15:35:00,long,84.13,83.61806524926686,-0.0060850439882697005,0.006103633318063704,-0.006103633318063623,0.008050238810886484,84.64506896806077,83.61806524926686,2,stop_loss,0.9956959706959707,0.006103633318063704
2026-02-13 15:36:00,2026-02-13 15:40:00,long,83.96,83.44909970674486,-0.0060850439882698115,0.006103633318063704,-0.006103633318063735,0.010072965421176566,84.47402817732537,83.44909970674486,4,stop_loss,0.9964705433455433,0.006103633318063704
2026-02-13 15:41:00,2026-02-13 15:49:00,long,83.35,82.8428115835777,-0.0060850439882699225,0.006103633318063704,-0.006103633318063847,0.01736485117680581,83.86029357527475,82.8428115835777,8,stop_loss,0.9923840048840049,0.006103633318063704
2026-02-13 15:50:00,2026-02-13 16:05:00,long,83.11,83.6188242236483,0.006122298443608454,0.006103633318063704,0.006103633318063704,0.02024842880867368,83.6188242236483,82.60427199413489,15,take_profit,0.9913041819291819,0.006103633318063704
2026-02-13 16:06:00,2026-02-13 16:31:00,long,83.77,84.28286494062108,0.006122298443608454,0.006103633318063704,0.006103633318063704,0.012338512207890668,84.28286494062108,83.26025586510264,25,take_profit,0.9889652014652015,0.006103633318063704
2026-02-13 16:32:00,2026-02-13 16:37:00,long,84.81,84.29392741935484,-0.0060850439882698115,0.006103633318063704,-0.006103633318063735,0.0,85.32923213100244,84.29392741935484,5,stop_loss,0.9690018315018315,0.006103633318063704
2026-02-13 16:38:00,2026-02-13 17:01:00,long,84.51,83.99575293255133,-0.0060850439882698115,0.006103633318063704,-0.006103633318063735,0.0015370975535982786,85.02739544146935,83.99575293255133,23,stop_loss,0.990018315018315,0.006103633318063704
2026-02-13 17:02:00,2026-02-13 17:31:00,long,84.02,84.53439551523198,0.006122298443608454,0.006103633318063704,0.006103633318063704,0.007352102368753235,84.53439551523198,83.50873460410557,29,take_profit,0.9450053418803419,0.006103633318063704
2026-02-13 17:32:00,2026-02-13 18:01:00,long,84.6,84.08520527859237,-0.0060850439882698115,0.006103633318063704,-0.006103633318063735,0.001653478586235512,85.11794644832926,84.08520527859237,29,stop_loss,0.9255112942612943,0.006103633318063704
2026-02-13 18:07:00,2026-02-13 18:36:00,long,84.69,85.2084974551892,0.006122298443608454,0.006103633318063704,0.006103633318063704,0.009752735783282104,85.2084974551892,84.17465762463343,29,take_profit,0.9115918803418803,0.006103633318063704
2026-02-13 18:37:00,2026-02-13 19:30:00,long,85.21,84.69149340175953,-0.0060850439882697005,0.006103633318063704,-0.006103633318063623,0.003631468876925242,85.73168105037988,84.69149340175953,53,stop_loss,0.943040293040293,0.006103633318063704
2026-02-14 08:07:00,2026-02-14 08:45:00,long,85.66,86.18443608467949,0.006122298443608454,0.006103633318063704,0.006103633318063704,0.0072118493337307524,86.18443608467949,85.1387551319648,38,take_profit,0.9171894078144078,0.006103633318063704
2026-02-14 11:22:00,2026-02-14 12:22:00,long,86.98,87.18,0.002299379167624682,0.006103633318063704,0.002296739640754135,0.0027554552451280654,87.51251751862507,86.45072287390029,60,timeout_1h,0.9287355006105006,0.006103633318063704
2026-02-14 16:34:00,2026-02-14 16:52:00,long,87.62,88.15643578962897,0.006122298443608454,0.006103633318063704,0.006103633318063704,0.007277721455648813,88.15643578962897,87.0868284457478,18,take_profit,0.9070016788766789,0.006103633318063704
2026-02-15 04:03:00,2026-02-15 04:12:00,long,88.8,89.34366010179242,0.006122298443608454,0.006103633318063704,0.006103633318063704,0.010084119066626226,89.34366010179242,88.25964809384163,9,take_profit,0.9071466727716728,0.006103633318063704
2026-02-15 04:13:00,2026-02-15 04:20:00,long,89.48,88.93551026392961,-0.0060850439882699225,0.006103633318063704,-0.006103633318063847,0.0024556324428216024,90.02782326473408,88.93551026392961,7,stop_loss,0.9662698412698413,0.006103633318063704
2026-02-15 04:21:00,2026-02-15 04:29:00,long,88.88,88.33916129032258,-0.0060850439882698115,0.006103633318063704,-0.006103633318063735,0.004826318364420167,89.42414988566792,88.33916129032258,8,stop_loss,0.9608402014652014,0.006103633318063704
2026-02-15 04:30:00,2026-02-15 04:48:00,long,88.48,89.02170096629048,0.006122298443608454,0.006103633318063704,0.006103633318063704,0.009672778149948031,89.02170096629048,87.9415953079179,18,take_profit,0.9542887667887668,0.006103633318063704
2026-02-15 04:49:00,2026-02-15 05:33:00,long,89.03,89.57506823043447,0.006122298443608454,0.006103633318063704,0.006103633318063704,0.00939079008470232,89.57506823043447,88.48824853372435,44,take_profit,0.9097947191697192,0.006103633318063704
2026-02-15 05:59:00,2026-02-15 06:59:00,long,89.61,89.54,-0.0007811628166498608,0.006103633318063704,-0.0007814680833085806,0.0038982061949867012,90.15861916353175,89.06471920821114,60,timeout_1h,0.9014308608058608,0.006103633318063704
2026-02-15 07:38:00,2026-02-15 08:28:00,long,90.82,90.26735630498533,-0.0060850439882698115,0.006103633318063704,-0.006103633318063735,0.003517260165931488,91.37602714464852,90.26735630498533,50,stop_loss,0.9112179487179487,0.006103633318063704
2026-02-15 08:29:00,2026-02-15 08:32:00,long,89.93,89.3827719941349,-0.0060850439882698115,0.006103633318063704,-0.006103633318063735,0.005212677471706756,90.48057829903371,89.3827719941349,3,stop_loss,0.9102297008547009,0.006103633318063704
2026-02-15 08:33:00,2026-02-15 09:03:00,long,89.39,89.93727225787416,0.006122298443608454,0.006103633318063704,0.006103633318063704,0.01123544829836963,89.93727225787416,88.84605791788856,30,take_profit,0.9615575396825397,0.006103633318063704
2026-02-15 09:08:00,2026-02-15 09:51:00,long,90.28,89.730642228739,-0.0060850439882698115,0.006103633318063704,-0.006103633318063735,0.0013283154487960262,90.83272110348898,89.730642228739,43,stop_loss,0.9132898351648352,0.006103633318063704
2026-02-15 12:52:00,2026-02-15 12:55:00,long,88.23,87.69311656891496,-0.0060850439882698115,0.006103633318063704,-0.006103633318063735,-0.0001133465572197456,88.77017039167957,87.69311656891496,3,stop_loss,0.9442880036630037,0.006103633318063704
2026-02-15 12:56:00,2026-02-15 13:10:00,long,87.71,88.2469867964889,0.006122298443608454,0.006103633318063704,0.006103633318063704,0.0053442619665015675,88.2469867964889,87.17628079178886,14,take_profit,0.9663766788766789,0.006103633318063704
2026-02-15 13:11:00,2026-02-15 13:29:00,long,88.09,87.55396847507332,-0.0060850439882698115,0.006103633318063704,-0.006103633318063735,0.001021160808087247,88.62931326989747,87.55396847507332,18,stop_loss,0.9528350122100122,0.006103633318063704
2026-02-15 13:30:00,2026-02-15 13:50:00,long,87.42,86.88804545454545,-0.0060850439882699225,0.006103633318063704,-0.006103633318063847,0.0022851929505838826,87.95521132994025,86.88804545454545,20,stop_loss,0.9160599816849817,0.006103633318063704
2026-02-15 13:51:00,2026-02-15 14:31:00,long,86.94,87.47227262668731,0.006122298443608454,0.006103633318063704,0.006103633318063704,0.006191970247921201,87.47227262668731,86.41096627565982,40,take_profit,0.9543307387057387,0.006103633318063704
2026-02-15 17:46:00,2026-02-15 18:46:00,long,86.32,86.26,-0.0006950880444854812,0.006103633318063704,-0.0006953297301819896,0.004853817457340882,86.84847680165227,85.79473900293254,60,timeout_1h,0.9572496947496948,0.006103633318063704
2026-02-15 18:47:00,2026-02-15 19:05:00,long,86.11,85.58601686217008,-0.0060850439882698115,0.006103633318063704,-0.006103633318063735,0.001624507203395324,86.63719111897912,85.58601686217008,18,stop_loss,0.911523199023199,0.006103633318063704
2026-02-15 19:06:00,2026-02-15 19:24:00,long,85.55,86.0737626318507,0.006122298443608454,0.006103633318063704,0.006103633318063704,0.0069889626357362775,86.0737626318507,85.02942448680352,18,take_profit,0.914514652014652,0.006103633318063704
2026-02-15 19:28:00,2026-02-15 19:36:00,long,85.99,85.46674706744868,-0.0060850439882697005,0.006103633318063704,-0.006103633318063623,-0.00023261223645235578,86.51645644316588,85.46674706744868,8,stop_loss,0.907730463980464,0.006103633318063704
2026-02-15 19:38:00,2026-02-15 20:38:00,long,85.28,85.80210961127094,0.006122298443608454,0.006103633318063704,0.006103633318063704,0.006545137904908696,85.80210961127094,84.76106744868035,60,take_profit,0.9206158424908425,0.006103633318063704
2026-02-15 23:09:00,2026-02-15 23:30:00,long,85.34,85.86247694917755,0.006122298443608454,0.006103633318063704,0.006103633318063704,0.012460132093453986,85.86247694917755,84.82070234604106,21,take_profit,0.9372977716727716,0.006103633318063704
2026-02-16 11:22:00,2026-02-16 11:27:00,long,84.51,85.02739544146935,0.006122298443608454,0.006103633318063704,0.006103633318063704,0.013866262124636323,85.02739544146935,83.99575293255133,5,take_profit,0.9047580891330891,0.006103633318063704
2026-02-16 11:28:00,2026-02-16 11:55:00,long,85.17,85.69143615844213,0.006122298443608454,0.006103633318063704,0.006103633318063704,0.0127167320667075,85.69143615844213,84.65173680351906,27,take_profit,0.9023237179487179,0.006103633318063704
2026-02-16 12:27:00,2026-02-16 13:03:00,long,86.21,86.73780334882348,0.006122298443608454,0.006103633318063704,0.006103633318063704,0.006590000148371033,86.73780334882348,85.68540835777125,36,take_profit,0.9338827838827839,0.006103633318063704
2026-02-16 13:04:00,2026-02-16 13:20:00,long,86.65,86.12273093841642,-0.0060850439882698115,0.006103633318063704,-0.006103633318063735,-0.0003462803751344434,87.18049716013869,86.12273093841642,16,stop_loss,0.9237217643467643,0.006103633318063704
2026-02-16 13:21:00,2026-02-16 13:28:00,long,85.77,85.2480857771261,-0.0060850439882698115,0.006103633318063704,-0.006103633318063735,0.0016309416476350887,86.2951095375083,85.2480857771261,7,stop_loss,0.9159913003663004,0.006103633318063704
2026-02-16 13:29:00,2026-02-16 13:35:00,long,84.94,84.42313636363636,-0.0060850439882698115,0.006103633318063704,-0.006103633318063735,0.00023543260850361804,85.4600280298001,84.42313636363636,6,stop_loss,0.9734623015873016,0.006103633318063704
2026-02-16 13:36:00,2026-02-16 13:39:00,long,84.75,84.23429252199413,-0.0060850439882698115,0.006103633318063704,-0.006103633318063735,-0.000826299993895148,85.26886479309582,84.23429252199413,3,stop_loss,0.9843940781440782,0.006103633318063704
2026-02-16 13:40:00,2026-02-16 13:50:00,long,84.45,83.93611803519062,-0.0060850439882698115,0.006103633318063704,-0.006103633318063735,-0.00011842027368929849,84.96702810356274,83.93611803519062,10,stop_loss,0.9800938644688645,0.006103633318063704
2026-02-16 13:51:00,2026-02-16 14:05:00,long,83.83,84.3432322785277,0.006122298443608454,0.006103633318063704,0.006103633318063704,0.007013401704586652,84.3432322785277,83.31989076246334,14,take_profit,0.9600007631257631,0.006103633318063704
2026-02-16 14:06:00,2026-02-16 14:26:00,long,84.29,83.77709164222874,-0.0060850439882698115,0.006103633318063704,-0.006103633318063735,0.0015411063449618891,84.80604853581177,83.77709164222874,20,stop_loss,0.9278083028083028,0.006103633318063704
2026-02-16 14:27:00,2026-02-16 14:35:00,long,83.74,84.25268127166777,0.006122298443608454,0.006103633318063704,0.006103633318063704,0.008206028090411452,84.25268127166777,83.23043841642227,8,take_profit,0.9515033577533577,0.006103633318063704
2026-02-16 14:36:00,2026-02-16 14:50:00,long,84.1,84.61488529910747,0.006122298443608454,0.006103633318063704,0.006103633318063704,0.003916221702506321,84.61488529910747,83.5882478005865,14,take_profit,0.9212873931623932,0.006103633318063704
2026-02-16 14:51:00,2026-02-16 15:15:00,long,84.26,83.74727419354839,-0.0060850439882698115,0.006103633318063704,-0.006103633318063735,0.0020155321305381168,84.77586486685846,83.74727419354839,24,stop_loss,0.9458485958485958,0.006103633318063704
2026-02-16 15:17:00,2026-02-16 15:31:00,long,83.78,83.27019501466276,-0.0060850439882698115,0.006103633318063704,-0.006103633318063735,0.0023843597371583825,84.29292616360551,83.27019501466276,14,stop_loss,0.9061813186813187,0.006103633318063704
2026-02-16 15:32:00,2026-02-16 16:01:00,long,82.81,83.31698753411521,0.006122298443608454,0.006103633318063704,0.006103633318063704,0.012480661223609005,83.31698753411521,82.30609750733137,29,take_profit,0.9645299145299145,0.006103633318063704
2026-02-16 16:06:00,2026-02-16 16:33:00,long,83.82,83.30995161290322,-0.0060850439882698115,0.006103633318063704,-0.006103633318063735,0.005354287287336633,84.33317105554326,83.30995161290322,27,stop_loss,0.9389308608058609,0.006103633318063704
2026-02-16 16:44:00,2026-02-16 17:22:00,long,83.92,84.43378328538762,0.006122298443608454,0.006103633318063704,0.006103633318063704,0.00960576612233092,84.43378328538762,83.4093431085044,38,take_profit,0.9029265873015873,0.006103633318063704
2026-02-16 17:23:00,2026-02-16 18:23:00,long,84.38,84.78,0.004740459824603027,0.006103633318063704,0.0047292592282985,0.0047292592282985,84.89659954267168,83.86654398826978,60,timeout_1h,0.9014155982905983,0.006103633318063704
2026-02-17 02:12:00,2026-02-17 03:12:00,long,87.14,86.91,-0.0026394308010099232,0.006103633318063704,-0.002642920239927387,0.004808251965366243,87.67349708637605,86.60974926686217,60,timeout_1h,0.9098672161172161,0.006103633318063704
2026-02-17 13:32:00,2026-02-17 13:51:00,long,84.73,85.24874234712695,0.006122298443608454,0.006103633318063704,0.006103633318063704,0.007056362338120766,85.24874234712695,84.2144142228739,19,take_profit,0.9079632173382174,0.006103633318063704
2026-02-17 13:53:00,2026-02-17 14:00:00,long,85.25,84.73125,-0.0060850439882698115,0.006103633318063704,-0.006103633318063735,0.0009379763848673255,85.77192594231762,84.73125,7,stop_loss,0.9017895299145299,0.006103633318063704
2026-02-17 14:39:00,2026-02-17 14:42:00,long,84.65,84.13490102639297,-0.0060850439882698115,0.006103633318063704,-0.006103633318063735,-0.00438051964315613,85.16825256325146,84.13490102639297,3,stop_loss,0.960485347985348,0.006103633318063704
2026-02-17 14:43:00,2026-02-17 14:47:00,long,83.7,83.19068181818182,-0.0060850439882698115,0.006103633318063704,-0.006103633318063735,0.0009553380234591715,84.21243637973004,83.19068181818182,4,stop_loss,0.9735424297924298,0.006103633318063704
2026-02-17 14:48:00,2026-02-17 15:33:00,long,83.39,82.88256818181819,-0.0060850439882697005,0.006103633318063704,-0.006103633318063623,0.004665917419994884,83.90053846721251,82.88256818181819,45,stop_loss,0.9729777167277167,0.006103633318063704
2026-02-17 15:34:00,2026-02-17 15:45:00,long,83.0,83.5081507708195,0.006122298443608454,0.006103633318063704,0.006103633318063704,0.022633485520703857,83.5081507708195,82.49494134897361,11,take_profit,0.9573717948717949,0.006103633318063704
2026-02-17 15:46:00,2026-02-17 16:01:00,long,83.43,83.94078335915026,0.006122298443608454,0.006103633318063704,0.006103633318063704,0.021814735839974883,83.94078335915026,82.92232478005866,15,take_profit,0.9325816544566544,0.006103633318063704
2026-02-17 16:02:00,2026-02-17 16:36:00,long,84.54,85.05757911042267,0.006122298443608454,0.006103633318063704,0.006103633318063704,0.00859789761531427,85.05757911042267,84.02557038123167,34,take_profit,0.9591193528693529,0.006103633318063704
2026-02-17 16:37:00,2026-02-17 16:45:00,long,85.26,84.74118914956011,-0.0060850439882699225,0.006103633318063704,-0.006103633318063847,-0.0005866134971998231,85.78198716530206,84.74118914956011,8,stop_loss,0.9638202075702076,0.006103633318063704
2026-02-17 16:46:00,2026-02-17 16:57:00,long,84.77,84.25417082111436,-0.0060850439882699225,0.006103633318063704,-0.006103633318063847,-0.0016528929382996255,85.28898723906468,84.25417082111436,11,stop_loss,0.9647779304029304,0.006103633318063704
2026-02-17 16:58:00,2026-02-17 17:10:00,long,84.14,83.62800439882697,-0.0060850439882699225,0.006103633318063704,-0.006103633318063847,0.0010690741648974424,84.65513019104522,83.62800439882697,12,stop_loss,0.9574137667887668,0.006103633318063704
2026-02-17 17:11:00,2026-02-17 17:25:00,long,83.38,83.89047724422807,0.006122298443608454,0.006103633318063704,0.006103633318063704,0.007051119742820951,83.89047724422807,82.87262903225806,14,take_profit,0.9678304334554334,0.006103633318063704
2026-02-17 17:26:00,2026-02-17 17:40:00,long,83.95,83.43916055718475,-0.0060850439882698115,0.006103633318063704,-0.006103633318063735,0.007712883088627751,84.46396695434093,83.43916055718475,14,stop_loss,0.9576961233211233,0.006103633318063704
2026-02-17 17:41:00,2026-02-17 18:13:00,long,83.35,83.86029357527475,0.006122298443608454,0.006103633318063704,0.006103633318063704,0.023360284406346903,83.86029357527475,82.8428115835777,32,take_profit,0.9106532356532356,0.006103633318063704
2026-02-17 18:21:00,2026-02-17 18:27:00,long,84.28,84.79598731282732,0.006122298443608454,0.006103633318063704,0.006103633318063704,0.015774311780811703,84.79598731282732,83.76715249266861,6,take_profit,0.9202838827838827,0.006103633318063704
2026-02-17 18:28:00,2026-02-17 19:14:00,long,84.91,85.42984436084679,0.006122298443608454,0.006103633318063704,0.006103633318063704,0.008327028705528044,85.42984436084679,84.39331891495601,46,take_profit,0.9540674603174604,0.006103633318063704
2026-02-17 19:15:00,2026-02-17 19:23:00,long,85.62,85.09899853372434,-0.0060850439882698115,0.006103633318063704,-0.006103633318063735,-0.0014025247740855468,86.14419119274176,85.09899853372434,8,stop_loss,0.9226419413919414,0.006103633318063704
2026-02-17 19:24:00,2026-02-17 20:24:00,long,85.03,84.77,-0.0030577443255321857,0.006103633318063704,-0.0030624287773869693,-0.00011761246705712048,85.55057903666003,84.51258870967742,60,timeout_1h,0.934539072039072,0.006103633318063704
2026-02-18 11:10:00,2026-02-18 11:59:00,long,83.26,82.75335923753666,-0.0060850439882698115,0.006103633318063704,-0.006103633318063735,0.0043144841615895164,83.76974256841484,82.75335923753666,49,stop_loss,0.9358707264957264,0.006103633318063704
2026-02-18 12:00:00,2026-02-18 12:36:00,long,82.8,82.29615835777126,-0.0060850439882697005,0.006103633318063704,-0.006103633318063623,0.004819286435948922,83.30692631113078,82.29615835777126,36,stop_loss,0.9045520451770451,0.006103633318063704
2026-02-18 14:37:00,2026-02-18 14:48:00,long,82.51,82.00792302052787,-0.0060850439882697005,0.006103633318063704,-0.006103633318063623,0.012645438572113143,83.01515084458214,82.00792302052787,11,stop_loss,0.9096192002442003,0.006103633318063704
2026-02-18 14:49:00,2026-02-18 14:53:00,long,81.9,82.40141624253154,0.006122298443608454,0.006103633318063704,0.006103633318063704,0.023888215174695374,82.40141624253154,81.40163489736071,4,take_profit,0.9492216117216117,0.006103633318063704
2026-02-18 14:54:00,2026-02-18 15:36:00,long,82.58,83.08557940547318,0.006122298443608454,0.006103633318063704,0.006103633318063704,0.015619685575774983,83.08557940547318,82.07749706744868,42,take_profit,0.9486416361416361,0.006103633318063704
2026-02-18 15:37:00,2026-02-18 15:52:00,long,83.56,83.05153372434017,-0.0060850439882698115,0.006103633318063704,-0.006103633318063735,0.0038222693453541894,84.07157925794793,83.05153372434017,15,stop_loss,0.9432234432234432,0.006103633318063704
2026-02-18 15:53:00,2026-02-18 16:03:00,long,83.07,82.56451539589442,-0.0060850439882698115,0.006103633318063704,-0.006103633318063735,0.000962579787956763,83.57857933171054,82.56451539589442,10,stop_loss,0.9632364163614163,0.006103633318063704
2026-02-18 16:04:00,2026-02-18 16:10:00,long,82.6,82.09737536656891,-0.0060850439882698115,0.006103633318063704,-0.006103633318063735,-0.001211387186296982,83.10570185144205,82.09737536656891,6,stop_loss,0.9675976800976801,0.006103633318063704
2026-02-18 16:11:00,2026-02-18 17:06:00,long,82.17,82.6730692631113,0.006122298443608454,0.006103633318063704,0.006103633318063704,0.008603506568076392,82.6730692631113,81.66999193548388,55,take_profit,0.974969474969475,0.006103633318063704
2026-02-18 17:07:00,2026-02-18 17:12:00,long,82.88,82.3756715542522,-0.0060850439882698115,0.006103633318063704,-0.006103633318063735,-0.0008449514655641361,83.38741609500626,82.3756715542522,5,stop_loss,0.922420634920635,0.006103633318063704
2026-02-18 17:13:00,2026-02-18 18:13:00,long,82.34,82.18,-0.0019431624969638017,0.006103633318063704,-0.0019450528864949268,0.0020624817744933307,82.84411005384672,81.83895747800587,60,timeout_1h,0.9320703601953602,0.006103633318063704
2026-02-18 18:43:00,2026-02-18 18:55:00,long,81.03,81.5260898428856,0.006122298443608454,0.006103633318063704,0.006103633318063704,0.005538134885971183,81.5260898428856,80.5369288856305,12,take_profit,0.9618284493284494,0.006103633318063704
2026-02-18 19:36:00,2026-02-18 19:47:00,long,80.62,81.11357970052372,0.006122298443608454,0.006103633318063704,0.006103633318063704,0.010733555643108633,81.11357970052372,80.12942375366569,11,take_profit,0.9005685286935287,0.006103633318063704
2026-02-19 14:40:00,2026-02-19 14:53:00,long,80.57,81.06327358560152,0.006122298443608454,0.006103633318063704,0.006103633318063704,0.008773612041067169,81.06327358560152,80.07972800586509,13,take_profit,0.9321466727716727,0.006103633318063704
2026-02-19 14:54:00,2026-02-19 15:11:00,long,80.97,80.47729398826979,-0.0060850439882698115,0.006103633318063704,-0.006103633318063735,0.0038212681321487594,81.46572250497897,80.47729398826979,17,stop_loss,0.9531402625152625,0.006103633318063704
2026-02-19 15:12:00,2026-02-19 15:38:00,long,80.17,80.66082466622409,0.006122298443608454,0.006103633318063704,0.006103633318063704,0.007580030080406448,80.66082466622409,79.6821620234604,26,take_profit,0.9549107142857143,0.006103633318063704
2026-02-19 15:39:00,2026-02-19 16:06:00,long,80.55,80.05984970674487,-0.0060850439882697005,0.006103633318063704,-0.006103633318063623,0.004459316196764897,81.04315113963266,80.05984970674487,27,stop_loss,0.9382593101343102,0.006103633318063704
2026-02-19 16:07:00,2026-02-19 16:16:00,long,80.08,80.57027365936416,0.006122298443608454,0.006103633318063704,0.006103633318063704,0.010311290812783166,80.57027365936416,79.59270967741935,9,take_profit,0.9183531746031746,0.006103633318063704
2026-02-19 16:17:00,2026-02-19 16:26:00,long,80.66,80.16918035190615,-0.0060850439882698115,0.006103633318063704,-0.006103633318063735,0.010728261229597372,81.15382459246146,80.16918035190615,9,stop_loss,0.9432806776556777,0.006103633318063704
2026-02-19 16:27:00,2026-02-19 16:32:00,long,80.09,80.58033488234861,0.006122298443608454,0.006103633318063704,0.006103633318063704,0.021492922203699413,80.58033488234861,79.60264882697948,5,take_profit,0.924229242979243,0.006103633318063704
2026-02-19 16:34:00,2026-02-19 17:17:00,long,80.75,81.24437559932139,0.006122298443608454,0.006103633318063704,0.006103633318063704,0.013285962436524511,81.24437559932139,80.2586326979472,43,take_profit,0.9148466117216117,0.006103633318063704
2026-02-19 17:18:00,2026-02-19 17:25:00,long,81.83,81.33206085043987,-0.0060850439882699225,0.006103633318063704,-0.006103633318063847,-0.001345154589869081,82.33098768164048,81.33206085043987,7,stop_loss,0.9622977716727716,0.006103633318063704
2026-02-19 17:26:00,2026-02-19 17:37:00,long,81.31,80.81522507331378,-0.0060850439882698115,0.006103633318063704,-0.006103633318063735,0.0036827932614052496,81.8078040864498,80.81522507331378,11,stop_loss,0.9825740231990232,0.006103633318063704
2026-02-19 17:38:00,2026-02-19 17:53:00,long,80.77,80.27851099706744,-0.0060850439882698115,0.006103633318063704,-0.006103633318063735,0.010346194026946517,81.26449804529025,80.27851099706744,15,stop_loss,0.9446161477411478,0.006103633318063704
2026-02-19 17:54:00,2026-02-19 18:11:00,long,80.25,80.74131445009958,0.006122298443608454,0.006103633318063704,0.006103633318063704,0.020718462143598113,80.74131445009958,79.76167521994135,17,take_profit,0.9548992673992674,0.006103633318063704
2026-02-19 18:12:00,2026-02-19 18:25:00,long,80.8,81.29468171424357,0.006122298443608454,0.006103633318063704,0.006103633318063704,0.01644814300136295,81.29468171424357,80.30832844574779,13,take_profit,0.9209134615384615,0.006103633318063704
2026-02-19 18:26:00,2026-02-19 18:48:00,long,81.5,81.99896732315409,0.006122298443608454,0.006103633318063704,0.006103633318063704,0.007822088281595408,81.99896732315409,81.00406891495601,22,take_profit,0.9261446886446887,0.006103633318063704
2026-02-19 18:49:00,2026-02-19 19:29:00,long,81.86,81.36187829912024,-0.0060850439882698115,0.006103633318063704,-0.006103633318063735,0.003414637464155482,82.36117135059379,81.36187829912024,40,stop_loss,0.9040064102564103,0.006103633318063704
2026-02-19 19:52:00,2026-02-19 20:46:00,long,81.81,82.31086523567161,0.006122298443608454,0.006103633318063704,0.006103633318063704,0.005850108092014728,82.31086523567161,81.31218255131965,54,take_profit,0.9079899267399267,0.006103633318063704
2026-02-20 00:17:00,2026-02-20 00:52:00,long,83.42,82.91238563049853,-0.0060850439882698115,0.006103633318063704,-0.006103633318063735,-0.0001198825152787704,83.93072213616581,82.91238563049853,35,stop_loss,0.9246756715506715,0.006103633318063704
2026-02-20 05:36:00,2026-02-20 06:36:00,long,83.38,83.47,0.001079395538498451,0.006103633318063704,0.001078813409994468,0.0019170866163785113,83.89047724422807,82.87262903225806,60,timeout_1h,0.9070398351648352,0.006103633318063704
2026-02-20 13:36:00,2026-02-20 13:48:00,long,82.24,81.73956598240468,-0.0060850439882698115,0.006103633318063704,-0.006103633318063735,0.011845901847940203,82.74349782400236,81.73956598240468,12,stop_loss,0.9163881257631258,0.006103633318063704
2026-02-20 13:49:00,2026-02-20 14:03:00,long,81.91,82.41147746551597,0.006122298443608454,0.006103633318063704,0.006103633318063704,0.015866620027284548,82.41147746551597,81.41157404692082,14,take_profit,0.904223901098901,0.006103633318063704
2026-02-20 14:22:00,2026-02-20 14:32:00,long,82.55,83.05539573651987,0.006122298443608454,0.006103633318063704,0.006103633318063704,0.02464829257027263,83.05539573651987,82.04767961876833,10,take_profit,0.9099244505494506,0.006103633318063704
2026-02-20 14:35:00,2026-02-20 14:47:00,long,83.22,82.71360263929618,-0.0060850439882698115,0.006103633318063704,-0.006103633318063735,0.016564759381614377,83.7294976764771,82.71360263929618,12,stop_loss,0.9083981990231991,0.006103633318063704
2026-02-20 14:48:00,2026-02-20 15:00:00,long,82.75,83.2566201962086,0.006122298443608454,0.006103633318063704,0.006103633318063704,0.02222844867923726,83.2566201962086,82.24646260997068,12,take_profit,0.9455051892551892,0.006103633318063704
2026-02-20 15:02:00,2026-02-20 15:06:00,long,84.16,83.64788269794721,-0.0060850439882698115,0.006103633318063704,-0.006103633318063735,0.004623326355189679,84.67525263701408,83.64788269794721,4,stop_loss,0.986832264957265,0.006103633318063704
2026-02-20 15:07:00,2026-02-20 15:08:00,long,83.66,84.17219148779228,0.006122298443608454,0.006103633318063704,0.006103633318063704,0.012354635643956504,84.17219148779228,83.15092521994134,1,take_profit,0.9943948412698412,0.006103633318063704
2026-02-20 15:09:00,2026-02-20 15:13:00,long,84.02,83.50873460410557,-0.0060850439882698115,0.006103633318063704,-0.006103633318063735,0.00912274557467577,84.53439551523198,83.50873460410557,4,stop_loss,0.9927693833943834,0.006103633318063704
2026-02-20 15:14:00,2026-02-20 15:16:00,long,83.14,82.63408944281525,-0.0060850439882698115,0.006103633318063704,-0.006103633318063735,0.019651677491420372,83.6490078926016,82.63408944281525,2,stop_loss,0.9903388278388279,0.006103633318063704
2026-02-20 15:17:00,2026-02-20 15:23:00,long,83.25,83.75968134543041,0.006122298443608454,0.006103633318063704,0.006103633318063704,0.018329482455358533,83.75968134543041,82.74342008797653,6,take_profit,0.9905105311355311,0.006103633318063704
2026-02-20 15:24:00,2026-02-20 15:35:00,long,83.76,83.25031671554252,-0.0060850439882698115,0.006103633318063704,-0.006103633318063735,0.0122220447536303,84.27280371763665,83.25031671554252,11,stop_loss,0.9915979853479854,0.006103633318063704
2026-02-20 15:36:00,2026-02-20 15:55:00,long,83.58,84.0917017039168,0.006122298443608454,0.006103633318063704,0.006103633318063704,0.014373354296142322,84.0917017039168,83.07141202346041,19,take_profit,0.9851266788766789,0.006103633318063704
2026-02-20 15:56:00,2026-02-20 16:08:00,long,84.34,84.85635465073393,0.006122298443608454,0.006103633318063704,0.006103633318063704,0.005321362997497887,84.85635465073393,83.82678739002932,12,take_profit,0.9840697496947497,0.006103633318063704
2026-02-20 16:09:00,2026-02-20 16:17:00,long,84.67,84.1547793255132,-0.0060850439882697005,0.006103633318063704,-0.006103633318063623,0.00011809861247868839,85.18837500922032,84.1547793255132,8,stop_loss,0.9759310134310134,0.006103633318063704
2026-02-20 16:18:00,2026-02-20 16:24:00,long,84.21,84.72555875193626,0.006122298443608454,0.006103633318063704,0.006103633318063704,0.005329556050876854,84.72555875193626,83.6975784457478,6,take_profit,0.9721726190476191,0.006103633318063704
2026-02-20 16:25:00,2026-02-20 16:28:00,long,84.54,84.02557038123167,-0.0060850439882698115,0.006103633318063704,-0.006103633318063735,0.0013003134405005668,85.05757911042267,84.02557038123167,3,stop_loss,0.9621756715506715,0.006103633318063704
2026-02-20 16:29:00,2026-02-20 16:57:00,long,83.96,84.47402817732537,0.006122298443608454,0.006103633318063704,0.006103633318063704,0.007239098841698714,84.47402817732537,83.44909970674486,28,take_profit,0.9768582112332113,0.006103633318063704
2026-02-20 16:58:00,2026-02-20 17:09:00,long,84.57,84.05538782991202,-0.0060850439882697005,0.006103633318063704,-0.006103633318063623,-0.0009464096293774067,85.08776277937596,84.05538782991202,11,stop_loss,0.921875,0.006103633318063704
2026-02-20 17:10:00,2026-02-20 17:14:00,long,83.75,83.2403775659824,-0.0060850439882698115,0.006103633318063704,-0.006103633318063735,0.009506904639413455,84.2627424946522,83.2403775659824,4,stop_loss,0.9179410866910866,0.006103633318063704
2026-02-20 17:15:00,2026-02-20 17:39:00,long,83.16,83.66913033857047,0.006122298443608454,0.006103633318063704,0.006103633318063704,0.016576612354777098,83.66913033857047,82.65396774193547,24,take_profit,0.9673572954822954,0.006103633318063704
2026-02-20 17:40:00,2026-02-20 17:49:00,long,83.74,84.25268127166777,0.006122298443608454,0.006103633318063704,0.006103633318063704,0.01540497344269537,84.25268127166777,83.23043841642227,9,take_profit,0.9311240842490842,0.006103633318063704
2026-02-20 17:50:00,2026-02-20 18:04:00,long,84.12,84.63500774507635,0.006122298443608454,0.006103633318063704,0.006103633318063704,0.01521883912355685,84.63500774507635,83.60812609970675,14,take_profit,0.9470619658119658,0.006103633318063704
2026-02-20 18:05:00,2026-02-20 18:19:00,long,84.53,84.01563123167155,-0.0060850439882699225,0.006103633318063704,-0.006103633318063847,0.010356689017219473,85.04751788743822,84.01563123167155,14,stop_loss,0.9396558302808303,0.006103633318063704
2026-02-20 18:23:00,2026-02-20 18:33:00,long,84.43,84.94690565759387,0.006122298443608454,0.006103633318063704,0.006103633318063704,0.011540401276647268,84.94690565759387,83.91623973607038,10,take_profit,0.9371871184371184,0.006103633318063704
2026-02-20 18:34:00,2026-02-20 18:36:00,long,84.99,84.47283211143694,-0.0060850439882698115,0.006103633318063704,-0.006103633318063735,0.004929587447520926,85.51033414472228,84.47283211143694,2,stop_loss,0.9489125457875458,0.006103633318063704
2026-02-20 18:37:00,2026-02-20 18:42:00,long,84.59,85.10788522534484,0.006122298443608454,0.006103633318063704,0.006103633318063704,0.009647133642132686,85.10788522534484,84.07526612903226,5,take_profit,0.9737217643467644,0.006103633318063704
2026-02-20 18:43:00,2026-02-20 18:46:00,long,84.9,85.41978313786237,0.006122298443608454,0.006103633318063704,0.006103633318063704,0.005989096640754246,85.41978313786237,84.3833797653959,3,take_profit,0.9322878510378511,0.006103633318063704
2026-02-20 18:47:00,2026-02-20 19:06:00,long,85.32,84.80082404692081,-0.0060850439882698115,0.006103633318063704,-0.006103633318063735,-0.00011721268254632763,85.84235450320867,84.80082404692081,19,stop_loss,0.963404304029304,0.006103633318063704
2026-02-20 19:07:00,2026-02-20 19:29:00,long,84.85,84.3336840175953,-0.0060850439882698115,0.006103633318063704,-0.006103633318063735,0.0030595458086343265,85.36947702294017,84.3336840175953,22,stop_loss,0.9546130952380952,0.006103633318063704
2026-02-20 19:30:00,2026-02-20 20:06:00,long,84.47,84.9871505495316,0.006122298443608454,0.006103633318063704,0.006103633318063704,0.008135398285873462,84.9871505495316,83.95599633431085,36,take_profit,0.9027396214896215,0.006103633318063704
2026-02-21 14:22:00,2026-02-21 15:22:00,long,86.41,86.43,0.0002314546927439931,0.006103633318063704,0.0002314279112389868,0.0028890064584554316,86.93902780851221,85.8841913489736,60,timeout_1h,0.9188377594627595,0.006103633318063704
2026-02-23 01:01:00,2026-02-23 01:02:00,long,80.63,80.1393629032258,-0.0060850439882698115,0.006103633318063704,-0.006103633318063735,0.00284847551569424,81.12364092350815,80.1393629032258,1,stop_loss,0.9211729242979243,0.006103633318063704
2026-02-23 01:03:00,2026-02-23 01:07:00,long,80.64,80.14930205278593,-0.0060850439882698115,0.006103633318063704,-0.006103633318063735,0.0027244598895663713,81.13370214649258,80.14930205278593,4,stop_loss,0.9733936202686203,0.006103633318063704
2026-02-23 01:08:00,2026-02-23 01:09:00,long,79.49,79.00629985337243,-0.0060850439882698115,0.006103633318063704,-0.006103633318063735,-0.0018888124988370525,79.97666150328243,79.00629985337243,1,stop_loss,0.9901442307692307,0.006103633318063704
2026-02-23 01:10:00,2026-02-23 01:15:00,long,79.24,78.75782111436949,-0.0060850439882698115,0.006103633318063704,-0.006103633318063735,0.0007569068104522524,79.72513092867153,78.75782111436949,5,stop_loss,0.9976915445665445,0.006103633318063704
2026-02-23 01:16:00,2026-02-23 01:22:00,long,78.9,78.41989002932552,-0.0060850439882698115,0.006103633318063704,-0.006103633318063735,0.0003801558684824664,79.38304934720071,78.41989002932552,6,stop_loss,0.9945589133089133,0.006103633318063704
2026-02-23 01:23:00,2026-02-23 01:31:00,long,78.21,78.6888249612746,0.006122298443608454,0.006103633318063704,0.006103633318063704,0.0066267605828560045,78.6888249612746,77.73408870967741,8,take_profit,0.996638431013431,0.006103633318063704
2026-02-23 01:32:00,2026-02-23 01:46:00,long,78.51,78.03226319648094,-0.0060850439882698115,0.006103633318063704,-0.006103633318063735,0.0027982719862116186,78.99066165080771,78.03226319648094,14,stop_loss,0.9962187118437118,0.006103633318063704
2026-02-23 01:47:00,2026-02-23 01:53:00,long,78.19,77.71421041055719,-0.0060850439882697005,0.006103633318063704,-0.006103633318063623,0.0020442066656071903,78.66870251530574,77.71421041055719,6,stop_loss,0.9796321733821733,0.006103633318063704
2026-02-23 01:54:00,2026-02-23 01:56:00,long,77.64,78.11533525116177,0.006122298443608454,0.006103633318063704,0.006103633318063704,0.009103210501220272,78.11533525116177,77.16755718475073,2,take_profit,0.9878815628815629,0.006103633318063704
2026-02-23 01:57:00,2026-02-23 02:23:00,long,78.14,77.6645146627566,-0.0060850439882697005,0.006103633318063704,-0.006103633318063623,0.0026838791751051813,78.61839640038356,77.6645146627566,26,stop_loss,0.9860462454212454,0.006103633318063704
2026-02-23 02:24:00,2026-02-23 02:31:00,long,77.6,78.075090359224,0.006122298443608454,0.006103633318063704,0.006103633318063704,0.007830089424346959,78.075090359224,77.12780058651026,7,take_profit,0.9255074786324786,0.006103633318063704
2026-02-23 02:32:00,2026-02-23 03:26:00,long,77.91,77.43591422287389,-0.0060850439882699225,0.006103633318063704,-0.006103633318063847,0.003843202270753352,78.38698827174153,77.43591422287389,54,stop_loss,0.9197840354090354,0.006103633318063704
2026-02-23 03:27:00,2026-02-23 03:41:00,long,77.28,77.75313122372206,0.006122298443608454,0.006103633318063704,0.006103633318063704,0.007477152278047067,77.75313122372206,76.8097478005865,14,take_profit,0.9161057692307693,0.006103633318063704
2026-02-23 09:33:00,2026-02-23 09:37:00,long,79.69,80.17788596297116,0.006122298443608454,0.006103633318063704,0.006103633318063704,0.010361493361933864,80.17788596297116,79.20508284457478,4,take_profit,0.9230235042735043,0.006103633318063704
2026-02-23 09:38:00,2026-02-23 10:38:00,long,80.15,80.22,0.0008733624454146938,0.006103633318063704,0.0008729812863446974,0.004605721716028599,80.64070222025522,79.66228372434018,60,timeout_1h,0.9627518315018315,0.006103633318063704
2026-02-23 12:37:00,2026-02-23 13:37:00,long,80.69,80.66,-0.00037179328293468483,0.006103633318063704,-0.0003718624151931064,0.0017335318853377117,81.18400826141476,80.19899780058651,60,timeout_1h,0.9061889499389499,0.006103633318063704
2026-02-23 14:38:00,2026-02-23 14:40:00,long,80.23,79.74179692082112,-0.0060850439882698115,0.006103633318063704,-0.006103633318063735,0.0016190301811689644,80.72119200413071,79.74179692082112,2,stop_loss,0.9120230463980464,0.006103633318063704
2026-02-23 14:41:00,2026-02-23 14:43:00,long,79.39,79.87604927343807,0.006122298443608454,0.006103633318063704,0.006103633318063704,0.012144124209711641,79.87604927343807,78.90690835777126,2,take_profit,0.9488553113553113,0.006103633318063704
2026-02-23 14:44:00,2026-02-23 14:45:00,long,79.97,80.45960020653537,0.006122298443608454,0.006103633318063704,0.006103633318063704,0.0048649756029351615,80.45960020653537,79.48337903225806,1,take_profit,0.9696924603174604,0.006103633318063704
2026-02-23 14:46:00,2026-02-23 15:04:00,long,80.15,79.66228372434018,-0.0060850439882698115,0.006103633318063704,-0.006103633318063735,0.0026166608911716888,80.64070222025522,79.66228372434018,18,stop_loss,0.9755685286935287,0.006103633318063704
2026-02-23 15:05:00,2026-02-23 15:52:00,long,79.78,79.29453519061583,-0.0060850439882698115,0.006103633318063704,-0.006103633318063735,0.004252664320357082,80.26843696983109,79.29453519061583,47,stop_loss,0.9531746031746032,0.006103633318063704
2026-02-23 15:53:00,2026-02-23 16:04:00,long,79.45,78.96654325513197,-0.0060850439882698115,0.006103633318063704,-0.006103633318063735,0.0036434489704838965,79.9364166113447,78.96654325513197,11,stop_loss,0.922657203907204,0.006103633318063704
2026-02-23 16:05:00,2026-02-23 16:19:00,long,78.83,79.31262078630965,0.006122298443608454,0.006103633318063704,0.006103633318063704,0.011477706881392005,79.31262078630965,78.3503159824047,14,take_profit,0.9222718253968254,0.006103633318063704
2026-02-23 16:20:00,2026-02-23 16:47:00,long,79.39,78.90690835777126,-0.0060850439882698115,0.006103633318063704,-0.006103633318063735,0.004398926216186946,79.87604927343807,78.90690835777126,27,stop_loss,0.9357448107448108,0.006103633318063704
2026-02-23 17:15:00,2026-02-23 17:29:00,long,78.68,78.20122873900294,-0.0060850439882697005,0.006103633318063704,-0.006103633318063623,0.0006352836755174483,79.16170244154311,78.20122873900294,14,stop_loss,0.9244276556776557,0.006103633318063704
2026-02-23 17:37:00,2026-02-23 17:51:00,long,77.74,77.2669486803519,-0.0060850439882698115,0.006103633318063704,-0.006103633318063735,0.01885886676969359,78.21594748100611,77.2669486803519,14,stop_loss,0.9381448412698413,0.006103633318063704
2026-02-23 17:52:00,2026-02-23 17:57:00,long,77.6,78.075090359224,0.006122298443608454,0.006103633318063704,0.006103633318063704,0.020661365004597667,78.075090359224,77.12780058651026,5,take_profit,0.9546588827838828,0.006103633318063704
2026-02-23 17:58:00,2026-02-23 18:32:00,long,78.13,78.60833517739913,0.006122298443608454,0.006103633318063704,0.006103633318063704,0.013854686185117728,78.60833517739913,77.65457551319648,34,take_profit,0.9608630952380952,0.006103633318063704
2026-02-23 18:33:00,2026-02-23 18:36:00,long,78.6,79.08121265766762,0.006122298443608454,0.006103633318063704,0.006103633318063704,0.007857092758609713,79.08121265766762,78.12171554252198,3,take_profit,0.939308608058608,0.006103633318063704
2026-02-23 18:37:00,2026-02-23 18:56:00,long,79.13,78.6484904692082,-0.0060850439882699225,0.006103633318063704,-0.006103633318063847,0.0005053695622404275,79.61445747584273,78.6484904692082,19,stop_loss,0.9664644383394383,0.006103633318063704
2026-02-23 18:59:00,2026-02-23 19:39:00,long,78.57,78.09189809384164,-0.0060850439882698115,0.006103633318063704,-0.006103633318063735,0.003303687884086684,79.05102898871431,78.09189809384164,40,stop_loss,0.9126488095238096,0.006103633318063704
2026-02-24 01:16:00,2026-02-24 01:17:00,long,76.3,75.83571114369501,-0.0060850439882698115,0.006103633318063704,-0.006103633318063735,0.024596709260854083,76.76713137124732,75.83571114369501,1,stop_loss,0.9479891636141636,0.006103633318063704
2026-02-24 01:18:00,2026-02-24 01:20:00,long,76.8,77.27019252046912,0.006122298443608454,0.006103633318063704,0.006103633318063704,0.018065007397638985,77.27019252046912,76.33266862170088,2,take_profit,0.9941163003663004,0.006103633318063704
2026-02-24 01:21:00,2026-02-24 01:25:00,long,77.26,77.7330087777532,0.006122298443608454,0.006103633318063704,0.006103633318063704,0.012093290313130084,77.7330087777532,76.78986950146628,4,take_profit,0.9990079365079365,0.006103633318063704
2026-02-24 01:26:00,2026-02-24 02:26:00,long,77.79,77.88,0.0011569610489778892,0.006103633318063704,0.0011562922853161001,0.005256759332582597,78.2662535959283,77.3166444281525,60,timeout_1h,0.996966575091575,0.006103633318063704
2026-02-24 02:33:00,2026-02-24 02:42:00,long,78.18,77.70427126099707,-0.0060850439882698115,0.006103633318063704,-0.006103633318063735,-0.00012791813256980992,78.65864129232132,77.70427126099707,9,stop_loss,0.9018315018315018,0.006103633318063704
2026-02-24 03:02:00,2026-02-24 03:33:00,long,77.21,76.74017375366569,-0.0060850439882697005,0.006103633318063704,-0.006103633318063623,0.0015529963002197302,77.682702662831,76.74017375366569,31,stop_loss,0.9167544261294261,0.006103633318063704
2026-02-24 04:15:00,2026-02-24 04:21:00,long,76.13,76.59609058051191,0.006122298443608454,0.006103633318063704,0.006103633318063704,0.01473395192001423,76.59609058051191,75.66674560117302,6,take_profit,0.9306509462759462,0.006103633318063704
2026-02-24 04:23:00,2026-02-24 04:31:00,long,76.82,76.35254692082111,-0.0060850439882697005,0.006103633318063704,-0.006103633318063623,0.005711334320376706,77.29031496643799,76.35254692082111,8,stop_loss,0.9309676434676435,0.006103633318063704
2026-02-24 04:32:00,2026-02-24 05:05:00,long,76.47,76.93817216198273,0.006122298443608454,0.006103633318063704,0.006103633318063704,0.010277850182001605,76.93817216198273,76.00467668621701,33,take_profit,0.9381906288156289,0.006103633318063704
2026-02-24 05:25:00,2026-02-24 06:25:00,long,76.42,76.76,0.004449097095001298,0.006103633318063704,0.004439229120745259,0.005480895881601968,76.88786604706056,75.95498093841643,60,timeout_1h,0.9252709096459096,0.006103633318063704
2026-02-24 13:34:00,2026-02-24 14:31:00,long,76.37,75.90528519061584,-0.0060850439882698115,0.006103633318063704,-0.006103633318063735,0.00431175947291782,76.83755993213838,75.90528519061584,57,stop_loss,0.9150831807081807,0.006103633318063704
2026-02-24 14:39:00,2026-02-24 14:48:00,long,76.53,76.99853949988936,0.006122298443608454,0.006103633318063704,0.006103633318063704,0.01039915779911427,76.99853949988936,76.06431158357772,9,take_profit,0.9501449938949939,0.006103633318063704
2026-02-24 14:49:00,2026-02-24 14:58:00,long,77.17,76.70041715542521,-0.0060850439882699225,0.006103633318063704,-0.006103633318063847,0.0020711981514322667,77.64245777089327,76.70041715542521,9,stop_loss,0.9703983516483516,0.006103633318063704
2026-02-24 14:59:00,2026-02-24 15:16:00,long,76.83,77.30037618942244,0.006122298443608454,0.006103633318063704,0.006103633318063704,0.006486789741400443,77.30037618942244,76.36248607038122,17,take_profit,0.9728899572649573,0.006103633318063704
2026-02-24 15:17:00,2026-02-24 16:02:00,long,77.29,77.7631924467065,0.006122298443608454,0.006103633318063704,0.006103633318063704,0.009144245570811949,77.7631924467065,76.81968695014663,45,take_profit,0.9748130341880342,0.006103633318063704
2026-02-24 16:03:00,2026-02-24 16:32:00,long,77.91,77.43591422287389,-0.0060850439882699225,0.006103633318063704,-0.006103633318063847,0.0042267113837950905,78.38698827174153,77.43591422287389,29,stop_loss,0.9582837301587301,0.006103633318063704
2026-02-24 16:33:00,2026-02-24 16:40:00,long,77.46,77.9342332374419,0.006122298443608454,0.006103633318063704,0.006103633318063704,0.01180711868487929,77.9342332374419,76.98865249266862,7,take_profit,0.901984126984127,0.006103633318063704
2026-02-24 16:41:00,2026-02-24 16:54:00,long,77.89,77.41603592375367,-0.0060850439882698115,0.006103633318063704,-0.006103633318063735,0.006271217839628228,78.36686582577266,77.41603592375367,13,stop_loss,0.9124732905982906,0.006103633318063704
2026-02-24 16:59:00,2026-02-24 17:59:00,long,78.06,77.93,-0.0016653856008198575,0.006103633318063704,-0.0016667738969993154,0.004091031019016331,78.53790661650808,77.58500146627566,60,timeout_1h,0.9324099511599512,0.006103633318063704
2026-02-25 01:11:00,2026-02-25 01:12:00,long,80.78,81.27455926827469,0.006122298443608454,0.006103633318063704,0.006103633318063704,0.023006398948319334,81.27455926827469,80.28845014662757,1,take_profit,0.9751755189255189,0.006103633318063704
2026-02-25 01:13:00,2026-02-25 01:17:00,long,81.37,81.86817142435642,0.006122298443608454,0.006103633318063704,0.006103633318063704,0.01572915437502029,81.86817142435642,80.87485997067449,4,take_profit,0.9959363553113553,0.006103633318063704
2026-02-25 01:18:00,2026-02-25 01:21:00,long,81.75,82.25049789776499,0.006122298443608454,0.006103633318063704,0.006103633318063704,0.01106999930622359,82.25049789776499,81.25254765395894,3,take_profit,0.9979777167277167,0.006103633318063704
2026-02-25 01:22:00,2026-02-25 02:06:00,long,82.03,82.5322121413292,0.006122298443608454,0.006103633318063704,0.006103633318063704,0.007650775068927677,82.5322121413292,81.53084384164222,44,take_profit,0.9952915140415141,0.006103633318063704
2026-02-25 02:07:00,2026-02-25 02:33:00,long,82.66,82.15701026392962,-0.0060850439882697005,0.006103633318063704,-0.006103633318063623,0.0,83.16606918934868,82.15701026392962,26,stop_loss,0.9672237484737485,0.006103633318063704
2026-02-25 02:48:00,2026-02-25 03:16:00,long,82.45,81.94828812316716,-0.0060850439882698115,0.006103633318063704,-0.006103633318063735,0.000848639197443162,82.95478350667553,81.94828812316716,28,stop_loss,0.9069215506715507,0.006103633318063704
2026-02-25 13:52:00,2026-02-25 14:16:00,long,83.94,84.45390573135649,0.006122298443608454,0.006103633318063704,0.006103633318063704,0.01853107026241913,84.45390573135649,83.42922140762462,24,take_profit,0.9200206043956044,0.006103633318063704
2026-02-25 14:17:00,2026-02-25 14:45:00,long,84.23,84.74568119790514,0.006122298443608454,0.006103633318063704,0.006103633318063704,0.02079614392623527,84.74568119790514,83.71745674486803,28,take_profit,0.9032623626373626,0.006103633318063704
2026-02-25 14:46:00,2026-02-25 14:49:00,long,84.92,85.43990558383123,0.006122298443608454,0.006103633318063704,0.006103633318063704,0.016467525412375963,85.43990558383123,84.40325806451612,3,take_profit,0.9608287545787546,0.006103633318063704
2026-02-25 14:50:00,2026-02-25 15:00:00,long,85.26,85.78198716530206,0.006122298443608454,0.006103633318063704,0.006103633318063704,0.012471750910366858,85.78198716530206,84.74118914956011,10,take_profit,0.9796398046398046,0.006103633318063704
2026-02-25 15:01:00,2026-02-25 15:05:00,long,85.9,85.37729472140762,-0.0060850439882699225,0.006103633318063704,-0.006103633318063847,0.004993333257221467,86.42590543630597,85.37729472140762,4,stop_loss,0.9736034798534798,0.006103633318063704
2026-02-25 15:06:00,2026-02-25 15:17:00,long,85.06,85.58076270561334,0.006122298443608454,0.006103633318063704,0.006103633318063704,0.015399277707067597,85.58076270561334,84.54240615835778,11,take_profit,0.975606684981685,0.006103633318063704
2026-02-25 15:18:00,2026-02-25 15:33:00,long,85.33,85.8524157261931,0.006122298443608454,0.006103633318063704,0.006103633318063704,0.01627375214787105,85.8524157261931,84.81076319648093,15,take_profit,0.9394612332112332,0.006103633318063704
2026-02-25 15:34:00,2026-02-25 15:44:00,long,85.63,86.15425241572619,0.006122298443608454,0.006103633318063704,0.006103633318063704,0.020574003554295853,86.15425241572619,85.10893768328445,10,take_profit,0.9710966117216118,0.006103633318063704
2026-02-25 15:45:00,2026-02-25 16:18:00,long,86.18,86.70761967987018,0.006122298443608454,0.006103633318063704,0.006103633318063704,0.014743413797082482,86.70761967987018,85.65559090909092,33,take_profit,0.9379082722832723,0.006103633318063704
2026-02-25 16:19:00,2026-02-25 16:25:00,long,86.85,87.38172161982739,0.006122298443608454,0.006103633318063704,0.006103633318063704,0.0175763483857428,87.38172161982739,86.32151392961876,6,take_profit,0.9642666361416361,0.006103633318063704
2026-02-25 16:26:00,2026-02-25 17:01:00,long,87.35,87.8847827690492,0.006122298443608454,0.006103633318063704,0.006103633318063704,0.01183580449279118,87.8847827690492,86.81847140762463,35,take_profit,0.9745840964590965,0.006103633318063704
2026-02-25 17:02:00,2026-02-25 17:04:00,long,87.97,87.4346986803519,-0.0060850439882698115,0.006103633318063704,-0.006103633318063735,0.009165552141306032,88.50857859408424,87.4346986803519,2,stop_loss,0.950904304029304,0.006103633318063704
2026-02-25 17:05:00,2026-02-25 17:10:00,long,87.5,88.03570111381573,0.006122298443608454,0.006103633318063704,0.006103633318063704,0.014522606042320446,88.03570111381573,86.9675586510264,5,take_profit,0.9595199938949939,0.006103633318063704
2026-02-25 17:11:00,2026-02-25 17:20:00,long,88.39,87.85214296187684,-0.0060850439882698115,0.006103633318063704,-0.006103633318063735,0.004402558333032507,88.93114995943056,87.85214296187684,9,stop_loss,0.9624771062271062,0.006103633318063704
2026-02-25 17:21:00,2026-02-25 17:36:00,long,87.96,88.4985173710998,0.006122298443608454,0.006103633318063704,0.006103633318063704,0.00927923371932874,88.4985173710998,87.42475953079177,15,take_profit,0.9159340659340659,0.006103633318063704
2026-02-25 17:37:00,2026-02-25 18:04:00,long,88.55,88.0111693548387,-0.0060850439882699225,0.006103633318063704,-0.006103633318063847,0.0058552132149355144,89.09212952718153,88.0111693548387,27,stop_loss,0.9179677960927961,0.006103633318063704
2026-02-25 18:05:00,2026-02-25 18:28:00,long,88.09,88.62931326989747,0.006122298443608454,0.006103633318063704,0.006103633318063704,0.011400315355059136,88.62931326989747,87.55396847507332,23,take_profit,0.9152434371184371,0.006103633318063704
2026-02-25 18:29:00,2026-02-25 19:24:00,long,88.77,89.31347643283912,0.006122298443608454,0.006103633318063704,0.006103633318063704,0.005280614484103704,89.31347643283912,88.22983064516129,55,take_profit,0.9413728632478633,0.006103633318063704
2026-02-25 19:25:00,2026-02-25 20:25:00,long,89.11,89.15,0.0004488834025362376,0.006103633318063704,0.0004487826845210044,0.0054837583562562875,89.65555801430995,88.56776173020528,60,timeout_1h,0.909611568986569,0.006103633318063704
2026-02-25 21:35:00,2026-02-25 21:36:00,long,90.88,91.43639448255513,0.006122298443608454,0.006103633318063704,0.006103633318063704,0.010181269182767568,91.43639448255513,90.32699120234604,1,take_profit,0.9333257020757021,0.006103633318063704
2026-02-25 21:37:00,2026-02-25 21:42:00,long,90.99,90.43632184750733,-0.0060850439882698115,0.006103633318063704,-0.006103633318063735,-0.00010990822674130358,91.54706793538392,90.43632184750733,5,stop_loss,0.9895642551892552,0.006103633318063704
2026-02-25 21:43:00,2026-02-25 21:57:00,long,90.33,89.78033797653958,-0.0060850439882698115,0.006103633318063704,-0.006103633318063735,0.0017697162012897877,90.88302721841114,89.78033797653958,14,stop_loss,0.9955891330891331,0.006103633318063704
2026-02-25 21:58:00,2026-02-25 22:01:00,long,89.81,90.35984362322047,0.006122298443608454,0.006103633318063704,0.006103633318063704,0.00754301968018341,90.35984362322047,89.2635021994135,3,take_profit,0.9828449328449328,0.006103633318063704
2026-02-25 22:02:00,2026-02-25 22:23:00,long,90.24,89.69088563049853,-0.0060850439882698115,0.006103633318063704,-0.006103633318063735,0.002766559613293068,90.79247621155122,89.69088563049853,21,stop_loss,0.9861759768009768,0.006103633318063704
2026-02-25 22:24:00,2026-02-25 22:39:00,long,89.94,89.39271114369501,-0.0060850439882698115,0.006103633318063704,-0.006103633318063735,0.0010001667778240567,90.49063952201814,89.39271114369501,15,stop_loss,0.9421016483516483,0.006103633318063704
2026-02-25 22:40:00,2026-02-25 22:50:00,long,88.94,88.39879618768327,-0.0060850439882699225,0.006103633318063704,-0.006103633318063847,0.003479435577198001,89.48451722357453,88.39879618768327,10,stop_loss,0.9375953907203908,0.006103633318063704
2026-02-25 22:51:00,2026-02-25 22:58:00,long,88.58,89.12231319613484,0.006122298443608454,0.006103633318063704,0.006103633318063704,0.00708704243063982,89.12231319613484,88.04098680351906,7,take_profit,0.971535409035409,0.006103633318063704
2026-02-25 22:59:00,2026-02-25 23:22:00,long,89.07,88.5280051319648,-0.0060850439882698115,0.006103633318063704,-0.006103633318063735,0.0015705634819140493,89.6153131223722,88.5280051319648,23,stop_loss,0.9572191697191698,0.006103633318063704
2026-02-25 23:23:00,2026-02-25 23:32:00,long,88.43,87.89189956011731,-0.0060850439882698115,0.006103633318063704,-0.006103633318063735,0.008445520611686826,88.9713948513683,87.89189956011731,9,stop_loss,0.9045177045177045,0.006103633318063704
2026-02-25 23:33:00,2026-02-25 23:40:00,long,87.87,87.33530718475073,-0.0060850439882698115,0.006103633318063704,-0.006103633318063735,0.014798349691578791,88.40796636423988,87.33530718475073,7,stop_loss,0.9484012515262515,0.006103633318063704
2026-02-25 23:41:00,2026-02-25 23:52:00,long,87.38,87.91496643800251,0.006122298443608454,0.006103633318063704,0.006103633318063704,0.02039037567604092,87.91496643800251,86.84828885630498,11,take_profit,0.9635836385836386,0.006103633318063704
2026-02-25 23:53:00,2026-02-26 00:07:00,long,87.9,88.43815003319318,0.006122298443608454,0.006103633318063704,0.006103633318063704,0.014456994508199216,88.43815003319318,87.3651246334311,14,take_profit,0.9704899267399267,0.006103633318063704
2026-02-26 00:08:00,2026-02-26 00:16:00,long,88.4,88.94121118241499,0.006122298443608454,0.006103633318063704,0.006103633318063704,0.008784829555732811,88.94121118241499,87.86208211143695,8,take_profit,0.9640453296703296,0.006103633318063704
2026-02-26 00:17:00,2026-02-26 00:38:00,long,88.95,88.4087353372434,-0.0060850439882698115,0.006103633318063704,-0.006103633318063735,0.0025823850874864412,89.49457844655898,88.4087353372434,21,stop_loss,0.9705547924297925,0.006103633318063704
2026-02-26 00:39:00,2026-02-26 01:04:00,long,88.31,88.85066017555506,0.006122298443608454,0.006103633318063704,0.006103633318063704,0.008456948412845436,88.85066017555506,87.77262976539589,25,take_profit,0.9415827228327228,0.006103633318063704
2026-02-26 01:05:00,2026-02-26 01:33:00,long,88.8,88.25964809384163,-0.0060850439882698115,0.006103633318063704,-0.006103633318063735,0.0029236498954319646,89.34366010179242,88.25964809384163,28,stop_loss,0.9420215201465202,0.006103633318063704
2026-02-26 01:44:00,2026-02-26 02:03:00,long,88.45,87.91177785923753,-0.0060850439882699225,0.006103633318063704,-0.006103633318063847,0.0009040570171634101,88.99151729733717,87.91177785923753,19,stop_loss,0.9109165140415141,0.006103633318063704
2026-02-26 02:04:00,2026-02-26 03:04:00,long,87.94,88.14,0.0022742779167614913,0.006103633318063704,0.0022716956611769394,0.003745535279477405,88.47839492513093,87.40488123167155,60,timeout_1h,0.9278502747252747,0.006103633318063704
2026-02-26 05:10:00,2026-02-26 06:10:00,long,87.54,87.77,0.0026273703449850583,0.006103633318063704,0.002623924841276866,0.004103972928382017,88.0759460057535,87.00731524926687,60,timeout_1h,0.9019383394383395,0.006103633318063704
2026-02-26 09:13:00,2026-02-26 10:13:00,long,88.29,88.06,-0.0026050515347152414,0.006103633318063704,-0.002608450585883425,0.0020366605818033334,88.8305377295862,87.75275146627567,60,timeout_1h,0.9367139804639805,0.006103633318063704
2026-02-26 14:17:00,2026-02-26 14:30:00,long,87.72,87.18621994134897,-0.0060850439882698115,0.006103633318063704,-0.006103633318063735,0.0033005208360329602,88.25704801947333,87.18621994134897,13,stop_loss,0.9006219474969475,0.006103633318063704
2026-02-26 14:31:00,2026-02-26 14:35:00,long,87.61,88.14637456664454,0.006122298443608454,0.006103633318063704,0.006103633318063704,0.004555297707447915,88.14637456664454,87.07688929618769,4,take_profit,0.9094207875457876,0.006103633318063704
2026-02-26 14:36:00,2026-02-26 14:45:00,long,87.66,87.12658504398827,-0.0060850439882697005,0.006103633318063704,-0.006103633318063623,0.00011407060983113605,88.19668068156672,87.12658504398827,9,stop_loss,0.9284722222222223,0.006103633318063704
2026-02-26 14:46:00,2026-02-26 14:47:00,long,87.01,86.48054032258065,-0.0060850439882698115,0.006103633318063704,-0.006103633318063735,0.0009190121267150405,87.54270118757837,86.48054032258065,1,stop_loss,0.966723901098901,0.006103633318063704
2026-02-26 14:48:00,2026-02-26 14:56:00,long,86.4,86.92896658552777,0.006122298443608454,0.006103633318063704,0.006103633318063704,0.007954390894638196,86.92896658552777,85.87425219941349,8,take_profit,0.9805784493284493,0.006103633318063704
2026-02-26 14:57:00,2026-02-26 15:09:00,long,86.97,86.44078372434018,-0.0060850439882697005,0.006103633318063704,-0.006103633318063623,0.0005747456908602277,87.50245629564063,86.44078372434018,12,stop_loss,0.9686050061050061,0.006103633318063704
2026-02-26 15:10:00,2026-02-26 15:16:00,long,86.68,86.15254838709679,-0.0060850439882697005,0.006103633318063704,-0.006103633318063623,0.0010377631372400036,87.21068082909198,86.15254838709679,6,stop_loss,0.9570322039072039,0.006103633318063704
2026-02-26 15:17:00,2026-02-26 15:26:00,long,85.66,86.18443608467949,0.006122298443608454,0.006103633318063704,0.006103633318063704,0.012183245201844026,86.18443608467949,85.1387551319648,9,take_profit,0.9878243284493284,0.006103633318063704
2026-02-26 15:27:00,2026-02-26 15:34:00,long,85.94,85.4170513196481,-0.0060850439882697005,0.006103633318063704,-0.006103633318063623,0.00891983904221999,86.46615032824371,85.4170513196481,7,stop_loss,0.9711500305250306,0.006103633318063704
2026-02-26 15:35:00,2026-02-26 15:36:00,long,85.26,85.78198716530206,0.006122298443608454,0.006103633318063704,0.006103633318063704,0.016863806052004725,85.78198716530206,84.74118914956011,1,take_profit,0.9901671245421245,0.006103633318063704
2026-02-26 15:37:00,2026-02-26 15:39:00,long,85.8,86.32529320646161,0.006122298443608454,0.006103633318063704,0.006103633318063704,0.010550210895152392,86.32529320646161,85.27790322580644,2,take_profit,0.9837721306471306,0.006103633318063704
2026-02-26 15:40:00,2026-02-26 15:43:00,long,85.99,86.51645644316588,0.006122298443608454,0.006103633318063704,0.006103633318063704,0.00833820696626403,86.51645644316588,85.46674706744868,3,take_profit,0.9852068070818071,0.006103633318063704
2026-02-26 15:44:00,2026-02-26 16:34:00,long,86.4,85.87425219941349,-0.0060850439882698115,0.006103633318063704,-0.006103633318063735,0.0035815415790591176,86.92896658552777,85.87425219941349,50,stop_loss,0.9805517399267399,0.006103633318063704
2026-02-26 16:35:00,2026-02-26 16:45:00,long,85.41,84.89027639296187,-0.0060850439882699225,0.006103633318063704,-0.006103633318063847,0.003506314952735473,85.9329055100686,84.89027639296187,10,stop_loss,0.9448946886446886,0.006103633318063704
2026-02-26 16:46:00,2026-02-26 16:55:00,long,84.87,84.35356231671554,-0.0060850439882699225,0.006103633318063704,-0.006103633318063847,0.004584737355478867,85.38959946890905,84.35356231671554,9,stop_loss,0.9625953907203907,0.006103633318063704
2026-02-26 16:56:00,2026-02-26 17:05:00,long,84.55,85.0676403334071,0.006122298443608454,0.006103633318063704,0.006103633318063704,0.008362335992475014,85.0676403334071,84.03550953079178,9,take_profit,0.9746146214896215,0.006103633318063704
2026-02-26 17:06:00,2026-02-26 18:06:00,long,85.23,84.71137170087977,-0.0060850439882698115,0.006103633318063704,-0.006103633318063735,0.0003519268028581283,85.75180349634876,84.71137170087977,60,stop_loss,0.9682921245421245,0.006103633318063704
2026-02-26 18:37:00,2026-02-26 19:04:00,long,85.41,85.9329055100686,0.006122298443608454,0.006103633318063704,0.006103633318063704,0.00990280126164137,85.9329055100686,84.89027639296187,27,take_profit,0.9296321733821734,0.006103633318063704
2026-02-26 19:05:00,2026-02-26 19:59:00,long,86.04,86.56676255808807,0.006122298443608454,0.006103633318063704,0.006103633318063704,0.0084486354058689,86.56676255808807,85.51644281524928,54,take_profit,0.9586309523809524,0.006103633318063704
2026-02-27 03:58:00,2026-02-27 04:16:00,long,87.62,88.15643578962897,0.006122298443608454,0.006103633318063704,0.006103633318063704,0.006937758848260937,88.15643578962897,87.0868284457478,18,take_profit,0.903926282051282,0.006103633318063704
2026-02-27 04:17:00,2026-02-27 05:17:00,long,87.95,87.72,-0.002615122228538991,0.006103633318063704,-0.0026185476338797787,0.0017040617585665975,88.48845614811536,87.41482038123168,60,timeout_1h,0.9120344932844933,0.006103633318063704
2026-02-27 09:46:00,2026-02-27 10:10:00,long,86.39,85.86431304985337,-0.0060850439882699225,0.006103633318063704,-0.006103633318063847,0.0009256046015460399,86.91890536254334,85.86431304985337,24,stop_loss,0.9440743284493285,0.006103633318063704
2026-02-27 10:12:00,2026-02-27 10:50:00,long,85.37,84.85051979472141,-0.0060850439882698115,0.006103633318063704,-0.006103633318063735,0.0031577126992668636,85.89266061813086,84.85051979472141,38,stop_loss,0.9365995115995116,0.006103633318063704
2026-02-27 10:59:00,2026-02-27 11:32:00,long,84.65,84.13490102639297,-0.0060850439882698115,0.006103633318063704,-0.006103633318063735,0.0027133857265833465,85.16825256325146,84.13490102639297,33,stop_loss,0.9159722222222222,0.006103633318063704
2026-02-27 11:33:00,2026-02-27 11:41:00,long,84.08,83.56836950146628,-0.0060850439882697005,0.006103633318063704,-0.006103633318063623,-0.00023789699172496644,84.59476285313859,83.56836950146628,8,stop_loss,0.9153006715506715,0.006103633318063704
2026-02-27 11:42:00,2026-02-27 12:36:00,long,83.57,83.06147287390029,-0.0060850439882698115,0.006103633318063704,-0.006103633318063735,0.00155437348208496,84.08164048093235,83.06147287390029,54,stop_loss,0.9183302808302808,0.006103633318063704
2026-02-27 12:42:00,2026-02-27 13:03:00,long,82.83,83.33710998008408,0.006122298443608454,0.006103633318063704,0.006103633318063704,0.008056317246637038,83.33710998008408,82.32597580645161,21,take_profit,0.9196428571428571,0.006103633318063704
2026-02-27 13:05:00,2026-02-27 13:23:00,long,83.3,82.79311583577712,-0.0060850439882699225,0.006103633318063704,-0.006103633318063847,-0.0003602089250690846,83.80998746035259,82.79311583577712,18,stop_loss,0.9226533882783883,0.006103633318063704
2026-02-27 13:36:00,2026-02-27 13:40:00,long,81.9,82.40141624253154,0.006122298443608454,0.006103633318063704,0.006103633318063704,0.014906656683972945,82.40141624253154,81.40163489736071,4,take_profit,0.9077113858363859,0.006103633318063704
2026-02-27 13:41:00,2026-02-27 13:51:00,long,82.41,82.91453861473776,0.006122298443608454,0.006103633318063704,0.006103633318063704,0.00930014553947352,82.91453861473776,81.90853152492669,10,take_profit,0.9523313492063492,0.006103633318063704
2026-02-27 13:52:00,2026-02-27 14:22:00,long,83.06,82.5545762463343,-0.0060850439882699225,0.006103633318063704,-0.006103633318063847,0.0014436961121582165,83.56851810872612,82.5545762463343,30,stop_loss,0.9380303724053725,0.006103633318063704
2026-02-27 14:33:00,2026-02-27 14:46:00,long,82.82,82.31603665689148,-0.0060850439882698115,0.006103633318063704,-0.006103633318063735,0.004337356197344641,83.32704875709965,82.31603665689148,13,stop_loss,0.9015529609279609,0.006103633318063704
2026-02-27 14:47:00,2026-02-27 15:05:00,long,82.32,82.82398760787784,0.006122298443608454,0.006103633318063704,0.006103633318063704,0.007865005150399803,82.82398760787784,81.81907917888562,18,take_profit,0.9521787240537241,0.006103633318063704
2026-02-27 15:06:00,2026-02-27 16:05:00,long,82.66,82.15701026392962,-0.0060850439882697005,0.006103633318063704,-0.006103633318063623,0.0037432875926076852,83.16606918934868,82.15701026392962,59,stop_loss,0.9446886446886447,0.006103633318063704
2026-02-27 16:06:00,2026-02-27 16:40:00,long,82.11,81.61035703812317,-0.0060850439882698115,0.006103633318063704,-0.006103633318063735,0.0020682530640590605,82.61270192520469,81.61035703812317,34,stop_loss,0.9135149572649572,0.006103633318063704
2026-02-27 16:43:00,2026-02-27 17:43:00,long,81.54,81.48,-0.0007358351729213064,0.006103633318063704,-0.0007361060325023158,0.0020826960055086753,82.03921221509184,81.04382551319648,60,timeout_1h,0.9211614774114774,0.006103633318063704
2026-02-27 18:33:00,2026-02-27 19:08:00,long,81.76,81.26248680351907,-0.0060850439882698115,0.006103633318063704,-0.006103633318063735,0.0012223446088626049,82.26055912074943,81.26248680351907,35,stop_loss,0.9001488095238095,0.006103633318063704
2026-02-27 22:35:00,2026-02-27 22:41:00,long,80.81,81.304742937228,0.006122298443608454,0.006103633318063704,0.006103633318063704,0.013886551873368683,81.304742937228,80.31826759530792,6,take_profit,0.9255532661782662,0.006103633318063704
2026-02-27 22:42:00,2026-02-27 23:34:00,long,81.38,81.87823264734085,0.006122298443608454,0.006103633318063704,0.006103633318063704,0.00685772954518111,81.87823264734085,80.8847991202346,52,take_profit,0.9418727106227106,0.006103633318063704
2026-02-28 06:18:00,2026-02-28 06:21:00,long,79.85,80.33886553072213,0.006122298443608454,0.006103633318063704,0.006103633318063704,0.009224697675398732,80.33886553072213,79.36410923753665,3,take_profit,0.9400106837606838,0.006103633318063704
2026-02-28 06:22:00,2026-02-28 06:26:00,long,80.49,80.00021480938416,-0.0060850439882698115,0.006103633318063704,-0.006103633318063735,-0.0031108094519624037,80.98278380172604,80.00021480938416,4,stop_loss,0.9841307997557998,0.006103633318063704
2026-02-28 06:27:00,2026-02-28 06:31:00,long,79.72,79.23490029325512,-0.0060850439882699225,0.006103633318063704,-0.006103633318063847,-0.0008784589885363743,80.20806963192446,79.23490029325512,4,stop_loss,0.9884081196581197,0.006103633318063704
2026-02-28 06:32:00,2026-02-28 06:36:00,long,78.81,78.33043768328446,-0.0060850439882698115,0.006103633318063704,-0.006103633318063735,0.0010145847414400637,79.29249834034079,78.33043768328446,4,stop_loss,0.9771024114774115,0.006103633318063704
2026-02-28 06:37:00,2026-02-28 06:40:00,long,78.21,78.6888249612746,0.006122298443608454,0.006103633318063704,0.006103633318063704,0.008656960493478194,78.6888249612746,77.73408870967741,3,take_profit,0.9955433455433456,0.006103633318063704
2026-02-28 06:41:00,2026-02-28 06:50:00,long,78.6,78.12171554252198,-0.0060850439882698115,0.006103633318063704,-0.006103633318063735,0.010756193547564318,79.08121265766762,78.12171554252198,9,stop_loss,0.9972832722832723,0.006103633318063704
2026-02-28 06:51:00,2026-02-28 06:55:00,long,77.93,77.45579252199414,-0.0060850439882698115,0.006103633318063704,-0.006103633318063735,0.019316905127255472,78.40711071771041,77.45579252199414,4,stop_loss,0.9966498778998779,0.006103633318063704
2026-02-28 06:56:00,2026-02-28 06:58:00,long,77.59,77.11786143695015,-0.0060850439882698115,0.006103633318063704,-0.006103633318063735,0.02368934007686718,78.06502913623959,77.11786143695015,2,stop_loss,0.9947344322344323,0.006103633318063704
2026-02-28 06:59:00,2026-02-28 07:02:00,long,77.48,77.95435568341078,0.006122298443608454,0.006103633318063704,0.006103633318063704,0.0251080544439299,77.95435568341078,77.00853079178886,3,take_profit,0.9960584554334554,0.006103633318063704
2026-02-28 07:03:00,2026-02-28 07:07:00,long,77.87,78.3467433798038,0.006122298443608454,0.006103633318063704,0.006103633318063704,0.02008712339383026,78.3467433798038,77.39615762463343,4,take_profit,0.9844932844932845,0.006103633318063704
2026-02-28 07:08:00,2026-02-28 07:22:00,long,78.48,78.00244574780059,-0.0060850439882698115,0.006103633318063704,-0.006103633318063735,0.01228407772561734,78.9604779818544,78.00244574780059,14,stop_loss,0.9884882478632478,0.006103633318063704
2026-02-28 07:23:00,2026-02-28 07:32:00,long,77.8,78.27631481891274,0.006122298443608454,0.006103633318063704,0.006103633318063704,0.02098646179837914,78.27631481891274,77.32658357771261,9,take_profit,0.9888240231990232,0.006103633318063704
2026-02-28 07:33:00,2026-02-28 07:38:00,long,78.35,78.82968208305671,0.006122298443608454,0.006103633318063704,0.006103633318063704,0.013941924180695248,78.82968208305671,77.87323680351905,5,take_profit,0.9464514652014652,0.006103633318063704
2026-02-28 07:39:00,2026-02-28 07:46:00,long,79.42,78.93672580645162,-0.0060850439882697005,0.006103633318063704,-0.006103633318063623,0.00037766727961948684,79.90623294239138,78.93672580645162,7,stop_loss,0.9777777777777777,0.006103633318063704
2026-02-28 07:47:00,2026-02-28 08:00:00,long,79.03,78.54909897360704,-0.0060850439882697005,0.006103633318063704,-0.006103633318063623,-0.001899816922504047,79.51384524599838,78.54909897360704,13,stop_loss,0.9941010378510379,0.006103633318063704
2026-02-28 08:01:00,2026-02-28 08:58:00,long,78.32,77.8434193548387,-0.0060850439882698115,0.006103633318063704,-0.006103633318063735,0.0034414666558288238,78.79949841410341,77.8434193548387,57,stop_loss,0.9741376678876679,0.006103633318063704
2026-02-28 09:20:00,2026-02-28 10:20:00,long,78.2,78.34,0.0017902813299233156,0.006103633318063704,0.0017886806864198918,0.005610828287645657,78.67876373829019,77.7241495601173,60,timeout_1h,0.9037507631257631,0.006103633318063704
2026-02-28 10:37:00,2026-02-28 11:03:00,long,78.96,79.44341668510732,0.006122298443608454,0.006103633318063704,0.006103633318063704,0.00631235526122684,79.44341668510732,78.47952492668621,26,take_profit,0.9112293956043956,0.006103633318063704
2026-02-28 11:04:00,2026-02-28 11:55:00,long,79.29,78.80751686217009,-0.0060850439882698115,0.006103633318063704,-0.006103633318063735,0.0021417331021451914,79.77543704359373,78.80751686217009,51,stop_loss,0.9102525946275947,0.006103633318063704
2026-02-28 13:49:00,2026-02-28 13:53:00,long,80.24,80.73125322711513,0.006122298443608454,0.006103633318063704,0.006103633318063704,0.014475971932206316,80.73125322711513,79.75173607038123,4,take_profit,0.9597489316239316,0.006103633318063704
2026-02-28 13:54:00,2026-02-28 14:00:00,long,80.51,81.00290624769492,0.006122298443608454,0.006103633318063704,0.006103633318063704,0.011116715273996821,81.00290624769492,80.0200931085044,6,take_profit,0.9866605616605617,0.006103633318063704
2026-02-28 14:01:00,2026-02-28 14:03:00,long,81.01,80.51705058651027,-0.0060850439882698115,0.006103633318063704,-0.006103633318063735,0.0038193849177457903,81.50596739691673,80.51705058651027,2,stop_loss,0.9948565323565324,0.006103633318063704
2026-02-28 14:04:00,2026-02-28 14:36:00,long,80.45,80.9425389097883,0.006122298443608454,0.006103633318063704,0.006103633318063704,0.010756115321753511,80.9425389097883,79.9604582111437,32,take_profit,0.998653083028083,0.006103633318063704
2026-02-28 14:37:00,2026-02-28 14:51:00,long,81.08,80.58662463343109,-0.0060850439882698115,0.006103633318063704,-0.006103633318063735,0.002955667176346622,81.57639595780778,80.58662463343109,14,stop_loss,0.9698107448107448,0.006103633318063704
2026-02-28 14:52:00,2026-02-28 15:14:00,long,80.3,79.81137096774194,-0.0060850439882697005,0.006103633318063704,-0.006103633318063623,0.007444203111730046,80.79162056502176,79.81137096774194,22,stop_loss,0.9649687118437118,0.006103633318063704
2026-02-28 15:15:00,2026-02-28 15:23:00,long,79.92,80.40929409161319,0.006122298443608454,0.006103633318063704,0.006103633318063704,0.013052581357724894,80.40929409161319,79.43368328445747,8,take_profit,0.9714972527472527,0.006103633318063704
2026-02-28 15:24:00,2026-02-28 15:28:00,long,80.45,80.9425389097883,0.006122298443608454,0.006103633318063704,0.006103633318063704,0.006442842259630673,80.9425389097883,79.9604582111437,4,take_profit,0.9511752136752136,0.006103633318063704
2026-02-28 15:29:00,2026-02-28 16:29:00,long,80.72,80.89,0.002106045589692851,0.006103633318063704,0.0021038309845078126,0.0030923396526694566,81.21419193036807,80.22881524926686,60,timeout_1h,0.9715430402930403,0.006103633318063704
2026-02-28 16:46:00,2026-02-28 17:46:00,long,80.92,80.81,-0.001359367276322243,0.006103633318063704,-0.001360292054188397,0.003331074574810401,81.41541639005679,80.42759824046921,60,timeout_1h,0.9016330891330891,0.006103633318063704
2026-02-28 18:03:00,2026-02-28 18:37:00,long,81.34,81.83798775540312,0.006122298443608454,0.006103633318063704,0.006103633318063704,0.01718611377809371,81.83798775540312,80.84504252199413,34,take_profit,0.9029761904761905,0.006103633318063704
2026-02-28 18:38:00,2026-02-28 18:54:00,long,82.16,82.66300804012687,0.006122298443608454,0.006103633318063704,0.006103633318063704,0.007155448636869597,82.66300804012687,81.66005278592375,16,take_profit,0.9552731990231991,0.006103633318063704
2026-02-28 18:55:00,2026-02-28 18:58:00,long,82.75,82.24646260997068,-0.0060850439882697005,0.006103633318063704,-0.006103633318063623,-0.0014512035440793496,83.2566201962086,82.24646260997068,3,stop_loss,0.9378739316239316,0.006103633318063704
2026-02-28 18:59:00,2026-02-28 19:09:00,long,82.29,81.78926173020528,-0.0060850439882698115,0.006103633318063704,-0.006103633318063735,0.00412321709547132,82.79380393892454,81.78926173020528,10,stop_loss,0.9616376678876679,0.006103633318063704
2026-02-28 19:10:00,2026-02-28 19:32:00,long,81.71,82.21025300582724,0.006122298443608454,0.006103633318063704,0.006103633318063704,0.01119641731647698,82.21025300582724,81.21279105571847,22,take_profit,0.9035103785103785,0.006103633318063704
2026-02-28 19:33:00,2026-02-28 19:38:00,long,82.11,82.61270192520469,0.006122298443608454,0.006103633318063704,0.006103633318063704,0.017026312413631214,82.61270192520469,81.61035703812317,5,take_profit,0.9140148046398047,0.006103633318063704
2026-02-28 19:39:00,2026-02-28 19:41:00,long,82.63,82.12719281524926,-0.0060850439882698115,0.006103633318063704,-0.006103633318063735,0.010713313421235634,83.13588552039536,82.12719281524926,2,stop_loss,0.9456997863247864,0.006103633318063704
2026-02-28 19:42:00,2026-02-28 20:13:00,long,82.14,82.642885594158,0.006122298443608454,0.006103633318063704,0.006103633318063704,0.019530458033868874,82.642885594158,81.64017448680352,31,take_profit,0.9593063186813187,0.006103633318063704
2026-02-28 20:14:00,2026-02-28 20:21:00,long,82.66,83.16606918934868,0.006122298443608454,0.006103633318063704,0.006103633318063704,0.027091578708331815,83.16606918934868,82.15701026392962,7,take_profit,0.9316773504273504,0.006103633318063704
2026-02-28 20:22:00,2026-02-28 20:41:00,long,83.29,83.79992623736815,0.006122298443608454,0.006103633318063704,0.006103633318063704,0.019498893844668796,83.79992623736815,82.78317668621702,19,take_profit,0.9458943833943834,0.006103633318063704
2026-02-28 20:42:00,2026-02-28 20:46:00,long,83.7,84.21243637973004,0.006122298443608454,0.006103633318063704,0.006103633318063704,0.014588410296488392,84.21243637973004,83.19068181818182,4,take_profit,0.9686851343101343,0.006103633318063704
2026-02-28 20:47:00,2026-02-28 21:03:00,long,84.6,84.08520527859237,-0.0060850439882698115,0.006103633318063704,-0.006103633318063735,0.0038931211797405838,85.11794644832926,84.08520527859237,16,stop_loss,0.9838560744810745,0.006103633318063704
2026-02-28 21:04:00,2026-02-28 21:36:00,long,83.98,84.49415062329425,0.006122298443608454,0.006103633318063704,0.006103633318063704,0.01007057856359609,84.49415062329425,83.46897800586511,32,take_profit,0.984581043956044,0.006103633318063704
2026-02-28 21:37:00,2026-02-28 21:52:00,long,84.72,84.20447507331379,-0.0060850439882697005,0.006103633318063704,-0.006103633318063623,0.010099909695519818,85.2386811241425,84.20447507331379,15,stop_loss,0.9232448107448108,0.006103633318063704
2026-02-28 21:53:00,2026-02-28 22:03:00,long,84.2,84.71549752895183,0.006122298443608454,0.006103633318063704,0.006103633318063704,0.01625668974038959,84.71549752895183,83.68763929618768,10,take_profit,0.9518162393162393,0.006103633318063704
2026-02-28 22:04:00,2026-02-28 22:36:00,long,84.73,85.24874234712695,0.006122298443608454,0.006103633318063704,0.006103633318063704,0.00998188077829802,85.24874234712695,84.2144142228739,32,take_profit,0.9474244505494506,0.006103633318063704
2026-02-28 22:37:00,2026-02-28 22:45:00,long,85.24,84.72131085043988,-0.0060850439882698115,0.006103633318063704,-0.006103633318063735,-0.00011732269621000633,85.76186471933318,84.72131085043988,8,stop_loss,0.93622557997558,0.006103633318063704
2026-02-28 22:46:00,2026-02-28 22:59:00,long,84.74,84.22435337243401,-0.0060850439882698115,0.006103633318063704,-0.006103633318063735,0.0018863481188885474,85.25880357011137,84.22435337243401,13,stop_loss,0.9477983821733822,0.006103633318063704
2026-02-28 23:00:00,2026-03-01 00:00:00,long,84.28,84.52,0.0028476506881822683,0.006103633318063704,0.0028436038118676843,0.004262379174000884,84.79598731282732,83.76715249266861,60,timeout_1h,0.9411057692307693,0.006103633318063704
2026-03-01 01:38:00,2026-03-01 01:48:00,long,85.25,85.77192594231762,0.006122298443608454,0.006103633318063704,0.006103633318063704,0.03684930444216816,85.77192594231762,84.73125,10,take_profit,0.9294642857142857,0.006103633318063704
2026-03-01 01:49:00,2026-03-01 01:50:00,long,86.08,86.60700745002582,0.006122298443608454,0.006103633318063704,0.006103633318063704,0.028967621645736803,86.60700745002582,85.55619941348974,1,take_profit,0.9385264041514042,0.006103633318063704
2026-03-01 01:51:00,2026-03-01 01:52:00,long,86.41,86.93902780851221,0.006122298443608454,0.006103633318063704,0.006103633318063704,0.025141308205903212,86.93902780851221,85.8841913489736,1,take_profit,0.9795062576312576,0.006103633318063704
2026-03-01 01:53:00,2026-03-01 02:01:00,long,86.94,87.47227262668731,0.006122298443608454,0.006103633318063704,0.006103633318063704,0.01902649249856505,87.47227262668731,86.41096627565982,8,take_profit,0.982421398046398,0.006103633318063704
2026-03-01 02:02:00,2026-03-01 02:03:00,long,87.89,88.42808881020875,0.006122298443608454,0.006103633318063704,0.006103633318063704,0.008158685482657144,88.42808881020875,87.35518548387097,1,take_profit,0.9947115384615385,0.006103633318063704
2026-03-01 02:04:00,2026-03-01 02:08:00,long,88.25,87.7129948680352,-0.0060850439882697005,0.006103633318063704,-0.006103633318063623,0.004071022245804909,88.79029283764845,87.7129948680352,4,stop_loss,0.9947687728937729,0.006103633318063704
2026-03-01 02:09:00,2026-03-01 02:12:00,long,87.58,88.11619089769123,0.006122298443608454,0.006103633318063704,0.006103633318063704,0.011692056685958843,88.11619089769123,87.04707184750733,3,take_profit,0.9985080891330891,0.006103633318063704
2026-03-01 02:13:00,2026-03-01 02:24:00,long,88.15,87.61360337243403,-0.0060850439882697005,0.006103633318063704,-0.006103633318063623,0.00520480921533167,88.68968060780409,87.61360337243403,11,stop_loss,0.9962721306471306,0.006103633318063704
2026-03-01 02:25:00,2026-03-01 02:42:00,long,87.91,88.44821125617761,0.006122298443608454,0.006103633318063704,0.006103633318063704,0.0079311541961238,88.44821125617761,87.37506378299119,17,take_profit,0.9870612026862027,0.006103633318063704
2026-03-01 02:43:00,2026-03-01 02:48:00,long,88.52,87.98135190615835,-0.0060850439882698115,0.006103633318063704,-0.006103633318063735,0.0010162028763620742,89.06194585822821,87.98135190615835,5,stop_loss,0.9645489926739926,0.006103633318063704
2026-03-01 02:49:00,2026-03-01 03:49:00,long,87.97,88.04,0.0007957258156190417,0.006103633318063704,0.0007954093936778326,0.002384332665208423,88.50857859408424,87.4346986803519,60,timeout_1h,0.9775526556776557,0.006103633318063704
2026-03-01 04:19:00,2026-03-01 04:26:00,long,87.01,87.54270118757837,0.006122298443608454,0.006103633318063704,0.006103633318063704,0.009949192938476268,87.54270118757837,86.48054032258065,7,take_profit,0.9216307997557998,0.006103633318063704
2026-03-01 04:27:00,2026-03-01 05:27:00,long,87.58,87.86,0.003197076958209699,0.006103633318063704,0.0031919771743812698,0.003988382017658536,88.11619089769123,87.04707184750733,60,timeout_1h,0.9250953907203907,0.006103633318063704
2026-03-01 06:09:00,2026-03-01 07:09:00,long,86.62,86.58,-0.0004617871161395337,0.006103633318063704,-0.0004618937726461809,0.003227296484865706,87.15031349118537,86.09291348973608,60,timeout_1h,0.901747557997558,0.006103633318063704
2026-03-01 08:52:00,2026-03-01 09:17:00,long,85.22,85.74174227336431,0.006122298443608454,0.006103633318063704,0.006103633318063704,0.006549731016968464,85.74174227336431,84.70143255131964,25,take_profit,0.9121985653235654,0.006103633318063704
2026-03-01 13:52:00,2026-03-01 13:53:00,long,86.23,86.75792579479236,0.006122298443608454,0.006103633318063704,0.006103633318063704,0.006473262691920269,86.75792579479236,85.7052866568915,1,take_profit,0.9272817460317461,0.006103633318063704
2026-03-01 13:54:00,2026-03-01 13:55:00,long,86.71,86.18236583577712,-0.0060850439882698115,0.006103633318063704,-0.006103633318063735,0.0009221902670845614,87.24086449804528,86.18236583577712,1,stop_loss,0.9921207264957265,0.006103633318063704
2026-03-01 13:56:00,2026-03-01 14:06:00,long,86.25,86.77804824076122,0.006122298443608454,0.006103633318063704,0.006103633318063704,0.00624135174468443,86.77804824076122,85.72516495601172,10,take_profit,0.9926549145299145,0.006103633318063704
2026-03-01 14:07:00,2026-03-01 14:21:00,long,86.59,86.06309604105572,-0.0060850439882699225,0.006103633318063704,-0.006103633318063847,-0.0021966596496998973,87.12012982223206,86.06309604105572,14,stop_loss,0.9825587606837607,0.006103633318063704
2026-03-01 14:22:00,2026-03-01 15:10:00,long,85.65,86.17437486169507,0.006122298443608454,0.006103633318063704,0.006103633318063704,0.008602703600663784,86.17437486169507,85.1288159824047,48,take_profit,0.9536057692307692,0.006103633318063704
2026-03-01 15:15:00,2026-03-01 15:58:00,long,86.2,85.67546920821114,-0.0060850439882698115,0.006103633318063704,-0.006103633318063735,0.0032429956613053666,86.72774212583906,85.67546920821114,43,stop_loss,0.9216956654456654,0.006103633318063704
2026-03-01 16:01:00,2026-03-01 16:47:00,long,85.54,85.01948533724341,-0.0060850439882698115,0.006103633318063704,-0.006103633318063735,0.0050142953875899725,86.06370140886628,85.01948533724341,46,stop_loss,0.9040827228327228,0.006103633318063704
2026-03-01 16:48:00,2026-03-01 16:50:00,long,84.59,84.07526612903226,-0.0060850439882698115,0.006103633318063704,-0.006103633318063735,-0.002841247323945977,85.10788522534484,84.07526612903226,2,stop_loss,0.9227869352869353,0.006103633318063704
2026-03-01 16:51:00,2026-03-01 17:17:00,long,84.1,83.5882478005865,-0.0060850439882698115,0.006103633318063704,-0.006103633318063735,0.00201936280535969,84.61488529910747,83.5882478005865,26,stop_loss,0.979368894993895,0.006103633318063704
2026-03-01 17:18:00,2026-03-01 17:35:00,long,83.36,83.8703547982592,0.006122298443608454,0.006103633318063704,0.006103633318063704,0.018776546880068315,83.8703547982592,82.85275073313782,17,take_profit,0.9659378815628815,0.006103633318063704
2026-03-01 17:36:00,2026-03-01 18:04:00,long,83.86,84.373415947481,0.006122298443608454,0.006103633318063704,0.006103633318063704,0.012796383142508425,84.373415947481,83.34970821114369,28,take_profit,0.9294757326007326,0.006103633318063704
2026-03-01 18:05:00,2026-03-01 18:32:00,long,84.62,84.10508357771262,-0.0060850439882697005,0.006103633318063704,-0.006103633318063623,0.0037744795932036497,85.13806889429816,84.10508357771262,27,stop_loss,0.9419681013431014,0.006103633318063704
2026-03-01 20:36:00,2026-03-01 21:15:00,long,81.98,82.48190602640703,0.006122298443608454,0.006103633318063704,0.006103633318063704,0.010314999533981156,82.48190602640703,81.48114809384164,39,take_profit,0.9265720390720391,0.006103633318063704
2026-03-01 22:14:00,2026-03-01 22:34:00,long,83.38,82.87262903225806,-0.0060850439882698115,0.006103633318063704,-0.006103633318063735,0.006217141020509767,83.89047724422807,82.87262903225806,20,stop_loss,0.9748969780219781,0.006103633318063704
2026-03-01 22:35:00,2026-03-01 23:05:00,long,82.73,83.23649775023974,0.006122298443608454,0.006103633318063704,0.006103633318063704,0.014043320271069065,83.23649775023974,82.22658431085044,30,take_profit,0.9480311355311355,0.006103633318063704
2026-03-01 23:06:00,2026-03-01 23:10:00,long,83.46,83.97096702810356,0.006122298443608454,0.006103633318063704,0.006103633318063704,0.005258138309754003,83.97096702810356,82.95214222873899,4,take_profit,0.9333371489621489,0.006103633318063704
2026-03-01 23:11:00,2026-03-01 23:30:00,long,83.83,83.31989076246334,-0.0060850439882697005,0.006103633318063704,-0.006103633318063623,0.001787736606281181,84.3432322785277,83.31989076246334,19,stop_loss,0.9712225274725275,0.006103633318063704
2026-03-01 23:31:00,2026-03-02 00:10:00,long,83.57,84.08164048093235,0.006122298443608454,0.006103633318063704,0.006103633318063704,0.005132194829969011,84.08164048093235,83.06147287390029,39,take_profit,0.9570169413919414,0.006103633318063704
2026-03-02 00:11:00,2026-03-02 00:44:00,long,83.93,84.44384450837207,0.006122298443608454,0.006103633318063704,0.006103633318063704,0.022967854915843938,84.44384450837207,83.41928225806453,33,take_profit,0.9149229242979243,0.006103633318063704
2026-03-02 00:45:00,2026-03-02 01:08:00,long,85.01,85.53045659069116,0.006122298443608454,0.006103633318063704,0.006103633318063704,0.010531340020697642,85.53045659069116,84.4927104105572,23,take_profit,0.9577991452991453,0.006103633318063704
2026-03-02 01:09:00,2026-03-02 01:11:00,long,85.5,86.02345651692852,0.006122298443608454,0.006103633318063704,0.006103633318063704,0.004783860707250505,86.02345651692852,84.97972873900294,2,take_profit,0.9650450244200244,0.006103633318063704
2026-03-02 01:12:00,2026-03-02 01:18:00,long,85.91,85.38723387096773,-0.0060850439882698115,0.006103633318063704,-0.006103633318063735,-0.0006986493064806092,86.4359666592904,85.38723387096773,6,stop_loss,0.9770260989010989,0.006103633318063704
2026-03-02 01:19:00,2026-03-02 01:24:00,long,85.48,84.9598504398827,-0.0060850439882698115,0.006103633318063704,-0.006103633318063735,-0.0019907495303435347,86.00333407095965,84.9598504398827,5,stop_loss,0.9632440476190476,0.006103633318063704
2026-03-02 01:25:00,2026-03-02 01:48:00,long,84.94,84.42313636363636,-0.0060850439882698115,0.006103633318063704,-0.006103633318063735,0.001176609148567474,85.4600280298001,84.42313636363636,23,stop_loss,0.9501907814407814,0.006103633318063704
2026-03-02 01:49:00,2026-03-02 02:06:00,long,84.44,83.92617888563049,-0.0060850439882698115,0.006103633318063704,-0.006103633318063735,0.002956307953387869,84.95696688057829,83.92617888563049,17,stop_loss,0.9174259768009768,0.006103633318063704
2026-03-02 02:07:00,2026-03-02 02:38:00,long,83.92,84.43378328538762,0.006122298443608454,0.006103633318063704,0.006103633318063704,0.007005906468349322,84.43378328538762,83.4093431085044,31,take_profit,0.9505074786324786,0.006103633318063704
2026-03-02 02:39:00,2026-03-02 03:02:00,long,84.43,83.91623973607038,-0.0060850439882699225,0.006103633318063704,-0.006103633318063847,0.006375464334041278,84.94690565759387,83.91623973607038,23,stop_loss,0.9233630952380952,0.006103633318063704
2026-03-02 03:12:00,2026-03-02 03:28:00,long,84.43,84.94690565759387,0.006122298443608454,0.006103633318063704,0.006103633318063704,0.006610813829126191,84.94690565759387,83.91623973607038,16,take_profit,0.9075625763125763,0.006103633318063704
2026-03-02 06:20:00,2026-03-02 07:07:00,long,83.21,82.70366348973606,-0.0060850439882698115,0.006103633318063704,-0.006103633318063735,0.003359331293570578,83.71943645349265,82.70366348973606,47,stop_loss,0.922954822954823,0.006103633318063704
2026-03-02 08:23:00,2026-03-02 08:42:00,long,82.57,83.07551818248875,0.006122298443608454,0.006103633318063704,0.006103633318063704,0.018122308139358587,83.07551818248875,82.06755791788855,19,take_profit,0.9041475885225885,0.006103633318063704
2026-03-02 08:52:00,2026-03-02 09:18:00,long,83.35,83.86029357527475,0.006122298443608454,0.006103633318063704,0.006103633318063704,0.008720117371892645,83.86029357527475,82.8428115835777,26,take_profit,0.9240003052503053,0.006103633318063704
2026-03-02 09:19:00,2026-03-02 10:01:00,long,83.91,83.39940395894428,-0.0060850439882698115,0.006103633318063704,-0.006103633318063735,0.002023930686717726,84.42372206240319,83.39940395894428,42,stop_loss,0.9186393467643468,0.006103633318063704
2026-03-02 11:28:00,2026-03-02 11:46:00,long,83.65,84.16213026480786,0.006122298443608454,0.006103633318063704,0.006103633318063704,0.005602923401666032,84.16213026480786,83.14098607038123,18,take_profit,0.9013202075702076,0.006103633318063704
2026-03-02 14:32:00,2026-03-02 14:37:00,long,84.31,83.79696994134898,-0.0060850439882698115,0.006103633318063704,-0.006103633318063735,0.04329077472367664,84.82617098178063,83.79696994134898,5,stop_loss,0.9613057081807082,0.006103633318063704
2026-03-02 14:38:00,2026-03-02 14:44:00,long,84.06,84.57464040716972,0.006122298443608454,0.006103633318063704,0.006103633318063704,0.048756174264430595,84.57464040716972,83.54849120234604,6,take_profit,0.9898466117216117,0.006103633318063704
2026-03-02 14:45:00,2026-03-02 14:46:00,long,84.37,84.88653831968725,0.006122298443608454,0.006103633318063704,0.006103633318063704,0.050386162669711076,84.88653831968725,83.85660483870969,1,take_profit,0.9845963064713065,0.006103633318063704
2026-03-02 14:47:00,2026-03-02 14:49:00,long,84.92,85.43990558383123,0.006122298443608454,0.006103633318063704,0.006103633318063704,0.04388841401219113,85.43990558383123,84.40325806451612,2,take_profit,0.9835279304029304,0.006103633318063704
2026-03-02 14:50:00,2026-03-02 14:52:00,long,85.8,85.27790322580644,-0.0060850439882699225,0.006103633318063704,-0.006103633318063847,0.03357904435332998,86.32529320646161,85.27790322580644,2,stop_loss,0.9952457264957265,0.006103633318063704
2026-03-02 14:53:00,2026-03-02 15:01:00,long,85.3,85.8222320572398,0.006122298443608454,0.006103633318063704,0.006103633318063704,0.03942359634961308,85.8222320572398,84.78094574780059,8,take_profit,0.9971573565323565,0.006103633318063704
2026-03-02 15:02:00,2026-03-02 15:06:00,long,85.94,86.46615032824371,0.006122298443608454,0.006103633318063704,0.006103633318063704,0.035997716385703524,86.46615032824371,85.4170513196481,4,take_profit,0.9875992063492064,0.006103633318063704
2026-03-02 15:07:00,2026-03-02 15:10:00,long,86.68,87.21068082909198,0.006122298443608454,0.006103633318063704,0.006103633318063704,0.030449978092786968,87.21068082909198,86.15254838709679,3,take_profit,0.9960202991452991,0.006103633318063704
2026-03-02 15:11:00,2026-03-02 15:17:00,long,87.54,88.0759460057535,0.006122298443608454,0.006103633318063704,0.006103633318063704,0.026490868822558647,88.0759460057535,87.00731524926687,6,take_profit,0.9953601953601954,0.006103633318063704
2026-03-02 15:18:00,2026-03-02 15:37:00,long,87.67,88.20674190455115,0.006122298443608454,0.006103633318063704,0.006103633318063704,0.025006934984813718,88.20674190455115,87.13652419354838,19,take_profit,0.9967300061050061,0.006103633318063704
2026-03-02 15:38:00,2026-03-02 15:44:00,long,88.26,88.80035406063288,0.006122298443608454,0.006103633318063704,0.006103633318063704,0.01829969674390678,88.80035406063288,87.7229340175953,6,take_profit,0.9801320207570208,0.006103633318063704
2026-03-02 15:45:00,2026-03-02 15:54:00,long,88.64,88.10062170087977,-0.0060850439882697005,0.006103633318063704,-0.006103633318063623,0.01433716314640725,89.18268053404145,88.10062170087977,9,stop_loss,0.9898199023199024,0.006103633318063704
2026-03-02 15:55:00,2026-03-02 16:00:00,long,88.26,88.80035406063288,0.006122298443608454,0.006103633318063704,0.006103633318063704,0.021853281827146156,88.80035406063288,87.7229340175953,5,take_profit,0.9902777777777778,0.006103633318063704
2026-03-02 16:01:00,2026-03-02 16:02:00,long,89.09,88.54788343108504,-0.0060850439882699225,0.006103633318063704,-0.006103633318063847,0.012493190935994828,89.63543556834108,88.54788343108504,1,stop_loss,0.9839285714285714,0.006103633318063704
2026-03-02 16:03:00,2026-03-02 16:06:00,long,88.79,89.333598878808,0.006122298443608454,0.006103633318063704,0.006103633318063704,0.015866254624311737,89.333598878808,88.24970894428154,3,take_profit,0.9942956349206349,0.006103633318063704
2026-03-02 16:07:00,2026-03-02 16:09:00,long,89.36,89.90708858892086,0.006122298443608454,0.006103633318063704,0.006103633318063704,0.009467130907602095,89.90708858892086,88.81624046920821,2,take_profit,0.9862980769230769,0.006103633318063704
2026-03-02 16:10:00,2026-03-02 16:31:00,long,89.66,89.11441495601173,-0.0060850439882698115,0.006103633318063704,-0.006103633318063735,0.006115546941254017,90.20892527845393,89.11441495601173,21,stop_loss,0.9877861721611721,0.006103633318063704
2026-03-02 16:32:00,2026-03-02 16:34:00,long,89.16,88.61745747800586,-0.0060850439882698115,0.006103633318063704,-0.006103633318063735,0.011707777150879178,89.70586412923213,88.61745747800586,2,stop_loss,0.9890987484737485,0.006103633318063704
2026-03-02 16:35:00,2026-03-02 16:41:00,long,88.78,89.32353765582356,0.006122298443608454,0.006103633318063704,0.006103633318063704,0.015978886262658226,89.32353765582356,88.23976979472141,6,take_profit,0.9790331196581197,0.006103633318063704
2026-03-02 16:42:00,2026-03-02 16:44:00,long,89.46,90.0077008187652,0.006122298443608454,0.006103633318063704,0.006103633318063704,0.008348687663845413,90.0077008187652,88.91563196480938,2,take_profit,0.9887210012210013,0.006103633318063704
2026-03-02 16:45:00,2026-03-02 16:50:00,long,89.92,89.37283284457477,-0.0060850439882699225,0.006103633318063704,-0.006103633318063847,0.0032198995231663852,90.47051707604928,89.37283284457477,5,stop_loss,0.9857677045177046,0.006103633318063704
2026-03-02 16:51:00,2026-03-02 16:56:00,long,89.51,88.96532771260998,-0.0060850439882698115,0.006103633318063704,-0.006103633318063735,-0.0015652954895469323,90.0580069336874,88.96532771260998,5,stop_loss,0.9935782967032967,0.006103633318063704
2026-03-02 16:57:00,2026-03-02 17:11:00,long,88.97,88.42861363636364,-0.0060850439882698115,0.006103633318063704,-0.006103633318063735,0.00011239112121979753,89.51470089252784,88.42861363636364,14,stop_loss,0.982997557997558,0.006103633318063704
2026-03-02 17:12:00,2026-03-02 17:17:00,long,88.41,87.87202126099706,-0.0060850439882698115,0.006103633318063704,-0.006103633318063735,0.0010174665961707266,88.95127240539942,87.87202126099706,5,stop_loss,0.972050518925519,0.006103633318063704
2026-03-02 17:18:00,2026-03-02 17:38:00,long,87.92,87.38500293255132,-0.0060850439882698115,0.006103633318063704,-0.006103633318063735,0.004992068456550517,88.45827247916206,87.38500293255132,20,stop_loss,0.9669528388278388,0.006103633318063704
2026-03-02 17:39:00,2026-03-02 17:43:00,long,87.32,86.78865395894427,-0.0060850439882699225,0.006103633318063704,-0.006103633318063847,0.0051402249222831185,87.85459910009588,86.78865395894427,4,stop_loss,0.956681166056166,0.006103633318063704
2026-03-02 17:44:00,2026-03-02 17:47:00,long,86.61,87.14025226820092,0.006122298443608454,0.006103633318063704,0.006103633318063704,0.013304474261072721,87.14025226820092,86.08297434017595,3,take_profit,0.9782509157509157,0.006103633318063704
2026-03-02 17:48:00,2026-03-02 17:53:00,long,86.8,87.33141550490521,0.006122298443608454,0.006103633318063704,0.006103633318063704,0.011113134937721831,87.33141550490521,86.27181818181818,5,take_profit,0.9701808608058609,0.006103633318063704
2026-03-02 17:54:00,2026-03-02 18:03:00,long,87.5,86.9675586510264,-0.0060850439882698115,0.006103633318063704,-0.006103633318063735,0.003080963240457342,88.03570111381573,86.9675586510264,9,stop_loss,0.9653388278388279,0.006103633318063704
2026-03-02 18:04:00,2026-03-02 18:32:00,long,87.07,87.60306852548499,0.006122298443608454,0.006103633318063704,0.006103633318063704,0.008007363763502078,87.60306852548499,86.54017521994135,28,take_profit,0.9630570818070818,0.006103633318063704
2026-03-02 18:33:00,2026-03-02 18:58:00,long,87.61,87.07688929618769,-0.0060850439882697005,0.006103633318063704,-0.006103633318063623,0.0009127211129917666,88.14637456664454,87.07688929618769,25,stop_loss,0.9331272893772894,0.006103633318063704
2026-03-02 19:37:00,2026-03-02 20:11:00,long,87.55,87.01725439882698,-0.0060850439882698115,0.006103633318063704,-0.006103633318063735,0.005240385653859507,88.08600722873791,87.01725439882698,34,stop_loss,0.9155601343101343,0.006103633318063704
2026-03-02 20:12:00,2026-03-02 20:43:00,long,87.25,87.78417053920484,0.006122298443608454,0.006103633318063704,0.006103633318063704,0.007422243608594798,87.78417053920484,86.71907991202346,31,take_profit,0.950133547008547,0.006103633318063704
2026-03-02 21:08:00,2026-03-02 22:08:00,long,87.37,87.8,0.0049215978024492735,0.006103633318063704,0.004909526331067663,0.004909526331067663,87.90490521501808,86.83834970674486,60,timeout_1h,0.9095161782661783,0.006103633318063704
2026-03-02 23:32:00,2026-03-03 00:13:00,long,86.73,86.20224413489737,-0.0060850439882697005,0.006103633318063704,-0.006103633318063623,0.0017280114892608467,87.26098694401416,86.20224413489737,41,stop_loss,0.92066163003663,0.006103633318063704
2026-03-03 00:14:00,2026-03-03 00:36:00,long,86.45,86.97927270044995,0.006122298443608454,0.006103633318063704,0.006103633318063704,0.00840873468094716,86.97927270044995,85.92394794721407,22,take_profit,0.9117559523809524,0.006103633318063704
2026-03-03 00:37:00,2026-03-03 01:18:00,long,87.04,86.510357771261,-0.0060850439882698115,0.006103633318063704,-0.006103633318063735,0.0016071637026141307,87.57288485653169,86.510357771261,41,stop_loss,0.9315323565323566,0.006103633318063704
2026-03-03 01:41:00,2026-03-03 02:00:00,long,86.54,86.01340029325513,-0.0060850439882699225,0.006103633318063704,-0.006103633318063847,0.0015010683495148866,87.06982370730988,86.01340029325513,19,stop_loss,0.9032928876678876,0.006103633318063704
2026-03-03 02:01:00,2026-03-03 02:21:00,long,85.73,85.20832917888563,-0.0060850439882698115,0.006103633318063704,-0.006103633318063735,0.006047233220804467,86.25486464557056,85.20832917888563,20,stop_loss,0.9195093101343101,0.006103633318063704
2026-03-03 02:32:00,2026-03-03 03:32:00,long,85.93,86.3,0.004305830327010263,0.006103633318063704,0.004296586764250513,0.004296586764250513,86.45608910525928,85.40711217008798,60,timeout_1h,0.9012629731379731,0.006103633318063704
2026-03-03 05:17:00,2026-03-03 05:34:00,long,86.58,86.0531568914956,-0.0060850439882697005,0.006103633318063704,-0.006103633318063623,0.0010389611324190385,87.11006859924761,86.0531568914956,17,stop_loss,0.9148160866910867,0.006103633318063704
2026-03-03 08:26:00,2026-03-03 08:39:00,long,85.04,84.52252785923754,-0.0060850439882698115,0.006103633318063704,-0.006103633318063735,-0.0005881315231576976,85.56064025964447,84.52252785923754,13,stop_loss,0.9035141941391941,0.006103633318063704
2026-03-03 08:42:00,2026-03-03 09:09:00,long,84.36,84.87647709670281,0.006122298443608454,0.006103633318063704,0.006103633318063704,0.006145138695153856,84.87647709670281,83.84666568914956,27,take_profit,0.9218902625152625,0.006103633318063704
2026-03-03 09:14:00,2026-03-03 09:28:00,long,84.75,84.23429252199413,-0.0060850439882698115,0.006103633318063704,-0.006103633318063735,0.0015327480451679738,85.26886479309582,84.23429252199413,14,stop_loss,0.9005151098901099,0.006103633318063704
2026-03-03 09:41:00,2026-03-03 10:06:00,long,84.45,83.93611803519062,-0.0060850439882698115,0.006103633318063704,-0.006103633318063735,-0.00023685457240045887,84.96702810356274,83.93611803519062,25,stop_loss,0.9111340048840049,0.006103633318063704
2026-03-03 11:18:00,2026-03-03 12:02:00,long,83.83,84.3432322785277,0.006122298443608454,0.006103633318063704,0.006103633318063704,0.015271086943568294,84.3432322785277,83.31989076246334,44,take_profit,0.9101457570207571,0.006103633318063704
2026-03-03 12:07:00,2026-03-03 12:12:00,long,84.7,85.21855867817364,0.006122298443608454,0.006103633318063704,0.006103633318063704,0.004946423935325617,85.21855867817364,84.18459677419355,5,take_profit,0.9136904761904762,0.006103633318063704
2026-03-03 12:13:00,2026-03-03 12:35:00,long,84.84,84.32374486803519,-0.0060850439882698115,0.006103633318063704,-0.006103633318063735,0.0027073172913111856,85.35941579995574,84.32374486803519,22,stop_loss,0.9319558913308913,0.006103633318063704
2026-03-03 12:37:00,2026-03-03 13:13:00,long,84.21,83.6975784457478,-0.0060850439882698115,0.006103633318063704,-0.006103633318063735,0.002845964211908342,84.72555875193626,83.6975784457478,36,stop_loss,0.9073336385836386,0.006103633318063704
2026-03-03 14:09:00,2026-03-03 14:33:00,long,83.95,83.43916055718475,-0.0060850439882698115,0.006103633318063704,-0.006103633318063735,0.0024983654658497344,84.46396695434093,83.43916055718475,24,stop_loss,0.9066582722832723,0.006103633318063704
2026-03-03 14:34:00,2026-03-03 14:38:00,long,83.31,83.82004868333702,0.006122298443608454,0.006103633318063704,0.006103633318063704,0.008129154150717736,83.82004868333702,82.80305498533724,4,take_profit,0.9522092490842491,0.006103633318063704
2026-03-03 14:39:00,2026-03-03 14:42:00,long,83.67,83.16086436950147,-0.0060850439882698115,0.006103633318063704,-0.006103633318063735,0.013179175616983866,84.18225271077672,83.16086436950147,3,stop_loss,0.9705929487179488,0.006103633318063704
2026-03-03 14:43:00,2026-03-03 14:48:00,long,83.22,82.71360263929618,-0.0060850439882698115,0.006103633318063704,-0.006103633318063735,0.01857196236969596,83.7294976764771,82.71360263929618,5,stop_loss,0.9822115384615384,0.006103633318063704
2026-03-03 14:49:00,2026-03-03 14:51:00,long,82.7,83.20631408128642,0.006122298443608454,0.006103633318063704,0.006103633318063704,0.026725522855479397,83.20631408128642,82.1967668621701,2,take_profit,0.9855349511599512,0.006103633318063704
2026-03-03 14:52:00,2026-03-03 14:54:00,long,83.13,83.63894666961717,0.006122298443608454,0.006103633318063704,0.006103633318063704,0.02153947734212836,83.63894666961717,82.62415029325513,2,take_profit,0.9877670940170941,0.006103633318063704
2026-03-03 14:55:00,2026-03-03 15:00:00,long,83.67,83.16086436950147,-0.0060850439882698115,0.006103633318063704,-0.006103633318063735,0.015064634577617841,84.18225271077672,83.16086436950147,5,stop_loss,0.9812957875457875,0.006103633318063704
2026-03-03 15:01:00,2026-03-03 15:15:00,long,83.29,83.79992623736815,0.006122298443608454,0.006103633318063704,0.006103633318063704,0.0202051085632857,83.79992623736815,82.78317668621702,14,take_profit,0.9883470695970696,0.006103633318063704
2026-03-03 15:16:00,2026-03-03 15:20:00,long,83.58,83.07141202346041,-0.0060850439882698115,0.006103633318063704,-0.006103633318063735,0.03202534106961281,84.0917017039168,83.07141202346041,4,stop_loss,0.961462148962149,0.006103633318063704
2026-03-03 15:21:00,2026-03-03 15:31:00,long,83.21,83.71943645349265,0.006122298443608454,0.006103633318063704,0.006103633318063704,0.03808299872634669,83.71943645349265,82.70366348973606,10,take_profit,0.981814713064713,0.006103633318063704
2026-03-03 15:32:00,2026-03-03 15:39:00,long,83.99,84.50421184627866,0.006122298443608454,0.006103633318063704,0.006103633318063704,0.03773591827708458,84.50421184627866,83.47891715542521,7,take_profit,0.975030525030525,0.006103633318063704
2026-03-03 15:40:00,2026-03-03 16:04:00,long,84.75,85.26886479309582,0.006122298443608454,0.006103633318063704,0.006103633318063704,0.028727916154060774,85.26886479309582,84.23429252199413,24,take_profit,0.9827991452991452,0.006103633318063704
2026-03-03 16:05:00,2026-03-03 16:09:00,long,85.55,86.0737626318507,0.006122298443608454,0.006103633318063704,0.006103633318063704,0.01933266207641785,86.0737626318507,85.02942448680352,4,take_profit,0.9716842185592186,0.006103633318063704
2026-03-03 16:10:00,2026-03-03 16:15:00,long,86.05,86.5768237810725,0.006122298443608454,0.006103633318063704,0.006103633318063704,0.013505139757071911,86.5768237810725,85.52638196480937,5,take_profit,0.9836500305250305,0.006103633318063704
2026-03-03 16:16:00,2026-03-03 16:23:00,long,86.08,86.60700745002582,0.006122298443608454,0.006103633318063704,0.006103633318063704,0.013156566001146085,86.60700745002582,85.55619941348974,7,take_profit,0.9796092796092796,0.006103633318063704
2026-03-03 16:24:00,2026-03-03 16:30:00,long,87.22,86.68926246334311,-0.0060850439882697005,0.006103633318063704,-0.006103633318063623,-0.0017212695740961884,87.75398687025152,86.68926246334311,6,stop_loss,0.9739659645909646,0.006103633318063704
2026-03-03 16:31:00,2026-03-03 16:33:00,long,86.48,85.95376539589444,-0.0060850439882697005,0.006103633318063704,-0.006103633318063623,-0.0035910840792773733,87.00945636940327,85.95376539589444,2,stop_loss,0.993379884004884,0.006103633318063704
2026-03-03 16:34:00,2026-03-03 16:38:00,long,85.79,85.26796407624634,-0.0060850439882698115,0.006103633318063704,-0.006103633318063735,-0.00046636353882465484,86.31523198347718,85.26796407624634,4,stop_loss,0.9922237484737485,0.006103633318063704
2026-03-03 16:39:00,2026-03-03 16:42:00,long,84.96,84.4430146627566,-0.0060850439882697005,0.006103633318063704,-0.006103633318063623,0.00925552855242076,85.48015047576897,84.4430146627566,3,stop_loss,0.9801053113553113,0.006103633318063704
2026-03-03 16:43:00,2026-03-03 16:45:00,long,84.5,85.01733421848492,0.006122298443608454,0.006103633318063704,0.006103633318063704,0.014684551682921099,85.01733421848492,83.9858137829912,2,take_profit,0.9954212454212454,0.006103633318063704
2026-03-03 16:46:00,2026-03-03 17:01:00,long,85.48,84.9598504398827,-0.0060850439882698115,0.006103633318063704,-0.006103633318063735,0.003153655595102399,86.00333407095965,84.9598504398827,15,stop_loss,0.9981417887667887,0.006103633318063704
2026-03-03 17:02:00,2026-03-03 17:10:00,long,84.93,84.41319721407625,-0.0060850439882698115,0.006103633318063704,-0.006103633318063735,0.004815889967936044,85.44996680681567,84.41319721407625,8,stop_loss,0.9899534493284493,0.006103633318063704
2026-03-03 17:11:00,2026-03-03 17:22:00,long,84.33,84.8462934277495,0.006122298443608454,0.006103633318063704,0.006103633318063704,0.0119056041733037,84.8462934277495,83.8168482404692,11,take_profit,0.9783463064713065,0.006103633318063704
2026-03-03 17:23:00,2026-03-03 17:32:00,long,84.94,84.42313636363636,-0.0060850439882698115,0.006103633318063704,-0.006103633318063735,0.0069220667075651785,85.4600280298001,84.42313636363636,9,stop_loss,0.9823946886446886,0.006103633318063704
2026-03-03 17:33:00,2026-03-03 17:43:00,long,84.31,84.82617098178063,0.006122298443608454,0.006103633318063704,0.006103633318063704,0.018683347055625507,84.82617098178063,83.79696994134898,10,take_profit,0.944593253968254,0.006103633318063704
2026-03-03 17:44:00,2026-03-03 17:49:00,long,84.76,85.27892601608026,0.006122298443608454,0.006103633318063704,0.006103633318063704,0.013360095590111476,85.27892601608026,84.24423167155426,5,take_profit,0.9321123321123321,0.006103633318063704
2026-03-03 17:50:00,2026-03-03 18:11:00,long,85.16,84.64179765395895,-0.0060850439882697005,0.006103633318063704,-0.006103633318063623,0.00865198896493107,85.6813749354577,84.64179765395895,21,stop_loss,0.9648618742368742,0.006103633318063704
2026-03-03 18:12:00,2026-03-03 18:17:00,long,84.68,85.19843623220477,0.006122298443608454,0.006103633318063704,0.006103633318063704,0.014304382723545351,85.19843623220477,84.16471847507331,5,take_profit,0.9340010683760683,0.006103633318063704
2026-03-03 18:18:00,2026-03-03 18:27:00,long,85.15,85.67131371247326,0.006122298443608454,0.006103633318063704,0.006103633318063704,0.00876942188151239,85.67131371247326,84.63185850439883,9,take_profit,0.947317612942613,0.006103633318063704
2026-03-03 18:28:00,2026-03-03 19:07:00,long,85.53,85.00954618768328,-0.0060850439882698115,0.006103633318063704,-0.006103633318063735,0.004316637397519439,86.05364018588183,85.00954618768328,39,stop_loss,0.9397855616605617,0.006103633318063704
2026-03-03 19:08:00,2026-03-03 19:20:00,long,84.76,85.27892601608026,0.006122298443608454,0.006103633318063704,0.006103633318063704,0.00904345819259197,85.27892601608026,84.24423167155426,12,take_profit,0.9299908424908425,0.006103633318063704
2026-03-03 19:21:00,2026-03-03 19:35:00,long,85.33,84.81076319648093,-0.0060850439882698115,0.006103633318063704,-0.006103633318063735,0.0023410990441969045,85.8524157261931,84.81076319648093,14,stop_loss,0.9247061965811966,0.006103633318063704
2026-03-03 19:36:00,2026-03-03 19:37:00,long,84.83,85.34935457697131,0.006122298443608454,0.006103633318063704,0.006103633318063704,0.008217937773046895,85.34935457697131,84.31380571847507,1,take_profit,0.911328601953602,0.006103633318063704
2026-03-03 19:38:00,2026-03-03 20:06:00,long,85.42,84.90021554252199,-0.0060850439882698115,0.006103633318063704,-0.006103633318063735,0.001286926179369916,85.94296673305304,84.90021554252199,28,stop_loss,0.9122061965811966,0.006103633318063704
2026-03-03 20:38:00,2026-03-03 21:02:00,long,85.0,84.48277126099707,-0.0060850439882698115,0.006103633318063704,-0.006103633318063735,0.002115408004751002,85.52039536770671,84.48277126099707,24,stop_loss,0.9028006715506716,0.006103633318063704
2026-03-03 21:03:00,2026-03-03 21:36:00,long,84.35,84.86641587371837,0.006122298443608454,0.006103633318063704,0.006103633318063704,0.017277270571401278,84.86641587371837,83.83672653958943,33,take_profit,0.9210241147741147,0.006103633318063704
2026-03-03 21:37:00,2026-03-03 22:02:00,long,84.87,85.38959946890905,0.006122298443608454,0.006103633318063704,0.006103633318063704,0.017172316145745867,85.38959946890905,84.35356231671554,25,take_profit,0.9124885531135531,0.006103633318063704
2026-03-03 22:03:00,2026-03-03 22:37:00,long,85.82,86.34541565243048,0.006122298443608454,0.006103633318063704,0.006103633318063704,0.00893225589633123,86.34541565243048,85.29778152492668,34,take_profit,0.9042887667887668,0.006103633318063704
2026-03-03 22:38:00,2026-03-03 23:07:00,long,86.35,86.87866047060558,0.006122298443608454,0.006103633318063704,0.006103633318063704,0.01094165825286897,86.87866047060558,85.82455645161289,29,take_profit,0.9046855921855922,0.006103633318063704
2026-03-03 23:08:00,2026-03-04 00:08:00,long,86.96,86.85,-0.0012649494020239294,0.006103633318063704,-0.0012657501258400725,0.0039022200326024486,87.49239507265618,86.43084457478005,60,timeout_1h,0.9147664835164835,0.006103633318063704
2026-03-04 00:13:00,2026-03-04 00:35:00,long,86.9,86.37120967741936,-0.0060850439882698115,0.006103633318063704,-0.006103633318063735,0.006194811596936739,87.43202773474958,86.37120967741936,22,stop_loss,0.9037774725274725,0.006103633318063704
2026-03-04 00:55:00,2026-03-04 01:03:00,long,86.64,87.17043593715424,0.006122298443608454,0.006103633318063704,0.006103633318063704,0.013983035854898256,87.17043593715424,86.1127917888563,8,take_profit,0.9070283882783883,0.006103633318063704
2026-03-04 01:04:00,2026-03-04 01:14:00,long,87.37,86.83834970674486,-0.0060850439882699225,0.006103633318063704,-0.006103633318063847,0.005592664237630248,87.90490521501808,86.83834970674486,10,stop_loss,0.9254044566544567,0.006103633318063704
2026-03-04 01:15:00,2026-03-04 01:32:00,long,86.87,87.40184406579627,0.006122298443608454,0.006103633318063704,0.006103633318063704,0.011331890275804309,87.40184406579627,86.34139222873901,17,take_profit,0.90879884004884,0.006103633318063704
2026-03-04 01:33:00,2026-03-04 01:42:00,long,87.46,87.99545622187799,0.006122298443608454,0.006103633318063704,0.006103633318063704,0.0045630925628589395,87.99545622187799,86.92780205278592,9,take_profit,0.9442040598290599,0.006103633318063704
2026-03-04 01:43:00,2026-03-04 01:49:00,long,87.77,87.23591568914955,-0.0060850439882698115,0.006103633318063704,-0.006103633318063735,-0.0014822418767604607,88.30735413439551,87.23591568914955,6,stop_loss,0.9411591880341881,0.006103633318063704
2026-03-04 01:50:00,2026-03-04 02:28:00,long,87.25,86.71907991202346,-0.0060850439882698115,0.006103633318063704,-0.006103633318063735,0.0016032985569163164,87.78417053920484,86.71907991202346,38,stop_loss,0.9614697802197802,0.006103633318063704
2026-03-04 02:29:00,2026-03-04 02:51:00,long,86.71,87.24086449804528,0.006122298443608454,0.006103633318063704,0.006103633318063704,0.005520428050654618,87.24086449804528,86.18236583577712,22,take_profit,0.9124007936507936,0.006103633318063704
2026-03-04 03:30:00,2026-03-04 03:34:00,long,86.04,85.51644281524928,-0.0060850439882697005,0.006103633318063704,-0.006103633318063623,-0.0023272060770862563,86.56676255808807,85.51644281524928,4,stop_loss,0.9057081807081807,0.006103633318063704
2026-03-04 03:35:00,2026-03-04 03:39:00,long,85.37,85.89266061813086,0.006122298443608454,0.006103633318063704,0.006103633318063704,0.005490347300227981,85.89266061813086,84.85051979472141,4,take_profit,0.9524458180708181,0.006103633318063704
2026-03-04 03:40:00,2026-03-04 03:44:00,long,85.76,85.23814662756598,-0.0060850439882698115,0.006103633318063704,-0.006103633318063735,-0.0004665267171157082,86.28504831452386,85.23814662756598,4,stop_loss,0.9388431013431013,0.006103633318063704
2026-03-04 03:45:00,2026-03-04 04:31:00,long,85.35,84.83064149560117,-0.0060850439882697005,0.006103633318063704,-0.006103633318063623,0.004325721364926685,85.87253817216198,84.83064149560117,46,stop_loss,0.9558531746031746,0.006103633318063704
2026-03-04 05:43:00,2026-03-04 06:07:00,long,85.82,85.29778152492668,-0.0060850439882698115,0.006103633318063704,-0.006103633318063735,0.0010481570865866412,86.34541565243048,85.29778152492668,24,stop_loss,0.930376221001221,0.006103633318063704
2026-03-04 06:35:00,2026-03-04 06:51:00,long,85.77,85.2480857771261,-0.0060850439882698115,0.006103633318063704,-0.006103633318063735,0.007434114850977782,86.2951095375083,85.2480857771261,16,stop_loss,0.9083638583638584,0.006103633318063704
2026-03-04 07:48:00,2026-03-04 08:43:00,long,87.38,87.91496643800251,0.006122298443608454,0.006103633318063704,0.006103633318063704,0.017358198609757732,87.91496643800251,86.84828885630498,55,take_profit,0.9334020146520147,0.006103633318063704
2026-03-04 08:47:00,2026-03-04 08:55:00,long,88.63,89.17261931105702,0.006122298443608454,0.006103633318063704,0.006103633318063704,0.02946130480351378,89.17261931105702,88.09068255131965,8,take_profit,0.9604204822954823,0.006103633318063704
2026-03-04 08:56:00,2026-03-04 08:57:00,long,89.37,89.91714981190529,0.006122298443608454,0.006103633318063704,0.006103633318063704,0.021146650160519535,89.91714981190529,88.82617961876834,1,take_profit,0.9799145299145299,0.006103633318063704
2026-03-04 08:58:00,2026-03-04 09:20:00,long,89.65,90.1988640554695,0.006122298443608454,0.006103633318063704,0.006103633318063704,0.018018505502678212,90.1988640554695,89.10447580645162,22,take_profit,0.9951961233211233,0.006103633318063704
2026-03-04 09:21:00,2026-03-04 09:31:00,long,89.87,90.4202109611271,0.006122298443608454,0.006103633318063704,0.006103633318063704,0.01556752388353805,90.4202109611271,89.32313709677419,10,take_profit,0.9575129731379731,0.006103633318063704
2026-03-04 09:32:00,2026-03-04 09:35:00,long,90.59,91.14461901600649,0.006122298443608454,0.006103633318063704,0.006103633318063704,0.007587873872623656,91.14461901600649,90.03875586510264,3,take_profit,0.9707799145299145,0.006103633318063704
2026-03-04 09:36:00,2026-03-04 09:37:00,long,90.84,91.3961495906174,0.006122298443608454,0.006103633318063704,0.006103633318063704,0.004831988316462392,91.3961495906174,90.28723460410558,1,take_profit,0.9748893467643468,0.006103633318063704
2026-03-04 09:38:00,2026-03-04 09:52:00,long,91.05,90.49595674486802,-0.0060850439882699225,0.006103633318063704,-0.006103633318063847,0.0001098237330190344,91.60743527329055,90.49595674486802,14,stop_loss,0.976068376068376,0.006103633318063704
2026-03-04 09:53:00,2026-03-04 10:09:00,long,90.42,90.97357822527108,0.006122298443608454,0.006103633318063704,0.006103633318063704,0.005404524267307748,90.97357822527108,89.86979032258064,16,take_profit,0.9726381257631258,0.006103633318063704
2026-03-04 10:10:00,2026-03-04 10:23:00,long,90.62,90.06857331378299,-0.0060850439882698115,0.006103633318063704,-0.006103633318063735,0.0,91.1748026849598,90.06857331378299,13,stop_loss,0.9638545482295482,0.006103633318063704
2026-03-04 10:24:00,2026-03-04 10:31:00,long,90.07,90.6214354208158,0.006122298443608454,0.006103633318063704,0.006103633318063704,0.005425468659221384,90.6214354208158,89.52192008797653,7,take_profit,0.957226800976801,0.006103633318063704
2026-03-04 10:32:00,2026-03-04 11:32:00,long,90.37,90.2,-0.0018811552506362572,0.006103633318063704,-0.0018829268452864474,0.0019898304155577915,90.9232721103489,89.82009457478006,60,timeout_1h,0.9553647741147742,0.006103633318063704
2026-03-04 11:37:00,2026-03-04 12:28:00,long,89.45,88.90569281524927,-0.0060850439882698115,0.006103633318063704,-0.006103633318063735,0.004350500475459539,89.99763959578078,88.90569281524927,51,stop_loss,0.9052235958485958,0.006103633318063704
2026-03-04 13:07:00,2026-03-04 14:07:00,long,89.92,90.28,0.0040035587188611554,0.006103633318063704,0.0039955658039539455,0.0039955658039539455,90.47051707604928,89.37283284457477,60,timeout_1h,0.9252632783882784,0.006103633318063704
2026-03-04 14:19:00,2026-03-04 14:30:00,long,90.06,90.61137419783138,0.006122298443608454,0.006103633318063704,0.006103633318063704,0.01586285740805008,90.61137419783138,89.51198093841643,11,take_profit,0.9048344017094017,0.006103633318063704
2026-03-04 14:31:00,2026-03-04 14:32:00,long,91.11,91.66780261119716,0.006122298443608454,0.006103633318063704,0.006103633318063704,0.016113576734188752,91.66780261119716,90.55559164222873,1,take_profit,0.9541971916971917,0.006103633318063704
2026-03-04 14:33:00,2026-03-04 14:35:00,long,91.12,90.56553079178886,-0.0060850439882698115,0.006103633318063704,-0.006103633318063735,0.016003825321029036,91.67786383418161,90.56553079178886,2,stop_loss,0.9880990537240537,0.006103633318063704
2026-03-04 14:36:00,2026-03-04 14:38:00,long,89.98,90.53088441395589,0.006122298443608454,0.006103633318063704,0.006103633318063704,0.02859372104692949,90.53088441395589,89.43246774193548,2,take_profit,0.9938568376068376,0.006103633318063704
2026-03-04 14:39:00,2026-03-04 14:43:00,long,90.36,89.81015542521995,-0.0060850439882697005,0.006103633318063704,-0.006103633318063623,0.024379452860153257,90.91321088736446,89.81015542521995,4,stop_loss,0.9942574786324786,0.006103633318063704
2026-03-04 14:44:00,2026-03-04 14:47:00,long,89.64,90.18880283248507,0.006122298443608454,0.006103633318063704,0.006103633318063704,0.03237949552722952,90.18880283248507,89.09453665689149,3,take_profit,0.9908234126984127,0.006103633318063704
2026-03-04 14:48:00,2026-03-04 15:00:00,long,90.08,90.63149664380025,0.006122298443608454,0.006103633318063704,0.006103633318063704,0.0274829800685755,90.63149664380025,89.53185923753665,12,take_profit,0.9922886141636141,0.006103633318063704
2026-03-04 15:01:00,2026-03-04 15:18:00,long,90.6,91.15468023899092,0.006122298443608454,0.006103633318063704,0.006103633318063704,0.02603774744117222,91.15468023899092,90.04869501466275,17,take_profit,0.99317384004884,0.006103633318063704
2026-03-04 15:19:00,2026-03-04 15:29:00,long,91.5,92.06019030759018,0.006122298443608454,0.006103633318063704,0.006103633318063704,0.01615298820863029,92.06019030759018,90.94321847507331,10,take_profit,0.960115231990232,0.006103633318063704
2026-03-04 15:30:00,2026-03-04 15:58:00,long,92.1,92.66386368665633,0.006122298443608454,0.006103633318063704,0.006103633318063704,0.009617017228844718,92.66386368665633,91.53956744868034,28,take_profit,0.9826427045177045,0.006103633318063704
2026-03-04 15:59:00,2026-03-04 16:04:00,long,92.88,92.3148211143695,-0.0060850439882698115,0.006103633318063704,-0.006103633318063735,0.0011836231004699607,93.44863907944234,92.3148211143695,5,stop_loss,0.9684943528693528,0.006103633318063704
2026-03-04 16:05:00,2026-03-04 16:11:00,long,92.36,91.7979853372434,-0.0060850439882698115,0.006103633318063704,-0.006103633318063735,0.00010826611822412465,92.92545548425167,91.7979853372434,6,stop_loss,0.9762858669108669,0.006103633318063704
2026-03-04 16:12:00,2026-03-04 16:21:00,long,91.62,91.06248826979473,-0.0060850439882698115,0.006103633318063704,-0.006103633318063735,0.003269045081904135,92.18092498340341,91.06248826979473,9,stop_loss,0.977075702075702,0.006103633318063704
2026-03-04 16:22:00,2026-03-04 16:27:00,long,91.12,91.67786383418161,0.006122298443608454,0.006103633318063704,0.006103633318063704,0.01069762412233425,91.67786383418161,90.56553079178886,5,take_profit,0.983337148962149,0.006103633318063704
2026-03-04 16:28:00,2026-03-04 17:13:00,long,91.52,92.08031275355904,0.006122298443608454,0.006103633318063704,0.006103633318063704,0.0063174156297733,92.08031275355904,90.96309677419355,45,take_profit,0.9846916971916972,0.006103633318063704
2026-03-04 17:14:00,2026-03-04 17:19:00,long,91.96,91.4004193548387,-0.0060850439882698115,0.006103633318063704,-0.006103633318063735,0.0015212433662803045,92.52300656487422,91.4004193548387,5,stop_loss,0.9298115079365079,0.006103633318063704
2026-03-04 17:20:00,2026-03-04 17:23:00,long,91.14,90.5854090909091,-0.0060850439882697005,0.006103633318063704,-0.006103633318063623,0.0071065733952631795,91.69798628015047,90.5854090909091,3,stop_loss,0.9443337912087912,0.006103633318063704
2026-03-04 17:24:00,2026-03-04 17:33:00,long,90.88,91.43639448255513,0.006122298443608454,0.006103633318063704,0.006103633318063704,0.010943422848056227,91.43639448255513,90.32699120234604,9,take_profit,0.9685935592185592,0.006103633318063704
2026-03-04 17:34:00,2026-03-04 18:20:00,long,91.36,91.91933318580807,0.006122298443608454,0.006103633318063704,0.006103633318063704,0.0067634162040777985,91.91933318580807,90.80407038123167,46,take_profit,0.9333028083028083,0.006103633318063704
2026-03-04 18:21:00,2026-03-04 18:53:00,long,91.82,92.38214944309212,0.006122298443608454,0.006103633318063704,0.006103633318063704,0.01620430833215314,92.38214944309212,91.26127126099706,32,take_profit,0.9028502747252747,0.006103633318063704
2026-03-04 19:20:00,2026-03-04 19:23:00,long,93.32,92.75214369501465,-0.0060850439882698115,0.006103633318063704,-0.006103633318063735,0.005876399195671305,93.89133289075754,92.75214369501465,3,stop_loss,0.9293536324786325,0.006103633318063704
2026-03-04 19:24:00,2026-03-04 19:39:00,long,92.64,93.20716972781588,0.006122298443608454,0.006103633318063704,0.006103633318063704,0.013189832524215395,93.20716972781588,92.07628152492669,15,take_profit,0.9413957570207571,0.006103633318063704
2026-03-04 19:40:00,2026-03-04 19:42:00,long,93.3,93.87121044478866,0.006122298443608454,0.006103633318063704,0.006103633318063704,0.006090738495602502,93.87121044478866,92.73226539589443,2,take_profit,0.9191849816849816,0.006103633318063704
2026-03-04 19:43:00,2026-03-04 19:59:00,long,93.72,93.14970967741935,-0.0060850439882698115,0.006103633318063704,-0.006103633318063735,0.0004267121891076239,94.29378181013499,93.14970967741935,16,stop_loss,0.9670291514041514,0.006103633318063704
2026-03-04 20:00:00,2026-03-04 21:00:00,long,93.19,92.8,-0.0041849983903852195,0.006103633318063704,-0.004193780005409214,0.005244299491897843,93.76053699195987,92.62293475073314,60,timeout_1h,0.9117139804639804,0.006103633318063704
2026-03-05 01:22:00,2026-03-05 01:39:00,long,90.42,89.86979032258064,-0.0060850439882698115,0.006103633318063704,-0.006103633318063735,0.0006633499414059723,90.97357822527108,89.86979032258064,17,stop_loss,0.9303113553113553,0.006103633318063704
2026-03-05 01:40:00,2026-03-05 02:08:00,long,89.99,90.54094563694032,0.006122298443608454,0.006103633318063704,0.006103633318063704,0.005209211003839821,90.54094563694032,89.4424068914956,28,take_profit,0.9280792124542124,0.006103633318063704
2026-03-05 02:10:00,2026-03-05 03:10:00,long,90.19,90.16,-0.00033263111209669294,0.006103633318063704,-0.00033268644609594025,0.0029892078720802654,90.74217009662904,89.64118988269794,60,timeout_1h,0.912293956043956,0.006103633318063704
2026-03-05 07:53:00,2026-03-05 08:32:00,long,89.68,90.22904772442281,0.006122298443608454,0.006103633318063704,0.006103633318063704,0.010647837955846421,90.22904772442281,89.13429325513196,39,take_profit,0.9318376068376069,0.006103633318063704
2026-03-05 09:12:00,2026-03-05 09:36:00,long,91.29,91.84890462491703,0.006122298443608454,0.006103633318063704,0.006103633318063704,0.0063332817063856545,91.84890462491703,90.73449633431086,24,take_profit,0.9019955738705738,0.006103633318063704
2026-03-05 09:37:00,2026-03-05 10:05:00,long,91.51,90.95315762463343,-0.0060850439882698115,0.006103633318063704,-0.006103633318063735,0.013135943104209312,92.07025153057461,90.95315762463343,28,stop_loss,0.9189522283272283,0.006103633318063704
2026-03-05 10:27:00,2026-03-05 10:52:00,long,92.22,92.78459836246957,0.006122298443608454,0.006103633318063704,0.006103633318063704,0.006592836633281795,92.78459836246957,91.65883724340176,25,take_profit,0.9079288766788767,0.006103633318063704
2026-03-05 10:53:00,2026-03-05 11:19:00,long,92.68,92.11603812316716,-0.0060850439882698115,0.006103633318063704,-0.006103633318063735,0.001617163847665651,93.24741461975364,92.11603812316716,26,stop_loss,0.9159188034188034,0.006103633318063704
2026-03-05 13:26:00,2026-03-05 13:31:00,long,91.24,90.68480058651026,-0.0060850439882697005,0.006103633318063704,-0.006103633318063623,-0.0005481554706131528,91.79859850999483,90.68480058651026,5,stop_loss,0.9154647435897436,0.006103633318063704
2026-03-05 13:32:00,2026-03-05 14:32:00,long,90.6,90.62,0.00022075055187653625,0.006103633318063704,0.0002207261900586499,0.005393815707785,91.15468023899092,90.04869501466275,60,timeout_1h,0.923489010989011,0.006103633318063704
2026-03-05 14:34:00,2026-03-05 14:39:00,long,91.13,90.57546994134897,-0.0060850439882698115,0.006103633318063704,-0.006103633318063735,0.0010967318493475158,91.68792505716604,90.57546994134897,5,stop_loss,0.9378472222222223,0.006103633318063704
2026-03-05 14:40:00,2026-03-05 14:51:00,long,90.03,90.58119052887807,0.006122298443608454,0.006103633318063704,0.006103633318063704,0.012144110387650016,90.58119052887807,89.48216348973607,11,take_profit,0.9803495115995116,0.006103633318063704
2026-03-05 14:52:00,2026-03-05 14:58:00,long,90.44,90.99370067123995,0.006122298443608454,0.006103633318063704,0.006103633318063704,0.0076004110982663235,90.99370067123995,89.88966862170088,6,take_profit,0.9757249694749695,0.006103633318063704
2026-03-05 14:59:00,2026-03-05 15:04:00,long,90.96,90.40650439882697,-0.0060850439882698115,0.006103633318063704,-0.006103633318063735,0.0008791209357403145,91.51688426643062,90.40650439882697,5,stop_loss,0.9791857448107448,0.006103633318063704
2026-03-05 15:05:00,2026-03-05 15:08:00,long,90.33,89.78033797653958,-0.0060850439882698115,0.006103633318063704,-0.006103633318063735,-0.0018837614302313088,90.88302721841114,89.78033797653958,3,stop_loss,0.9826388888888888,0.006103633318063704
2026-03-05 15:09:00,2026-03-05 15:22:00,long,89.76,89.21380645161291,-0.0060850439882698115,0.006103633318063704,-0.006103633318063735,0.0006682258852056404,90.3095375082983,89.21380645161291,13,stop_loss,0.9718673687423688,0.006103633318063704
2026-03-05 15:23:00,2026-03-05 15:31:00,long,89.37,88.82617961876834,-0.0060850439882698115,0.006103633318063704,-0.006103633318063735,0.004242971975087546,89.91714981190529,88.82617961876834,8,stop_loss,0.9839094932844933,0.006103633318063704
2026-03-05 15:32:00,2026-03-05 15:38:00,long,88.87,89.41408866268348,0.006122298443608454,0.006103633318063704,0.006103633318063704,0.009853399618004407,89.41408866268348,88.32922214076247,6,take_profit,0.9599435286935287,0.006103633318063704
2026-03-05 15:39:00,2026-03-05 15:47:00,long,89.75,89.20386730205279,-0.0060850439882698115,0.006103633318063704,-0.006103633318063735,-0.00033431771638067184,90.29947628531386,89.20386730205279,8,stop_loss,0.9560325091575091,0.006103633318063704
2026-03-05 15:48:00,2026-03-05 16:05:00,long,89.53,88.9852060117302,-0.0060850439882699225,0.006103633318063704,-0.006103633318063847,0.002119945005942843,90.07812937965626,88.9852060117302,17,stop_loss,0.9675862332112332,0.006103633318063704
2026-03-05 16:06:00,2026-03-05 16:09:00,long,88.88,88.33916129032258,-0.0060850439882698115,0.006103633318063704,-0.006103633318063735,0.004714342551078832,89.42414988566792,88.33916129032258,3,stop_loss,0.9396062271062271,0.006103633318063704
2026-03-05 16:10:00,2026-03-05 16:25:00,long,87.92,88.45827247916206,0.006122298443608454,0.006103633318063704,0.006103633318063704,0.015574177787087475,88.45827247916206,87.38500293255132,15,take_profit,0.9669223137973137,0.006103633318063704
2026-03-05 16:26:00,2026-03-05 16:39:00,long,88.35,88.8909050674928,0.006122298443608454,0.006103633318063704,0.006103633318063704,0.01069528911674795,88.8909050674928,87.81238636363635,13,take_profit,0.9497023809523809,0.006103633318063704
2026-03-05 16:40:00,2026-03-05 17:10:00,long,89.03,88.48824853372435,-0.0060850439882697005,0.006103633318063704,-0.006103633318063623,0.0030280962968735974,89.57506823043447,88.48824853372435,30,stop_loss,0.9272970085470086,0.006103633318063704
2026-03-05 17:11:00,2026-03-05 17:31:00,long,88.72,88.1801348973607,-0.0060850439882698115,0.006103633318063704,-0.006103633318063735,-0.0005637296501959578,89.26317031791694,88.1801348973607,20,stop_loss,0.943276862026862,0.006103633318063704
2026-03-05 17:32:00,2026-03-05 18:32:00,long,88.06,88.35,0.003293209175561973,0.006103633318063704,0.0032877984380974895,0.005436026976387302,88.59912960094417,87.52415102639296,60,timeout_1h,0.9553914835164835,0.006103633318063704
2026-03-06 01:36:00,2026-03-06 02:21:00,long,88.89,88.34910043988269,-0.0060850439882699225,0.006103633318063704,-0.006103633318063847,0.003705579446535105,89.43421110865236,88.34910043988269,45,stop_loss,0.9197764041514042,0.006103633318063704
2026-03-06 02:22:00,2026-03-06 03:22:00,long,88.4,88.43,0.00033936651583710287,0.006103633318063704,0.000339308944045991,0.002711253355375918,88.94121118241499,87.86208211143695,60,timeout_1h,0.9020642551892551,0.006103633318063704
2026-03-06 12:10:00,2026-03-06 12:17:00,long,86.28,86.80823190971454,0.006122298443608454,0.006103633318063704,0.006103633318063704,0.008540155771578328,86.80823190971454,85.75498240469209,7,take_profit,0.9267780830280831,0.006103633318063704
2026-03-06 13:35:00,2026-03-06 13:55:00,long,86.86,86.33145307917889,-0.0060850439882698115,0.006103633318063704,-0.006103633318063735,-0.0013824886994557148,87.39178284281184,86.33145307917889,20,stop_loss,0.9013240231990232,0.006103633318063704
2026-03-06 13:56:00,2026-03-06 14:00:00,long,85.86,85.33753812316715,-0.0060850439882698115,0.006103633318063704,-0.006103633318063735,-0.0016318921910383132,86.38566054436822,85.33753812316715,4,stop_loss,0.9529036935286935,0.006103633318063704
2026-03-06 14:01:00,2026-03-06 14:11:00,long,85.36,84.84058064516128,-0.0060850439882699225,0.006103633318063704,-0.006103633318063847,0.0030412937233022736,85.88259939514641,84.84058064516128,10,stop_loss,0.9727068070818071,0.006103633318063704
2026-03-06 14:12:00,2026-03-06 14:36:00,long,85.01,84.4927104105572,-0.0060850439882697005,0.006103633318063704,-0.006103633318063623,0.002936514707796766,85.53045659069116,84.4927104105572,24,stop_loss,0.9609928266178266,0.006103633318063704
2026-03-06 14:37:00,2026-03-06 14:40:00,long,84.21,84.72555875193626,0.006122298443608454,0.006103633318063704,0.006103633318063704,0.01145298545316681,84.72555875193626,83.6975784457478,3,take_profit,0.9265376984126984,0.006103633318063704
2026-03-06 14:41:00,2026-03-06 14:52:00,long,84.69,84.17465762463343,-0.0060850439882698115,0.006103633318063704,-0.006103633318063735,0.0057691335615599765,85.2084974551892,84.17465762463343,11,stop_loss,0.9399992368742369,0.006103633318063704
2026-03-06 14:53:00,2026-03-06 15:17:00,long,84.28,84.79598731282732,0.006122298443608454,0.006103633318063704,0.006103633318063704,0.01062207555907916,84.79598731282732,83.76715249266861,24,take_profit,0.9219971001221001,0.006103633318063704
2026-03-06 15:18:00,2026-03-06 15:50:00,long,84.93,84.41319721407625,-0.0060850439882698115,0.006103633318063704,-0.006103633318063735,0.002939276703149526,85.44996680681567,84.41319721407625,32,stop_loss,0.9480998168498168,0.006103633318063704
2026-03-06 15:52:00,2026-03-06 16:04:00,long,84.22,84.73561997492071,0.006122298443608454,0.006103633318063704,0.006103633318063704,0.007923878016094704,84.73561997492071,83.70751759530792,12,take_profit,0.9101037851037851,0.006103633318063704
2026-03-06 16:05:00,2026-03-06 16:10:00,long,84.83,84.31380571847507,-0.0060850439882698115,0.006103633318063704,-0.006103633318063735,0.00035358595453545134,85.34935457697131,84.31380571847507,5,stop_loss,0.9273466117216117,0.006103633318063704
2026-03-06 16:11:00,2026-03-06 16:37:00,long,84.25,84.76580364387401,0.006122298443608454,0.006103633318063704,0.006103633318063704,0.007214270541707678,84.76580364387401,83.73733504398827,26,take_profit,0.9336843711843712,0.006103633318063704
2026-03-06 16:55:00,2026-03-06 17:38:00,long,84.22,83.70751759530792,-0.0060850439882698115,0.006103633318063704,-0.006103633318063735,0.004147171060349106,84.73561997492071,83.70751759530792,43,stop_loss,0.9005837912087912,0.006103633318063704
2026-03-06 18:02:00,2026-03-06 18:34:00,long,84.55,85.0676403334071,0.006122298443608454,0.006103633318063704,0.006103633318063704,0.01105633469355294,85.0676403334071,84.03550953079178,32,take_profit,0.9304639804639805,0.006103633318063704
2026-03-08 02:51:00,2026-03-08 03:51:00,long,82.29,82.29,0.0,0.006103633318063704,0.0,0.004002188350996973,82.79380393892454,81.78926173020528,60,timeout_1h,0.9036515567765567,0.006103633318063704
2026-03-08 12:16:00,2026-03-08 12:24:00,long,81.91,82.41147746551597,0.006122298443608454,0.006103633318063704,0.006103633318063704,0.009477592206564656,82.41147746551597,81.41157404692082,8,take_profit,0.939751221001221,0.006103633318063704
2026-03-08 12:25:00,2026-03-08 13:12:00,long,82.37,81.86877492668621,-0.0060850439882699225,0.006103633318063704,-0.006103633318063847,0.003877382780917834,82.87429372280003,81.86877492668621,47,stop_loss,0.9017551892551893,0.006103633318063704
2026-03-08 14:11:00,2026-03-08 15:11:00,long,82.11,82.23,0.001461454146876262,0.006103633318063704,0.0014603872621068354,0.002311295962326605,82.61270192520469,81.61035703812317,60,timeout_1h,0.9008318070818071,0.006103633318063704
2026-03-08 22:04:00,2026-03-08 22:06:00,long,80.41,80.90229401785055,0.006122298443608454,0.006103633318063704,0.006103633318063704,0.024082746393099708,80.90229401785055,79.92070161290322,2,take_profit,0.9659035409035409,0.006103633318063704
2026-03-08 22:07:00,2026-03-08 22:36:00,long,81.08,81.57639595780778,0.006122298443608454,0.006103633318063704,0.006103633318063704,0.01578497136935811,81.57639595780778,80.58662463343109,29,take_profit,0.989442155067155,0.006103633318063704
2026-03-08 22:37:00,2026-03-08 22:48:00,long,81.85,82.35111012760935,0.006122298443608454,0.006103633318063704,0.006103633318063704,0.006332989136013628,82.35111012760935,81.35193914956011,11,take_profit,0.9578373015873016,0.006103633318063704
2026-03-08 22:49:00,2026-03-08 23:40:00,long,82.2,81.69980938416423,-0.0060850439882698115,0.006103633318063704,-0.006103633318063735,0.0013373049224184818,82.70325293206461,81.69980938416423,51,stop_loss,0.9674412393162393,0.006103633318063704
2026-03-09 00:12:00,2026-03-09 00:25:00,long,82.25,81.74950513196481,-0.0060850439882698115,0.006103633318063704,-0.006103633318063735,0.011363758650315003,82.7535590469868,81.74950513196481,13,stop_loss,0.9030753968253968,0.006103633318063704
2026-03-09 00:27:00,2026-03-09 00:33:00,long,82.03,82.5322121413292,0.006122298443608454,0.006103633318063704,0.006103633318063704,0.014042114281137826,82.5322121413292,81.53084384164222,6,take_profit,0.9217605311355311,0.006103633318063704
2026-03-09 00:34:00,2026-03-09 00:36:00,long,82.7,83.20631408128642,0.006122298443608454,0.006103633318063704,0.006103633318063704,0.0059075462661506584,83.20631408128642,82.1967668621701,2,take_profit,0.9528617216117216,0.006103633318063704
2026-03-09 00:37:00,2026-03-09 00:53:00,long,82.93,82.42536730205279,-0.0060850439882698115,0.006103633318063704,-0.006103633318063735,-0.001448051417503713,83.43772220992845,82.42536730205279,16,stop_loss,0.9730502136752137,0.006103633318063704
2026-03-09 00:54:00,2026-03-09 01:25:00,long,82.27,82.77368149295566,0.006122298443608454,0.006103633318063704,0.006103633318063704,0.006542305864769835,82.77368149295566,81.76938343108503,31,take_profit,0.9498168498168498,0.006103633318063704
2026-03-09 01:26:00,2026-03-09 01:31:00,long,82.81,82.30609750733137,-0.0060850439882699225,0.006103633318063704,-0.006103633318063847,-0.0006039741682663769,83.31698753411521,82.30609750733137,5,stop_loss,0.9262553418803419,0.006103633318063704
2026-03-09 01:32:00,2026-03-09 02:00:00,long,82.47,81.96816642228738,-0.0060850439882699225,0.006103633318063704,-0.006103633318063847,0.0035102620320783483,82.97490595264439,81.96816642228738,28,stop_loss,0.9382898351648352,0.006103633318063704
2026-03-09 02:14:00,2026-03-09 02:36:00,long,81.97,82.47184480342258,0.006122298443608454,0.006103633318063704,0.006103633318063704,0.02719782566233322,82.47184480342258,81.47120894428153,22,take_profit,0.9165827228327228,0.006103633318063704
2026-03-09 02:37:00,2026-03-09 03:02:00,long,82.62,83.12582429741093,0.006122298443608454,0.006103633318063704,0.006103633318063704,0.020604466349795306,83.12582429741093,82.11725366568915,25,take_profit,0.915552503052503,0.006103633318063704
2026-03-09 03:03:00,2026-03-09 03:09:00,long,83.11,83.6188242236483,0.006122298443608454,0.006103633318063704,0.006103633318063704,0.014691216753478939,83.6188242236483,82.60427199413489,6,take_profit,0.9156097374847375,0.006103633318063704
2026-03-09 03:10:00,2026-03-09 03:19:00,long,83.83,84.3432322785277,0.006122298443608454,0.006103633318063704,0.006103633318063704,0.006065309668647825,84.3432322785277,83.31989076246334,9,take_profit,0.9432196275946276,0.006103633318063704
2026-03-09 03:20:00,2026-03-09 03:39:00,long,83.69,83.1807426686217,-0.0060850439882697005,0.006103633318063704,-0.006103633318063623,-0.0003585300307303443,84.20237515674559,83.1807426686217,19,stop_loss,0.9706883394383394,0.006103633318063704
2026-03-09 03:40:00,2026-03-09 04:26:00,long,83.11,83.6188242236483,0.006122298443608454,0.006103633318063704,0.006103633318063704,0.006834968751677808,83.6188242236483,82.60427199413489,46,take_profit,0.956085927960928,0.006103633318063704
2026-03-09 05:48:00,2026-03-09 06:33:00,long,84.12,83.60812609970675,-0.0060850439882698115,0.006103633318063704,-0.006103633318063735,0.005098724510090126,84.63500774507635,83.60812609970675,45,stop_loss,0.9087301587301587,0.006103633318063704
2026-03-09 09:36:00,2026-03-09 09:57:00,long,84.38,83.86654398826978,-0.0060850439882699225,0.006103633318063704,-0.006103633318063847,0.0008292365576166456,84.89659954267168,83.86654398826978,21,stop_loss,0.9345238095238095,0.006103633318063704
2026-03-09 13:31:00,2026-03-09 13:43:00,long,84.86,85.3795382459246,0.006122298443608454,0.006103633318063704,0.006103633318063704,0.009149623947303273,85.3795382459246,84.34362316715543,12,take_profit,0.9075892857142858,0.006103633318063704
2026-03-09 13:44:00,2026-03-09 13:55:00,long,85.47,84.94991129032258,-0.0060850439882698115,0.006103633318063704,-0.006103633318063735,0.001987026543555534,85.99327284797522,84.94991129032258,11,stop_loss,0.9733669108669109,0.006103633318063704
2026-03-09 13:56:00,2026-03-09 14:08:00,long,85.26,84.74118914956011,-0.0060850439882699225,0.006103633318063704,-0.006103633318063847,0.003979871810631969,85.78198716530206,84.74118914956011,12,stop_loss,0.9661439255189255,0.006103633318063704
2026-03-09 14:09:00,2026-03-09 14:16:00,long,84.7,85.21855867817364,0.006122298443608454,0.006103633318063704,0.006103633318063704,0.010569681489687642,85.21855867817364,84.18459677419355,7,take_profit,0.9645985958485959,0.006103633318063704
2026-03-09 14:17:00,2026-03-09 14:21:00,long,85.42,84.90021554252199,-0.0060850439882698115,0.006103633318063704,-0.006103633318063735,0.0021050177343757996,85.94296673305304,84.90021554252199,4,stop_loss,0.9620039682539683,0.006103633318063704
2026-03-09 14:22:00,2026-03-09 15:22:00,long,85.27,85.16,-0.0012900199366717713,0.006103633318063704,-0.001290852728679519,0.003862590393738157,85.79204838828649,84.75112829912023,60,timeout_1h,0.9809256715506716,0.006103633318063704
2026-03-09 16:55:00,2026-03-09 17:41:00,long,85.07,84.55234530791788,-0.0060850439882699225,0.006103633318063704,-0.006103633318063847,0.0019963602426233554,85.59082392859776,84.55234530791788,46,stop_loss,0.9088865995115996,0.006103633318063704
2026-03-09 17:44:00,2026-03-09 17:52:00,long,84.45,84.96702810356274,0.006122298443608454,0.006103633318063704,0.006103633318063704,0.012122787197137828,84.96702810356274,83.93611803519062,8,take_profit,0.9007745726495726,0.006103633318063704
2026-03-09 17:55:00,2026-03-09 18:05:00,long,85.24,84.72131085043988,-0.0060850439882698115,0.006103633318063704,-0.006103633318063735,0.002811623220530598,85.76186471933318,84.72131085043988,10,stop_loss,0.9044795482295482,0.006103633318063704
2026-03-09 18:19:00,2026-03-09 19:19:00,long,85.24,85.69,0.005279211637728709,0.006103633318063704,0.005265325450610993,0.005265325450610993,85.76186471933318,84.72131085043988,60,timeout_1h,0.9122825091575092,0.006103633318063704
2026-03-09 19:22:00,2026-03-09 19:25:00,long,86.13,86.657313564948,0.006122298443608454,0.006103633318063704,0.006103633318063704,0.008094401271471515,86.657313564948,85.60589516129032,3,take_profit,0.9292849511599511,0.006103633318063704
2026-03-09 19:26:00,2026-03-09 19:40:00,long,86.58,86.0531568914956,-0.0060850439882697005,0.006103633318063704,-0.006103633318063623,0.0028833420587192344,87.11006859924761,86.0531568914956,14,stop_loss,0.9625686813186813,0.006103633318063704
2026-03-09 19:41:00,2026-03-09 20:10:00,long,86.09,85.56613856304986,-0.0060850439882697005,0.006103633318063704,-0.006103633318063623,0.002899729457468082,86.61706867301025,85.56613856304986,29,stop_loss,0.9628739316239316,0.006103633318063704
2026-03-09 20:11:00,2026-03-09 21:03:00,long,85.62,86.14419119274176,0.006122298443608454,0.006103633318063704,0.006103633318063704,0.007794815803416039,86.14419119274176,85.09899853372434,52,take_profit,0.9186660561660561,0.006103633318063704
2026-03-10 02:36:00,2026-03-10 03:36:00,long,86.37,86.28,-0.0010420284821118786,0.006103633318063704,-0.0010425717712385988,0.005426951717896794,86.89878291657446,85.84443475073314,60,timeout_1h,0.9226304945054945,0.006103633318063704
2026-03-10 08:09:00,2026-03-10 08:17:00,long,87.33,86.79859310850439,-0.0060850439882698115,0.006103633318063704,-0.006103633318063735,-0.0011457379805142687,87.86466032308033,86.79859310850439,8,stop_loss,0.9063568376068376,0.006103633318063704
2026-03-10 13:38:00,2026-03-10 13:47:00,long,85.88,86.40578299033709,0.006122298443608454,0.006103633318063704,0.006103633318063704,0.007655761786158666,86.40578299033709,85.35741642228739,9,take_profit,0.9151137057387058,0.006103633318063704
2026-03-10 13:48:00,2026-03-10 14:01:00,long,86.3,85.77486070381231,-0.0060850439882698115,0.006103633318063704,-0.006103633318063735,0.007158557298846625,86.8283543556834,85.77486070381231,13,stop_loss,0.9516483516483516,0.006103633318063704
2026-03-10 14:02:00,2026-03-10 14:08:00,long,86.07,85.54626026392961,-0.0060850439882698115,0.006103633318063704,-0.006103633318063735,0.025126085180018073,86.59694622704137,85.54626026392961,6,stop_loss,0.965224358974359,0.006103633318063704
2026-03-10 14:09:00,2026-03-10 14:16:00,long,85.4,84.88033724340177,-0.0060850439882697005,0.006103633318063704,-0.006103633318063623,0.036221263434318356,85.92284428708417,84.88033724340177,7,stop_loss,0.95567384004884,0.006103633318063704
2026-03-10 14:17:00,2026-03-10 14:34:00,long,85.46,85.98321162499077,0.006122298443608454,0.006103633318063704,0.006103633318063704,0.03551893401296376,85.98321162499077,84.93997214076245,17,take_profit,0.9520833333333333,0.006103633318063704
2026-03-10 14:35:00,2026-03-10 14:40:00,long,85.95,86.47621155122815,0.006122298443608454,0.006103633318063704,0.006103633318063704,0.02980163239998422,86.47621155122815,85.4269904692082,5,take_profit,0.9374389499389499,0.006103633318063704
2026-03-10 14:41:00,2026-03-10 14:50:00,long,86.64,87.17043593715424,0.006122298443608454,0.006103633318063704,0.006103633318063704,0.02180576153610736,87.17043593715424,86.1127917888563,9,take_profit,0.959241452991453,0.006103633318063704
2026-03-10 14:51:00,2026-03-10 14:54:00,long,87.15,87.68355830936048,0.006122298443608454,0.006103633318063704,0.006103633318063704,0.015936592262812597,87.68355830936048,86.61968841642229,3,take_profit,0.9643734737484737,0.006103633318063704
2026-03-10 14:55:00,2026-03-10 15:00:00,long,87.81,88.34759902633326,0.006122298443608454,0.006103633318063704,0.006103633318063704,0.008391974856938246,88.34759902633326,87.27567228739002,5,take_profit,0.9792887667887668,0.006103633318063704
2026-03-10 15:01:00,2026-03-10 15:06:00,long,88.25,87.7129948680352,-0.0060850439882697005,0.006103633318063704,-0.006103633318063623,0.0033936684154364134,88.79029283764845,87.7129948680352,5,stop_loss,0.9950931013431014,0.006103633318063704
2026-03-10 15:07:00,2026-03-10 15:58:00,long,87.74,88.2771704654422,0.006122298443608454,0.006103633318063704,0.006103633318063704,0.007041482813848477,88.2771704654422,87.2060982404692,51,take_profit,0.9977564102564103,0.006103633318063704
2026-03-10 15:59:00,2026-03-10 16:05:00,long,88.31,87.77262976539589,-0.0060850439882698115,0.006103633318063704,-0.006103633318063735,0.003165632943230129,88.85066017555506,87.77262976539589,6,stop_loss,0.9296092796092796,0.006103633318063704
2026-03-10 16:06:00,2026-03-10 16:19:00,long,87.72,88.25704801947333,0.006122298443608454,0.006103633318063704,0.006103633318063704,0.01122269898280805,88.25704801947333,87.18621994134897,13,take_profit,0.954162851037851,0.006103633318063704
2026-03-10 16:20:00,2026-03-10 17:06:00,long,88.22,88.76010916869514,0.006122298443608454,0.006103633318063704,0.006103633318063704,0.005538927855701872,88.76010916869514,87.68317741935483,46,take_profit,0.9286401098901099,0.006103633318063704
2026-03-10 17:39:00,2026-03-10 18:14:00,long,87.81,87.27567228739002,-0.0060850439882699225,0.006103633318063704,-0.006103633318063847,0.0038645194719749963,88.34759902633326,87.27567228739002,35,stop_loss,0.9193223443223443,0.006103633318063704
2026-03-10 18:15:00,2026-03-10 18:22:00,long,87.0,86.47060117302053,-0.0060850439882698115,0.006103633318063704,-0.006103633318063735,0.0017226533114463776,87.53263996459394,86.47060117302053,7,stop_loss,0.9244085775335775,0.006103633318063704
2026-03-10 18:23:00,2026-03-10 18:44:00,long,86.71,86.18236583577712,-0.0060850439882698115,0.006103633318063704,-0.006103633318063735,0.0010374042772354909,87.24086449804528,86.18236583577712,21,stop_loss,0.9571047008547009,0.006103633318063704
2026-03-10 18:46:00,2026-03-10 19:46:00,long,86.09,86.01,-0.0009292600766639403,0.006103633318063704,-0.0009296921064750876,0.004635539648557164,86.61706867301025,85.56613856304986,60,timeout_1h,0.9060096153846153,0.006103633318063704
2026-03-10 19:47:00,2026-03-10 20:47:00,long,86.01,86.17,0.0018602488082781754,0.006103633318063704,0.0018585206882873566,0.003481897668178038,86.53657888913477,85.48662536656892,60,timeout_1h,0.915655525030525,0.006103633318063704
2026-03-11 13:19:00,2026-03-11 13:32:00,long,86.12,86.64725234196356,0.006122298443608454,0.006103633318063704,0.006103633318063704,0.013035888586374111,86.64725234196356,85.59595601173021,13,take_profit,0.9116376678876679,0.006103633318063704
2026-03-11 13:33:00,2026-03-11 13:44:00,long,86.82,86.29169648093841,-0.0060850439882698115,0.006103633318063704,-0.006103633318063735,0.004940551211089228,87.35153795087408,86.29169648093841,11,stop_loss,0.937839590964591,0.006103633318063704
2026-03-11 13:45:00,2026-03-11 13:51:00,long,86.28,85.75498240469209,-0.0060850439882698115,0.006103633318063704,-0.006103633318063735,0.00865506528046682,86.80823190971454,85.75498240469209,6,stop_loss,0.9769345238095238,0.006103633318063704
2026-03-11 13:52:00,2026-03-11 14:00:00,long,85.6,86.12406874677288,0.006122298443608454,0.006103633318063704,0.006103633318063704,0.01656760365372604,86.12406874677288,85.0791202346041,8,take_profit,0.9758089133089133,0.006103633318063704
2026-03-11 14:01:00,2026-03-11 14:02:00,long,86.02,86.54664011211919,0.006122298443608454,0.006103633318063704,0.006103633318063704,0.011673059445832159,86.54664011211919,85.49656451612903,1,take_profit,0.9812003968253968,0.006103633318063704
2026-03-11 14:03:00,2026-03-11 14:29:00,long,86.1,86.62712989599468,0.006122298443608454,0.006103633318063704,0.006103633318063704,0.010743475367737202,86.62712989599468,85.57607771260996,26,take_profit,0.9817651098901099,0.006103633318063704
2026-03-11 14:30:00,2026-03-11 14:38:00,long,86.44,86.9692114774655,0.006122298443608454,0.006103633318063704,0.006103633318063704,0.006802355162737229,86.9692114774655,85.91400879765395,8,take_profit,0.9495039682539682,0.006103633318063704
2026-03-11 14:39:00,2026-03-11 15:02:00,long,86.82,86.29169648093841,-0.0060850439882698115,0.006103633318063704,-0.006103633318063735,0.0024158769299750314,87.35153795087408,86.29169648093841,23,stop_loss,0.9539758852258853,0.006103633318063704
2026-03-11 15:03:00,2026-03-11 15:12:00,long,86.19,85.66553005865103,-0.0060850439882697005,0.006103633318063704,-0.006103633318063623,0.0009277514291795663,86.71768090285461,85.66553005865103,9,stop_loss,0.9446543040293041,0.006103633318063704
2026-03-11 15:13:00,2026-03-11 15:30:00,long,85.67,85.14869428152493,-0.0060850439882698115,0.006103633318063704,-0.006103633318063735,0.0030303053491790633,86.19449730766394,85.14869428152493,17,stop_loss,0.9591346153846154,0.006103633318063704
2026-03-11 15:31:00,2026-03-11 15:51:00,long,84.83,85.34935457697131,0.006122298443608454,0.006103633318063704,0.006103633318063704,0.014163050579885995,85.34935457697131,84.31380571847507,20,take_profit,0.9604471916971917,0.006103633318063704
2026-03-11 15:52:00,2026-03-11 16:10:00,long,85.25,85.77192594231762,0.006122298443608454,0.006103633318063704,0.006103633318063704,0.013978095965673412,85.77192594231762,84.73125,18,take_profit,0.927949481074481,0.006103633318063704
2026-03-11 16:11:00,2026-03-11 16:34:00,long,85.73,86.25486464557056,0.006122298443608454,0.006103633318063704,0.006103633318063704,0.013325033494960618,86.25486464557056,85.20832917888563,23,take_profit,0.924465811965812,0.006103633318063704
2026-03-11 16:40:00,2026-03-11 17:03:00,long,86.32,86.84847680165227,0.006122298443608454,0.006103633318063704,0.006103633318063704,0.016658435654146986,86.84847680165227,85.79473900293254,23,take_profit,0.9135264041514042,0.006103633318063704
2026-03-11 17:04:00,2026-03-11 17:25:00,long,86.86,87.39178284281184,0.006122298443608454,0.006103633318063704,0.006103633318063704,0.010422129497350286,87.39178284281184,86.33145307917889,21,take_profit,0.9092300061050061,0.006103633318063704
2026-03-11 17:27:00,2026-03-11 17:36:00,long,87.64,87.10670674486803,-0.0060850439882698115,0.006103633318063704,-0.006103633318063735,0.0030760491358214318,88.17655823559785,87.10670674486803,9,stop_loss,0.9113972832722833,0.006103633318063704
2026-03-11 17:38:00,2026-03-11 17:41:00,long,86.89,87.42196651176513,0.006122298443608454,0.006103633318063704,0.006103633318063704,0.011670613011972647,87.42196651176513,86.36127052785923,3,take_profit,0.9253434065934066,0.006103633318063704
2026-03-11 17:42:00,2026-03-11 18:06:00,long,87.17,87.70368075532934,0.006122298443608454,0.006103633318063704,0.006103633318063704,0.008453328839602432,87.70368075532934,86.63956671554253,24,take_profit,0.9217109279609279,0.006103633318063704
2026-03-11 18:07:00,2026-03-11 18:43:00,long,87.73,87.19615909090909,-0.0060850439882698115,0.006103633318063704,-0.006103633318063735,0.0025045550432746056,88.26710924245778,87.19615909090909,36,stop_loss,0.9372405372405372,0.006103633318063704
2026-03-11 18:44:00,2026-03-11 18:51:00,long,87.28,87.81435420815815,0.006122298443608454,0.006103633318063704,0.006103633318063704,0.007647129658751711,87.81435420815815,86.74889736070381,7,take_profit,0.9021749084249084,0.006103633318063704
2026-03-11 18:52:00,2026-03-11 19:07:00,long,87.92,87.38500293255132,-0.0060850439882698115,0.006103633318063704,-0.006103633318063735,-0.0006826715477324096,88.45827247916206,87.38500293255132,15,stop_loss,0.9454670329670329,0.006103633318063704
2026-03-12 09:47:00,2026-03-12 10:22:00,long,85.98,86.50639522018146,0.006122298443608454,0.006103633318063704,0.006103633318063704,0.011103514492510359,86.50639522018146,85.45680791788857,35,take_profit,0.90803952991453,0.006103633318063704
2026-03-12 13:37:00,2026-03-12 13:45:00,long,87.32,86.78865395894427,-0.0060850439882699225,0.006103633318063704,-0.006103633318063847,0.0006868918415466484,87.85459910009588,86.78865395894427,8,stop_loss,0.9157013125763126,0.006103633318063704
2026-03-12 13:46:00,2026-03-12 14:02:00,long,86.58,87.11006859924761,0.006122298443608454,0.006103633318063704,0.006103633318063704,0.009197581509455193,87.11006859924761,86.0531568914956,16,take_profit,0.916334706959707,0.006103633318063704
2026-03-12 14:03:00,2026-03-12 14:21:00,long,87.16,86.6296275659824,-0.0060850439882698115,0.006103633318063704,-0.006103633318063735,0.0025209134468706447,87.69361953234491,86.6296275659824,18,stop_loss,0.9231837606837607,0.006103633318063704
2026-03-12 14:22:00,2026-03-12 14:31:00,long,86.73,86.20224413489737,-0.0060850439882697005,0.006103633318063704,-0.006103633318063623,0.0006915629597891367,87.26098694401416,86.20224413489737,9,stop_loss,0.9510264041514042,0.006103633318063704
2026-03-12 14:32:00,2026-03-12 14:38:00,long,86.16,85.63571260997067,-0.0060850439882698115,0.006103633318063704,-0.006103633318063735,0.003938381089700527,86.6874972339013,85.63571260997067,6,stop_loss,0.9597641941391941,0.006103633318063704
2026-03-12 14:39:00,2026-03-12 15:13:00,long,85.61,85.08905938416422,-0.0060850439882699225,0.006103633318063704,-0.006103633318063847,0.01484085209672029,86.13412996975732,85.08905938416422,34,stop_loss,0.9536897130647131,0.006103633318063704
2026-03-12 15:21:00,2026-03-12 15:26:00,long,85.62,86.14419119274176,0.006122298443608454,0.006103633318063704,0.006103633318063704,0.014954199732568558,86.14419119274176,85.09899853372434,5,take_profit,0.9082112332112332,0.006103633318063704
2026-03-12 15:27:00,2026-03-12 15:39:00,long,86.4,86.92896658552777,0.006122298443608454,0.006103633318063704,0.006103633318063704,0.005885424639358598,86.92896658552777,85.87425219941349,12,take_profit,0.9535828754578755,0.006103633318063704
2026-03-12 15:40:00,2026-03-12 16:07:00,long,86.82,86.29169648093841,-0.0060850439882698115,0.006103633318063704,-0.006103633318063735,0.001036090577921276,87.35153795087408,86.29169648093841,27,stop_loss,0.9575091575091575,0.006103633318063704
2026-03-12 16:08:00,2026-03-12 16:16:00,long,85.81,86.33535442944604,0.006122298443608454,0.006103633318063704,0.006103633318063704,0.0140024274735045,86.33535442944604,85.28784237536657,8,take_profit,0.9527396214896214,0.006103633318063704
2026-03-12 16:17:00,2026-03-12 16:22:00,long,86.35,86.87866047060558,0.006122298443608454,0.006103633318063704,0.006103633318063704,0.0077291726998464805,86.87866047060558,85.82455645161289,5,take_profit,0.9280563186813187,0.006103633318063704
2026-03-12 16:23:00,2026-03-12 16:29:00,long,86.68,86.15254838709679,-0.0060850439882697005,0.006103633318063704,-0.006103633318063623,0.003914800624375544,87.21068082909198,86.15254838709679,6,stop_loss,0.9474130036630036,0.006103633318063704
2026-03-12 16:30:00,2026-03-12 16:39:00,long,86.13,86.657313564948,0.006122298443608454,0.006103633318063704,0.006103633318063704,0.010280194491451806,86.657313564948,85.60589516129032,9,take_profit,0.9697153540903541,0.006103633318063704
2026-03-12 16:40:00,2026-03-12 17:20:00,long,86.8,86.27181818181818,-0.0060850439882698115,0.006103633318063704,-0.006103633318063735,0.002531355626229448,87.33141550490521,86.27181818181818,40,stop_loss,0.9403998778998779,0.006103633318063704
2026-03-13 00:16:00,2026-03-13 00:22:00,long,88.71,89.2531090949325,0.006122298443608454,0.006103633318063704,0.006103633318063704,0.02339678916924156,89.2531090949325,88.17019574780058,6,take_profit,0.9551320207570207,0.006103633318063704
2026-03-13 00:23:00,2026-03-13 00:30:00,long,89.99,90.54094563694032,0.006122298443608454,0.006103633318063704,0.006103633318063704,0.00907085865587981,90.54094563694032,89.4424068914956,7,take_profit,0.9964896214896215,0.006103633318063704
2026-03-13 00:31:00,2026-03-13 00:41:00,long,90.66,90.10832991202345,-0.0060850439882699225,0.006103633318063704,-0.006103633318063847,0.0016531661890338307,91.21504757689753,90.10832991202345,10,stop_loss,0.9951770451770452,0.006103633318063704
2026-03-13 00:42:00,2026-03-13 00:58:00,long,90.09,89.54179838709678,-0.0060850439882698115,0.006103633318063704,-0.006103633318063735,0.005424267464719212,90.6415578667847,89.54179838709678,16,stop_loss,0.9963865995115995,0.006103633318063704
2026-03-13 00:59:00,2026-03-13 01:28:00,long,89.75,90.29947628531386,0.006122298443608454,0.006103633318063704,0.006103633318063704,0.009205410759679542,90.29947628531386,89.20386730205279,29,take_profit,0.9806852869352869,0.006103633318063704
2026-03-13 01:29:00,2026-03-13 02:29:00,long,90.3,89.87,-0.004761904761904634,0.006103633318063704,-0.004773278752657548,0.003095977705127992,90.85284354945784,89.75052052785924,60,timeout_1h,0.9153083028083028,0.006103633318063704
2026-03-13 08:38:00,2026-03-13 09:17:00,long,89.27,88.72678812316715,-0.0060850439882698115,0.006103633318063704,-0.006103633318063735,0.0003360026911827838,89.81653758206092,88.72678812316715,39,stop_loss,0.9029838217338217,0.006103633318063704
2026-03-13 12:47:00,2026-03-13 12:49:00,long,90.77,91.32572102972634,0.006122298443608454,0.006103633318063704,0.006103633318063704,0.016173448382100705,91.32572102972634,90.21766055718474,2,take_profit,0.901110347985348,0.006103633318063704
2026-03-13 12:50:00,2026-03-13 13:17:00,long,91.03,91.58731282732168,0.006122298443608454,0.006103633318063704,0.006103633318063704,0.013313160403439215,91.58731282732168,90.4760784457478,27,take_profit,0.9435057997557997,0.006103633318063704
2026-03-13 13:18:00,2026-03-13 13:21:00,long,91.85,91.29108870967741,-0.0060850439882698115,0.006103633318063704,-0.006103633318063735,0.008024332798821159,92.41233311204543,91.29108870967741,3,stop_loss,0.94681394993895,0.006103633318063704
2026-03-13 13:22:00,2026-03-13 13:31:00,long,91.21,91.76841484104152,0.006122298443608454,0.006103633318063704,0.006103633318063704,0.015124601460066714,91.76841484104152,90.6549831378299,9,take_profit,0.9771520146520146,0.006103633318063704
2026-03-13 13:32:00,2026-03-13 13:35:00,long,91.84,91.2811495601173,-0.0060850439882698115,0.006103633318063704,-0.006103633318063735,0.011368064828173196,92.402271889061,91.2811495601173,3,stop_loss,0.9393353174603175,0.006103633318063704
2026-03-13 13:36:00,2026-03-13 13:42:00,long,91.12,91.67786383418161,0.006122298443608454,0.006103633318063704,0.006103633318063704,0.019238678260502635,91.67786383418161,90.56553079178886,6,take_profit,0.9484050671550671,0.006103633318063704
2026-03-13 13:43:00,2026-03-13 14:00:00,long,91.92,92.48276167293649,0.006122298443608454,0.006103633318063704,0.006103633318063704,0.01049736385892917,92.48276167293649,91.36066275659824,17,take_profit,0.9296894078144078,0.006103633318063704
2026-03-13 14:01:00,2026-03-13 14:25:00,long,92.33,92.89527181529837,0.006122298443608454,0.006103633318063704,0.006103633318063704,0.006046881614892907,92.89527181529837,91.76816788856304,24,take_profit,0.9862751831501831,0.006103633318063704
2026-03-13 14:26:00,2026-03-13 14:35:00,long,92.82,92.25518621700878,-0.0060850439882698115,0.006103633318063704,-0.006103633318063735,-0.00043103448943202573,93.38827174153573,92.25518621700878,9,stop_loss,0.9358211233211233,0.006103633318063704
2026-03-13 14:36:00,2026-03-13 14:45:00,long,92.11,91.54950659824047,-0.0060850439882698115,0.006103633318063704,-0.006103633318063735,0.002385600784392411,92.67392490964077,91.54950659824047,9,stop_loss,0.93501221001221,0.006103633318063704
2026-03-13 14:46:00,2026-03-13 15:02:00,long,90.89,90.33693035190616,-0.0060850439882698115,0.006103633318063704,-0.006103633318063735,0.002088257064859791,91.44645570553958,90.33693035190616,16,stop_loss,0.9635302197802198,0.006103633318063704
2026-03-13 15:03:00,2026-03-13 15:15:00,long,90.48,91.0339455631777,0.006122298443608454,0.006103633318063704,0.006103633318063704,0.0062799743657518245,91.0339455631777,89.92942521994135,12,take_profit,0.9772245115995116,0.006103633318063704
2026-03-13 15:16:00,2026-03-13 15:29:00,long,91.0,90.44626099706744,-0.0060850439882699225,0.006103633318063704,-0.006103633318063847,0.000549299656766917,91.55712915836837,90.44626099706744,13,stop_loss,0.938804945054945,0.006103633318063704
2026-03-13 15:30:00,2026-03-13 15:42:00,long,90.26,89.71076392961878,-0.0060850439882697005,0.006103633318063704,-0.006103633318063623,0.00265545630702529,90.8125986575201,89.71076392961878,12,stop_loss,0.9154609279609279,0.006103633318063704
2026-03-13 15:43:00,2026-03-13 16:21:00,long,89.69,89.14423240469208,-0.0060850439882698115,0.006103633318063704,-0.006103633318063735,0.004116834743514024,90.23910894740725,89.14423240469208,38,stop_loss,0.9602602258852259,0.006103633318063704
2026-03-13 16:27:00,2026-03-13 16:49:00,long,89.2,89.74610902116987,0.006122298443608454,0.006103633318063704,0.006103633318063704,0.008484087505151111,89.74610902116987,88.65721407624633,22,take_profit,0.9272474053724054,0.006103633318063704
2026-03-13 16:54:00,2026-03-13 17:27:00,long,89.77,89.22374560117302,-0.0060850439882697005,0.006103633318063704,-0.006103633318063623,0.00211428332251786,90.31959873128272,89.22374560117302,33,stop_loss,0.9087759462759463,0.006103633318063704
2026-03-13 17:48:00,2026-03-13 18:48:00,long,88.8,88.75,-0.0005630630630630851,0.006103633318063704,-0.000563221642599225,0.003035927445653687,89.34366010179242,88.25964809384163,60,timeout_1h,0.927220695970696,0.006103633318063704
2026-03-15 21:34:00,2026-03-15 21:37:00,long,89.49,90.03788448771851,0.006122298443608454,0.006103633318063704,0.006103633318063704,0.01925690316261616,90.03788448771851,88.94544941348973,3,take_profit,0.9011485042735042,0.006103633318063704
2026-03-15 21:38:00,2026-03-15 22:03:00,long,89.92,90.47051707604928,0.006122298443608454,0.006103633318063704,0.006103633318063704,0.015668421611471934,90.47051707604928,89.37283284457477,25,take_profit,0.939720695970696,0.006103633318063704
2026-03-15 22:04:00,2026-03-15 22:08:00,long,90.93,90.37668695014663,-0.0060850439882698115,0.006103633318063704,-0.006103633318063735,0.02078760166841481,91.48670059747732,90.37668695014663,4,stop_loss,0.9380265567765568,0.006103633318063704
2026-03-15 22:09:00,2026-03-15 22:31:00,long,90.26,90.8125986575201,0.006122298443608454,0.006103633318063704,0.006103633318063704,0.030657503798763766,90.8125986575201,89.71076392961878,22,take_profit,0.9832036019536019,0.006103633318063704
2026-03-15 22:32:00,2026-03-15 22:41:00,long,91.23,91.7885372870104,0.006122298443608454,0.006103633318063704,0.006103633318063704,0.019968107840236032,91.7885372870104,90.67486143695015,9,take_profit,0.9292391636141636,0.006103633318063704
2026-03-15 22:42:00,2026-03-15 22:52:00,long,92.28,92.84496570037619,0.006122298443608454,0.006103633318063704,0.006103633318063704,0.008524464892066114,92.84496570037619,91.71847214076246,10,take_profit,0.9816430097680098,0.006103633318063704
2026-03-15 22:53:00,2026-03-15 23:06:00,long,92.54,93.10655749797154,0.006122298443608454,0.006103633318063704,0.006103633318063704,0.005710914718765476,93.10655749797154,91.97689002932552,13,take_profit,0.9821428571428571,0.006103633318063704
2026-03-15 23:07:00,2026-03-15 23:18:00,long,92.96,92.39433431085043,-0.0060850439882699225,0.006103633318063704,-0.006103633318063847,0.0011826050940180431,93.52912886331784,92.39433431085043,11,stop_loss,0.9756410256410256,0.006103633318063704
2026-03-15 23:19:00,2026-03-15 23:29:00,long,92.47,91.90731598240468,-0.0060850439882699225,0.006103633318063704,-0.006103633318063847,0.004531729809882099,93.03612893708048,91.90731598240468,10,stop_loss,0.9590659340659341,0.006103633318063704
2026-03-15 23:30:00,2026-03-16 00:00:00,long,91.91,92.47270044995204,0.006122298443608454,0.006103633318063704,0.006103633318063704,0.010606160029411298,92.47270044995204,91.35072360703812,30,take_profit,0.9749198717948718,0.006103633318063704
2026-03-16 00:01:00,2026-03-16 00:20:00,long,92.72,92.15579472140762,-0.0060850439882699225,0.006103633318063704,-0.006103633318063847,0.0018317983679331314,93.28765951169137,92.15579472140762,19,stop_loss,0.9364583333333333,0.006103633318063704
2026-03-16 00:21:00,2026-03-16 01:14:00,long,92.13,91.56938489736069,-0.0060850439882699225,0.006103633318063704,-0.006103633318063847,0.0023850835244082764,92.69404735560964,91.56938489736069,53,stop_loss,0.9297809829059829,0.006103633318063704
2026-03-16 03:31:00,2026-03-16 03:33:00,long,92.9,93.46876152541122,0.006122298443608454,0.006103633318063704,0.006103633318063704,0.00868126131593927,93.46876152541122,92.33469941348974,2,take_profit,0.9548649267399267,0.006103633318063704
2026-03-16 03:34:00,2026-03-16 03:43:00,long,93.63,93.0602573313783,-0.0060850439882698115,0.006103633318063704,-0.006103633318063735,0.0008540621849344364,94.20323080327506,93.0602573313783,9,stop_loss,0.980242673992674,0.006103633318063704
2026-03-16 03:44:00,2026-03-16 04:44:00,long,93.25,93.08,-0.0018230563002681333,0.006103633318063704,-0.0018247200898339764,0.002891258639888043,93.8209043298665,92.68256964809385,60,timeout_1h,0.9645528083028083,0.006103633318063704
2026-03-16 04:56:00,2026-03-16 05:24:00,long,93.46,94.03219001253964,0.006122298443608454,0.006103633318063704,0.006103633318063704,0.007992795788296259,94.03219001253964,92.8912917888563,28,take_profit,0.9512210012210012,0.006103633318063704
2026-03-16 05:25:00,2026-03-16 06:08:00,long,94.0,93.42800586510263,-0.0060850439882698115,0.006103633318063704,-0.006103633318063735,0.002868223138055126,94.5754960536992,93.42800586510263,43,stop_loss,0.9020451770451771,0.006103633318063704
2026-03-16 13:33:00,2026-03-16 13:43:00,long,94.8,94.22313782991202,-0.0060850439882698115,0.006103633318063704,-0.006103633318063735,0.0014757038621959404,95.38039389245408,94.22313782991202,10,stop_loss,0.9224168192918193,0.006103633318063704
2026-03-16 13:44:00,2026-03-16 13:47:00,long,93.92,94.4950062698237,0.006122298443608454,0.006103633318063704,0.006103633318063704,0.005627237867732293,94.4950062698237,93.3484926686217,3,take_profit,0.9364735958485958,0.006103633318063704
2026-03-16 13:48:00,2026-03-16 13:54:00,long,94.06,93.48764076246334,-0.0060850439882698115,0.006103633318063704,-0.006103633318063735,0.004137717430616571,94.63586339160581,93.48764076246334,6,stop_loss,0.9441849816849817,0.006103633318063704
2026-03-16 13:55:00,2026-03-16 14:02:00,long,93.41,93.98188389761746,0.006122298443608454,0.006103633318063704,0.006103633318063704,0.011072188062761217,93.98188389761746,92.84159604105571,7,take_profit,0.9777701465201465,0.006103633318063704
2026-03-16 14:03:00,2026-03-16 14:29:00,long,93.98,93.40812756598241,-0.0060850439882698115,0.006103633318063704,-0.006103633318063735,0.004988600272848903,94.55537360773033,93.40812756598241,26,stop_loss,0.9501144688644688,0.006103633318063704
2026-03-16 14:30:00,2026-03-16 14:54:00,long,92.6,93.16692483587813,0.006122298443608454,0.006103633318063704,0.006103633318063704,0.016812517869838194,93.16692483587813,92.03652492668621,24,take_profit,0.954410866910867,0.006103633318063704
2026-03-16 14:55:00,2026-03-16 15:14:00,long,93.17,93.740414545991,0.006122298443608454,0.006103633318063704,0.006103633318063704,0.010675878059638388,93.740414545991,92.6030564516129,19,take_profit,0.9567880036630036,0.006103633318063704
2026-03-16 15:15:00,2026-03-16 15:30:00,long,93.65,94.22335324924394,0.006122298443608454,0.006103633318063704,0.006103633318063704,0.005537230631874215,94.22335324924394,93.08013563049853,15,take_profit,0.9497863247863247,0.006103633318063704
2026-03-16 15:31:00,2026-03-16 15:50:00,long,94.08,93.50751906158358,-0.0060850439882698115,0.006103633318063704,-0.006103633318063735,-0.0015956601438926292,94.65598583757468,93.50751906158358,19,stop_loss,0.9256906288156288,0.006103633318063704
2026-03-16 15:51:00,2026-03-16 16:51:00,long,93.37,93.82,0.0048195351826068045,0.006103633318063704,0.00480795840447742,0.00480795840447742,93.94163900567973,92.80183944281525,60,timeout_1h,0.9240804334554334,0.006103633318063704
2026-03-16 19:10:00,2026-03-16 20:10:00,long,95.01,95.3,0.0030523102831279125,0.006103633318063704,0.0030476614414981303,0.003991601938458624,95.59167957512724,94.4318599706745,60,timeout_1h,0.9114850427350427,0.006103633318063704
2026-03-16 21:37:00,2026-03-16 22:05:00,long,96.53,97.12098546876153,0.006122298443608454,0.006103633318063704,0.006103633318063704,0.011126106326350072,97.12098546876153,95.94261070381232,28,take_profit,0.9260569291819292,0.006103633318063704
2026-03-16 22:06:00,2026-03-16 22:21:00,long,97.25,96.65822947214076,-0.0060850439882698115,0.006103633318063704,-0.006103633318063735,0.0036949646883181193,97.84539352364092,96.65822947214076,15,stop_loss,0.9141674297924298,0.006103633318063704
2026-03-16 22:22:00,2026-03-16 23:00:00,long,96.72,96.13145454545455,-0.0060850439882698115,0.006103633318063704,-0.006103633318063735,0.0008267879759939956,97.3121487054658,96.13145454545455,38,stop_loss,0.9396672771672772,0.006103633318063704
2026-03-16 23:12:00,2026-03-16 23:31:00,long,95.44,96.02431216345799,0.006122298443608454,0.006103633318063704,0.006103633318063704,0.010941598242631786,96.02431216345799,94.85924340175953,19,take_profit,0.9084974053724054,0.006103633318063704
2026-03-17 00:13:00,2026-03-17 00:17:00,long,96.8,96.21096774193548,-0.0060850439882698115,0.006103633318063704,-0.006103633318063735,-0.0012404384472489212,97.3926384893413,96.21096774193548,4,stop_loss,0.9006753663003663,0.006103633318063704
2026-03-17 00:18:00,2026-03-17 00:25:00,long,96.0,95.41583577712609,-0.0060850439882699225,0.006103633318063704,-0.006103633318063847,-0.00031254883829995967,96.58774065058641,95.41583577712609,7,stop_loss,0.9521443833943833,0.006103633318063704
2026-03-17 00:26:00,2026-03-17 01:04:00,long,95.57,94.98845234604104,-0.0060850439882698115,0.006103633318063704,-0.006103633318063735,0.0038640327958295974,96.15510806225565,94.98845234604104,38,stop_loss,0.9608211233211233,0.006103633318063704
2026-03-17 01:05:00,2026-03-17 01:10:00,long,95.06,95.64198569004942,0.006122298443608454,0.006103633318063704,0.006103633318063704,0.009110487643992995,95.64198569004942,94.48155571847508,5,take_profit,0.9266788766788767,0.006103633318063704
2026-03-17 01:11:00,2026-03-17 02:07:00,long,95.67,95.08784384164223,-0.0060850439882698115,0.006103633318063704,-0.006103633318063735,0.0027139891397802924,96.25572029210002,95.08784384164223,56,stop_loss,0.9163003663003663,0.006103633318063704
2026-03-17 13:33:00,2026-03-17 13:51:00,long,94.2,93.62678885630498,-0.0060850439882698115,0.006103633318063704,-0.006103633318063735,0.0020149537545357215,94.77672051338791,93.62678885630498,18,stop_loss,0.9097222222222222,0.006103633318063704
2026-03-17 14:09:00,2026-03-17 15:00:00,long,94.09,94.66604706055912,0.006122298443608454,0.006103633318063704,0.006103633318063704,0.00973037819998392,94.66604706055912,93.51745821114369,51,take_profit,0.9021024114774114,0.006103633318063704
2026-03-17 15:02:00,2026-03-17 15:08:00,long,94.97,94.39210337243402,-0.0060850439882697005,0.006103633318063704,-0.006103633318063623,0.00042109696379699044,95.5514346831895,94.39210337243402,6,stop_loss,0.932451923076923,0.006103633318063704
2026-03-17 15:09:00,2026-03-17 15:25:00,long,94.25,93.67648460410557,-0.0060850439882698115,0.006103633318063704,-0.006103633318063735,-0.00010610642484361517,94.8270266283101,93.67648460410557,16,stop_loss,0.9220505189255189,0.006103633318063704
2026-03-17 15:26:00,2026-03-17 15:36:00,long,93.81,93.23916202346041,-0.0060850439882698115,0.006103633318063704,-0.006103633318063735,0.00923132450792359,94.38433281699491,93.23916202346041,10,stop_loss,0.9270642551892552,0.006103633318063704
2026-03-17 15:37:00,2026-03-17 16:05:00,long,93.34,93.91145533672642,0.006122298443608454,0.006103633318063704,0.006103633318063704,0.01425404412411364,93.91145533672642,92.7720219941349,28,take_profit,0.936183608058608,0.006103633318063704
2026-03-18 11:31:00,2026-03-18 11:37:00,long,92.42,91.8576202346041,-0.0060850439882699225,0.006103633318063704,-0.006103633318063847,0.0016217096369994853,92.9858228221583,91.8576202346041,6,stop_loss,0.9156593406593406,0.006103633318063704
2026-03-18 11:38:00,2026-03-18 12:30:00,long,91.86,91.30102785923754,-0.0060850439882698115,0.006103633318063704,-0.006103633318063735,0.004236604022989158,92.42239433502988,91.30102785923754,52,stop_loss,0.9701541514041514,0.006103633318063704
2026-03-18 12:32:00,2026-03-18 13:01:00,long,90.49,89.93936436950146,-0.0060850439882698115,0.006103633318063704,-0.006103633318063735,0.0024282572638108266,91.04400678616213,89.93936436950146,29,stop_loss,0.9262286324786325,0.006103633318063704
2026-03-18 13:04:00,2026-03-18 14:03:00,long,90.42,89.86979032258064,-0.0060850439882698115,0.006103633318063704,-0.006103633318063735,0.002319802200231058,90.97357822527108,89.86979032258064,59,stop_loss,0.903937728937729,0.006103633318063704
2026-03-18 14:14:00,2026-03-18 14:43:00,long,89.77,89.22374560117302,-0.0060850439882697005,0.006103633318063704,-0.006103633318063623,0.001558326228084408,90.31959873128272,89.22374560117302,29,stop_loss,0.9153807997557998,0.006103633318063704
2026-03-18 15:11:00,2026-03-18 16:11:00,long,88.96,88.84,-0.0013489208633092886,0.006103633318063704,-0.001349831476045488,0.004374411103164816,89.50463966954341,88.41867448680351,60,timeout_1h,0.9005647130647131,0.006103633318063704
2026-03-18 17:39:00,2026-03-18 18:39:00,long,90.27,90.06,-0.0023263542705217466,0.006103633318063704,-0.0023290644366379372,0.0055236552284724265,90.82265988050453,89.72070307917888,60,timeout_1h,0.9039529914529915,0.006103633318063704
2026-03-18 18:58:00,2026-03-18 19:19:00,long,89.42,89.96745592682747,0.006122298443608454,0.006103633318063704,0.006103633318063704,0.005687219120589514,89.96745592682747,88.87587536656892,21,take_profit,0.9018047924297924,0.006103633318063704
2026-03-19 03:28:00,2026-03-19 03:58:00,long,91.28,90.72455718475074,-0.0060850439882698115,0.006103633318063704,-0.006103633318063735,-0.0008768084735344257,91.83884340193258,90.72455718475074,30,stop_loss,0.9117864774114774,0.006103633318063704
2026-03-19 07:24:00,2026-03-19 07:36:00,long,88.78,89.32353765582356,0.006122298443608454,0.006103633318063704,0.006103633318063704,0.011089444362707937,89.32353765582356,88.23976979472141,12,take_profit,0.9255952380952381,0.006103633318063704
2026-03-19 09:28:00,2026-03-19 09:50:00,long,89.51,90.0580069336874,0.006122298443608454,0.006103633318063704,0.006103633318063704,0.01022571986954123,90.0580069336874,88.96532771260998,22,take_profit,0.9143772893772893,0.006103633318063704
2026-03-19 13:03:00,2026-03-19 13:14:00,long,88.09,87.55396847507332,-0.0060850439882698115,0.006103633318063704,-0.006103633318063735,0.008477979904522303,88.62931326989747,87.55396847507332,11,stop_loss,0.9055670024420024,0.006103633318063704
2026-03-19 13:43:00,2026-03-19 14:15:00,long,88.46,87.92171700879764,-0.0060850439882698115,0.006103633318063704,-0.006103633318063735,0.004286526586046152,89.0015785203216,87.92171700879764,32,stop_loss,0.9574786324786325,0.006103633318063704
2026-03-19 14:16:00,2026-03-19 14:37:00,long,87.99,87.45457697947214,-0.0060850439882698115,0.006103633318063704,-0.006103633318063735,0.006682926837582836,88.52870104005311,87.45457697947214,21,stop_loss,0.9187271062271062,0.006103633318063704
2026-03-19 14:38:00,2026-03-19 14:50:00,long,87.41,87.94515010695581,0.006122298443608454,0.006103633318063704,0.006103633318063704,0.013296405902655664,87.94515010695581,86.87810630498534,12,take_profit,0.9291819291819292,0.006103633318063704
2026-03-19 14:52:00,2026-03-19 15:23:00,long,88.2,87.66329912023461,-0.0060850439882697005,0.006103633318063704,-0.006103633318063623,0.004299135482306471,88.73998672272627,87.66329912023461,31,stop_loss,0.9222641941391941,0.006103633318063704
2026-03-19 15:24:00,2026-03-19 15:45:00,long,87.73,87.19615909090909,-0.0060850439882698115,0.006103633318063704,-0.006103633318063735,0.0018221164362612105,88.26710924245778,87.19615909090909,21,stop_loss,0.9112065018315019,0.006103633318063704
2026-03-19 15:46:00,2026-03-19 16:46:00,long,87.27,87.65,0.004354302738627469,0.006103633318063704,0.004344850192023769,0.005257154965072557,87.8042929851737,86.7389582111437,60,timeout_1h,0.9451961233211233,0.006103633318063704
2026-03-19 17:24:00,2026-03-19 18:24:00,long,87.87,87.83,-0.0004552179355867825,0.006103633318063704,-0.0004553215787258931,0.004994901972959041,88.40796636423988,87.33530718475073,60,timeout_1h,0.9115842490842491,0.006103633318063704
2026-03-19 19:11:00,2026-03-19 19:28:00,long,89.17,88.62739662756599,-0.0060850439882698115,0.006103633318063704,-0.006103633318063735,-0.00044868200416221907,89.71592535221657,88.62739662756599,17,stop_loss,0.9387019230769231,0.006103633318063704
2026-03-19 19:40:00,2026-03-19 20:40:00,long,88.95,89.05,0.0011242270938729426,0.006103633318063704,0.0011235956238264877,0.0011235956238264877,89.49457844655898,88.4087353372434,60,timeout_1h,0.9026404151404152,0.006103633318063704
2026-03-20 08:10:00,2026-03-20 08:30:00,long,90.28,89.730642228739,-0.0060850439882698115,0.006103633318063704,-0.006103633318063735,-0.0003323547363446266,90.83272110348898,89.730642228739,20,stop_loss,0.9028693528693529,0.006103633318063704
2026-03-20 13:44:00,2026-03-20 13:58:00,long,89.21,88.66715322580644,-0.0060850439882698115,0.006103633318063704,-0.006103633318063735,0.0048085080070341905,89.7561702441543,88.66715322580644,14,stop_loss,0.9083829365079366,0.006103633318063704
2026-03-20 14:12:00,2026-03-20 14:27:00,long,88.68,89.2229254259792,0.006122298443608454,0.006103633318063704,0.006103633318063704,0.010767264184615372,89.2229254259792,88.14037829912024,15,take_profit,0.90127442002442,0.006103633318063704
2026-03-20 14:28:00,2026-03-20 14:32:00,long,89.15,89.69580290624769,0.006122298443608454,0.006103633318063704,0.006103633318063704,0.005481304623576878,89.69580290624769,88.60751832844575,4,take_profit,0.9048305860805861,0.006103633318063704
2026-03-20 14:33:00,2026-03-20 14:52:00,long,89.64,89.09453665689149,-0.0060850439882698115,0.006103633318063704,-0.006103633318063735,-0.00044632895184154104,90.18880283248507,89.09453665689149,19,stop_loss,0.920054945054945,0.006103633318063704
2026-03-20 14:55:00,2026-03-20 15:08:00,long,89.11,88.56776173020528,-0.0060850439882698115,0.006103633318063704,-0.006103633318063735,0.0013457442874317451,89.65555801430995,88.56776173020528,13,stop_loss,0.9053914835164835,0.006103633318063704
2026-03-20 15:10:00,2026-03-20 15:23:00,long,88.68,89.2229254259792,0.006122298443608454,0.006103633318063704,0.006103633318063704,0.0061829211639492085,89.2229254259792,88.14037829912024,13,take_profit,0.905746336996337,0.006103633318063704
2026-03-20 15:33:00,2026-03-20 16:33:00,long,89.13,88.98,-0.0016829350387074227,0.006103633318063704,-0.0016843527647301538,0.00022436616652361606,89.67568046027881,88.58764002932551,60,timeout_1h,0.908531746031746,0.006103633318063704
2026-03-21 23:51:00,2026-03-21 23:52:00,long,88.25,87.7129948680352,-0.0060850439882697005,0.006103633318063704,-0.006103633318063623,-0.0019282033989815972,88.79029283764845,87.7129948680352,1,stop_loss,0.9038156288156288,0.006103633318063704
2026-03-21 23:53:00,2026-03-21 23:55:00,long,88.08,87.5440293255132,-0.0060850439882698115,0.006103633318063704,-0.006103633318063735,-0.0035257358103983534,88.61925204691303,87.5440293255132,2,stop_loss,0.967372557997558,0.006103633318063704
2026-03-21 23:56:00,2026-03-22 00:01:00,long,87.42,86.88804545454545,-0.0060850439882699225,0.006103633318063704,-0.006103633318063847,0.0017143840989645156,87.95521132994025,86.88804545454545,5,stop_loss,0.9749885531135531,0.006103633318063704
2026-03-22 00:02:00,2026-03-22 00:08:00,long,86.46,86.98933392343439,0.006122298443608454,0.006103633318063704,0.006103633318063704,0.012756594294647452,86.98933392343439,85.93388709677419,6,take_profit,0.9954059829059829,0.006103633318063704
2026-03-22 00:09:00,2026-03-22 00:15:00,long,87.17,86.63956671554253,-0.0060850439882697005,0.006103633318063704,-0.006103633318063623,0.004578238510648317,87.70368075532934,86.63956671554253,6,stop_loss,0.9966880341880342,0.006103633318063704
2026-03-22 00:16:00,2026-03-22 00:32:00,long,87.0,87.53263996459394,0.006122298443608454,0.006103633318063704,0.006103633318063704,0.00653035487954925,87.53263996459394,86.47060117302053,16,take_profit,0.9957379426129426,0.006103633318063704
2026-03-22 00:33:00,2026-03-22 01:33:00,long,87.42,87.34,-0.0009151223976207046,0.006103633318063704,-0.0009155413777535899,0.0017143840989645156,87.95521132994025,86.88804545454545,60,timeout_1h,0.927354242979243,0.006103633318063704
2026-03-22 02:31:00,2026-03-22 03:28:00,long,88.03,88.56894593199085,0.006122298443608454,0.006103633318063704,0.006103633318063704,0.007356719275295952,88.56894593199085,87.49433357771261,57,take_profit,0.9047161172161172,0.006103633318063704
2026-03-22 03:37:00,2026-03-22 04:37:00,long,88.75,89.02,0.0030422535211267476,0.006103633318063704,0.003037635232183074,0.003374581380145344,89.29335398687024,88.20995234604105,60,timeout_1h,0.9022168803418803,0.006103633318063704
2026-03-22 21:06:00,2026-03-22 21:19:00,long,85.87,85.34747727272728,-0.0060850439882698115,0.006103633318063704,-0.006103633318063735,0.0023263939769895318,86.39572176735267,85.34747727272728,13,stop_loss,0.946844474969475,0.006103633318063704
2026-03-22 21:20:00,2026-03-22 21:27:00,long,85.3,85.8222320572398,0.006122298443608454,0.006103633318063704,0.006103633318063704,0.012002707749797899,85.8222320572398,84.78094574780059,7,take_profit,0.925400641025641,0.006103633318063704
2026-03-22 21:28:00,2026-03-22 22:09:00,long,85.94,86.46615032824371,0.006122298443608454,0.006103633318063704,0.006103633318063704,0.007765903996104316,86.46615032824371,85.4170513196481,41,take_profit,0.9230921855921856,0.006103633318063704
2026-03-22 22:10:00,2026-03-22 22:15:00,long,86.14,85.61583431085045,-0.0060850439882697005,0.006103633318063704,-0.006103633318063623,0.007517528030188935,86.66737478793243,85.61583431085045,5,stop_loss,0.9201312576312576,0.006103633318063704
2026-03-22 22:16:00,2026-03-22 22:24:00,long,85.79,86.31523198347718,0.006122298443608454,0.006103633318063704,0.006103633318063704,0.012625406600751213,86.31523198347718,85.26796407624634,8,take_profit,0.9408501221001221,0.006103633318063704
2026-03-22 22:25:00,2026-03-22 23:02:00,long,86.23,86.75792579479236,0.006122298443608454,0.006103633318063704,0.006103633318063704,0.007509711221392061,86.75792579479236,85.7052866568915,37,take_profit,0.9108287545787546,0.006103633318063704
2026-03-23 00:51:00,2026-03-23 01:51:00,long,86.14,86.04,-0.0011609008590666159,0.006103633318063704,-0.0011615752264352006,0.004748401996253735,86.66737478793243,85.61583431085045,60,timeout_1h,0.9054983211233211,0.006103633318063704
2026-03-23 06:46:00,2026-03-23 07:05:00,long,85.82,85.29778152492668,-0.0060850439882698115,0.006103633318063704,-0.006103633318063735,0.0036057032377035665,86.34541565243048,85.29778152492668,19,stop_loss,0.9027739621489621,0.006103633318063704
2026-03-23 07:39:00,2026-03-23 08:39:00,long,85.91,86.15,0.0027936212315213815,0.006103633318063704,0.002789726323973509,0.005687439160044932,86.4359666592904,85.38723387096773,60,timeout_1h,0.9108402014652015,0.006103633318063704
2026-03-23 11:06:00,2026-03-23 11:07:00,long,90.47,89.91948607038123,-0.0060850439882698115,0.006103633318063704,-0.006103633318063735,0.009461016665937258,91.02388434019326,89.91948607038123,1,stop_loss,0.9956387362637362,0.006103633318063704
2026-03-23 11:08:00,2026-03-23 11:09:00,long,90.04,90.59125175186252,0.006122298443608454,0.006103633318063704,0.006103633318063704,0.014225304665055944,90.59125175186252,89.49210263929619,1,take_profit,0.9993742368742369,0.006103633318063704
2026-03-23 11:10:00,2026-03-23 11:11:00,long,90.29,90.84278232647341,0.006122298443608454,0.006103633318063704,0.006103633318063704,0.011452608384199679,90.84278232647341,89.74058137829913,1,take_profit,0.9979357448107448,0.006103633318063704
2026-03-23 11:12:00,2026-03-23 11:13:00,long,91.33,91.88914951685476,0.006122298443608454,0.006103633318063704,0.006103633318063704,-0.0013147805115205655,91.88914951685476,90.77425293255132,1,take_profit,0.9979166666666667,0.006103633318063704
2026-03-23 11:14:00,2026-03-23 11:15:00,long,90.71,91.26535369181971,0.006122298443608454,0.006103633318063704,0.006103633318063704,0.004399963098914421,91.26535369181971,90.15802565982403,1,take_profit,0.9978670634920634,0.006103633318063704
2026-03-23 11:16:00,2026-03-23 11:19:00,long,91.06,90.50589589442815,-0.0060850439882698115,0.006103633318063704,-0.006103633318063735,-0.0015386309222935773,91.61749649627498,90.50589589442815,3,stop_loss,0.9981608669108669,0.006103633318063704
2026-03-23 11:20:00,2026-03-23 11:23:00,long,90.47,89.91948607038123,-0.0060850439882698115,0.006103633318063704,-0.006103633318063735,0.002979970198167567,91.02388434019326,89.91948607038123,3,stop_loss,0.9996146214896214,0.006103633318063704
2026-03-23 11:24:00,2026-03-23 11:26:00,long,89.95,90.50070074500259,0.006122298443608454,0.006103633318063704,0.006103633318063704,0.0087443138392757,90.50070074500259,89.40265029325514,2,take_profit,0.9979815323565323,0.006103633318063704
2026-03-23 11:27:00,2026-03-23 11:38:00,long,90.48,89.92942521994135,-0.0060850439882698115,0.006103633318063704,-0.006103633318063735,0.002869442427952739,91.0339455631777,89.92942521994135,11,stop_loss,0.9982791514041514,0.006103633318063704
2026-03-23 11:39:00,2026-03-23 11:47:00,long,89.88,89.3330762463343,-0.0060850439882698115,0.006103633318063704,-0.006103633318063735,0.001556420547658158,90.43027218411153,89.3330762463343,8,stop_loss,0.9919871794871795,0.006103633318063704
2026-03-23 11:48:00,2026-03-23 11:56:00,long,89.37,88.82617961876834,-0.0060850439882698115,0.006103633318063704,-0.006103633318063735,0.011680426473158376,89.91714981190529,88.82617961876834,8,stop_loss,0.9925366300366301,0.006103633318063704
2026-03-23 11:57:00,2026-03-23 12:03:00,long,88.83,88.289465542522,-0.0060850439882698115,0.006103633318063704,-0.006103633318063735,0.017741051084849566,89.37384377074574,88.289465542522,6,stop_loss,0.994284188034188,0.006103633318063704
2026-03-23 12:04:00,2026-03-23 12:17:00,long,88.83,89.37384377074574,0.006122298443608454,0.006103633318063704,0.006103633318063704,0.017741051084849566,89.37384377074574,88.289465542522,13,take_profit,0.9960699023199023,0.006103633318063704
2026-03-23 12:18:00,2026-03-23 12:35:00,long,89.28,89.82659880504536,0.006122298443608454,0.006103633318063704,0.006103633318063704,0.012687983233458218,89.82659880504536,88.73672727272728,17,take_profit,0.9763011294261295,0.006103633318063704
2026-03-23 12:36:00,2026-03-23 13:36:00,long,89.92,90.31,0.004337188612099752,0.006103633318063704,0.0043278101173265604,0.0055450957210781094,90.47051707604928,89.37283284457477,60,timeout_1h,0.9437614468864469,0.006103633318063704
2026-03-23 13:38:00,2026-03-23 13:43:00,long,90.5,91.05406800914656,0.006122298443608454,0.006103633318063704,0.006103633318063704,0.011753856413760212,91.05406800914656,89.94930351906159,5,take_profit,0.9232257326007326,0.006103633318063704
2026-03-23 13:44:00,2026-03-23 13:51:00,long,90.87,91.42633325957071,0.006122298443608454,0.006103633318063704,0.006103633318063704,0.007673793412385094,91.42633325957071,90.31705205278593,7,take_profit,0.9317727411477411,0.006103633318063704
2026-03-23 13:52:00,2026-03-23 14:52:00,long,91.35,91.19,-0.0017515051997810671,0.006103633318063704,-0.0017530408784415764,0.0024054242956249895,91.90927196282362,90.79413123167154,60,timeout_1h,0.9577953296703297,0.006103633318063704
2026-03-23 15:03:00,2026-03-23 15:17:00,long,91.97,91.41035850439883,-0.0060850439882698115,0.006103633318063704,-0.006103633318063735,0.002389227895896736,92.53306778785867,91.41035850439883,14,stop_loss,0.9391559829059829,0.006103633318063704
2026-03-23 15:21:00,2026-03-23 15:34:00,long,91.26,90.7046788856305,-0.0060850439882698115,0.006103633318063704,-0.006103633318063735,0.0015329029608478202,91.81872095596371,90.7046788856305,13,stop_loss,0.9139003357753358,0.006103633318063704
2026-03-23 15:35:00,2026-03-23 15:46:00,long,90.8,90.2474780058651,-0.0060850439882697005,0.006103633318063704,-0.006103633318063623,0.0,91.35590469867965,90.2474780058651,11,stop_loss,0.9499351343101343,0.006103633318063704
2026-03-23 15:53:00,2026-03-23 16:25:00,long,90.08,89.53185923753665,-0.0060850439882698115,0.006103633318063704,-0.006103633318063735,0.0029928526468571055,90.63149664380025,89.53185923753665,32,stop_loss,0.9242445054945055,0.006103633318063704
2026-03-23 16:34:00,2026-03-23 16:46:00,long,89.57,90.118374271594,0.006122298443608454,0.006103633318063704,0.006103633318063704,0.011875174232646944,90.118374271594,89.02496260997067,12,take_profit,0.9020184676434676,0.006103633318063704
2026-03-23 16:49:00,2026-03-23 17:21:00,long,90.3,89.75052052785924,-0.0060850439882698115,0.006103633318063704,-0.006103633318063735,0.009039858715986943,90.85284354945784,89.75052052785924,32,stop_loss,0.9136713980463981,0.006103633318063704
2026-03-23 17:35:00,2026-03-23 17:55:00,long,90.77,91.32572102972634,0.006122298443608454,0.006103633318063704,0.006103633318063704,0.009211601488581507,91.32572102972634,90.21766055718474,20,take_profit,0.9114239926739927,0.006103633318063704
2026-03-23 17:56:00,2026-03-23 18:56:00,long,91.26,91.45,0.002081963620425231,0.006103633318063704,0.0020797993376182877,0.00404615347786524,91.81872095596371,90.7046788856305,60,timeout_1h,0.9223137973137974,0.006103633318063704
2026-03-24 13:41:00,2026-03-24 13:52:00,long,90.03,89.48216348973607,-0.0060850439882698115,0.006103633318063704,-0.006103633318063735,0.002551446278469736,90.58119052887807,89.48216348973607,11,stop_loss,0.941037087912088,0.006103633318063704
2026-03-24 13:53:00,2026-03-24 14:25:00,long,89.72,89.17404985337244,-0.0060850439882697005,0.006103633318063704,-0.006103633318063623,0.0034492384683779635,90.26929261636054,89.17404985337244,32,stop_loss,0.9296169108669109,0.006103633318063704
2026-03-24 14:26:00,2026-03-24 14:50:00,long,89.29,88.74666642228739,-0.0060850439882698115,0.006103633318063704,-0.006103633318063735,0.010139927539452939,89.83666002802981,88.74666642228739,24,stop_loss,0.9117254273504274,0.006103633318063704
2026-03-24 14:51:00,2026-03-24 15:03:00,long,89.24,89.78635391310762,0.006122298443608454,0.006103633318063704,0.006103633318063704,0.010700057504246373,89.78635391310762,88.69697067448679,12,take_profit,0.90376221001221,0.006103633318063704
2026-03-24 15:04:00,2026-03-24 15:22:00,long,89.58,90.12843549457844,0.006122298443608454,0.006103633318063704,0.006103633318063704,0.0068973462894241005,90.12843549457844,89.03490175953078,18,take_profit,0.9175213675213675,0.006103633318063704
2026-03-24 15:23:00,2026-03-24 15:32:00,long,90.07,89.52192008797653,-0.0060850439882699225,0.006103633318063704,-0.006103633318063847,0.001220527197286826,90.6214354208158,89.52192008797653,9,stop_loss,0.9160714285714285,0.006103633318063704
2026-03-24 15:34:00,2026-03-24 16:34:00,long,89.71,89.57,-0.0015605841043362378,0.006103633318063704,-0.0015618030840882746,0.004670826997126371,90.25923139337611,89.16411070381231,60,timeout_1h,0.9089705433455434,0.006103633318063704
2026-03-24 20:27:00,2026-03-24 21:27:00,long,89.79,89.88,0.001002338790511148,0.006103633318063704,0.0010018367844111197,0.003668505031326488,90.3397211772516,89.24362390029326,60,timeout_1h,0.9573946886446887,0.006103633318063704
2026-03-25 16:27:00,2026-03-25 17:19:00,long,92.47,91.90731598240468,-0.0060850439882699225,0.006103633318063704,-0.006103633318063847,0.0016208334630586619,93.03612893708048,91.90731598240468,52,stop_loss,0.9259882478632478,0.006103633318063704
2026-03-26 09:33:00,2026-03-26 10:33:00,long,87.82,88.09,0.003074470507857141,0.006103633318063704,0.0030697539881330864,0.0048844306798347305,88.35766024931769,87.28561143695013,60,timeout_1h,0.9029418498168498,0.006103633318063704
2026-03-26 13:46:00,2026-03-26 14:46:00,long,87.83,87.46,-0.004212683593305289,0.006103633318063704,-0.0042215819442515306,0.0032963940051164695,88.36772147230212,87.29555058651026,60,timeout_1h,0.9053609584859584,0.006103633318063704
2026-03-26 20:12:00,2026-03-26 21:12:00,long,86.52,86.54,0.00023116042533533054,0.006103633318063704,0.00023113371188085964,0.0030005792853467716,87.049701261341,85.9935219941349,60,timeout_1h,0.965758547008547,0.006103633318063704
2026-03-27 08:37:00,2026-03-27 08:51:00,long,84.63,85.14813011728258,0.006122298443608454,0.006103633318063704,0.006103633318063704,0.006595242372734561,85.14813011728258,84.11502272727272,14,take_profit,0.9436431623931624,0.006103633318063704
2026-03-27 08:52:00,2026-03-27 09:07:00,long,85.12,84.60204105571847,-0.0060850439882699225,0.006103633318063704,-0.006103633318063847,0.0008220304614148797,85.64113004351995,84.60204105571847,15,stop_loss,0.9125228937728938,0.006103633318063704
2026-03-27 10:38:00,2026-03-27 10:42:00,long,83.05,83.55845688574168,0.006122298443608454,0.006103633318063704,0.006103633318063704,0.006600684031352093,83.55845688574168,82.5446370967742,4,take_profit,0.9562080280830281,0.006103633318063704
2026-03-27 10:43:00,2026-03-27 10:54:00,long,83.44,82.93226392961877,-0.0060850439882697005,0.006103633318063704,-0.006103633318063623,0.0008385744726211675,83.95084458213469,82.93226392961877,11,stop_loss,0.9899305555555555,0.006103633318063704
2026-03-27 10:55:00,2026-03-27 11:13:00,long,82.75,83.2566201962086,0.006122298443608454,0.006103633318063704,0.006103633318063704,0.009381834510642569,83.2566201962086,82.24646260997068,18,take_profit,0.9693719474969476,0.006103633318063704
2026-03-27 13:38:00,2026-03-27 14:28:00,long,83.06,82.5545762463343,-0.0060850439882699225,0.006103633318063704,-0.006103633318063847,0.001563910093188917,83.56851810872612,82.5545762463343,50,stop_loss,0.9057387057387057,0.006103633318063704
2026-03-27 15:24:00,2026-03-27 15:31:00,long,83.19,83.69931400752378,0.006122298443608454,0.006103633318063704,0.006103633318063704,0.007902339973421397,83.69931400752378,82.68378519061584,7,take_profit,0.9035332722832723,0.006103633318063704
2026-03-27 15:32:00,2026-03-27 16:01:00,long,83.62,83.11116862170088,-0.0060850439882698115,0.006103633318063704,-0.006103633318063735,0.002746762340798689,84.13194659585454,83.11116862170088,29,stop_loss,0.9289949633699633,0.006103633318063704
2026-03-28 13:41:00,2026-03-28 13:46:00,long,83.83,83.31989076246334,-0.0060850439882697005,0.006103633318063704,-0.006103633318063623,-0.003824553484627824,84.3432322785277,83.31989076246334,5,stop_loss,0.96441163003663,0.006103633318063704
2026-03-28 13:47:00,2026-03-28 14:13:00,long,83.47,82.96208137829912,-0.0060850439882698115,0.006103633318063704,-0.006103633318063735,0.00047909930249283214,83.98102825108799,82.96208137829912,26,stop_loss,0.9671703296703297,0.006103633318063704
2026-03-28 15:21:00,2026-03-28 16:21:00,long,84.0,83.73,-0.003214285714285614,0.006103633318063704,-0.0032194626269730214,0.00035707909681331973,84.51427306926311,83.48885630498533,60,timeout_1h,0.9340506715506716,0.006103633318063704
2026-03-29 22:42:00,2026-03-29 22:45:00,long,80.43,79.94057991202347,-0.0060850439882698115,0.006103633318063704,-0.006103633318063735,0.01284761340657278,80.92241646381943,79.94057991202347,3,stop_loss,0.9352678571428571,0.006103633318063704
2026-03-29 22:46:00,2026-03-29 22:49:00,long,79.82,79.33429178885629,-0.0060850439882699225,0.006103633318063704,-0.006103633318063847,0.02046075470196255,80.30868186176882,79.33429178885629,3,stop_loss,0.9871336996336997,0.006103633318063704
2026-03-29 22:50:00,2026-03-29 22:52:00,long,79.42,79.90623294239138,0.006122298443608454,0.006103633318063704,0.006103633318063704,0.025484628619444987,79.90623294239138,78.93672580645162,2,take_profit,0.9959935897435898,0.006103633318063704
2026-03-29 22:53:00,2026-03-29 22:55:00,long,79.91,80.39923286862874,0.006122298443608454,0.006103633318063704,0.006103633318063704,0.01933385293617893,80.39923286862874,79.42374413489736,2,take_profit,0.9983821733821734,0.006103633318063704
2026-03-29 22:56:00,2026-03-29 23:00:00,long,80.75,81.24437559932139,0.006122298443608454,0.006103633318063704,0.006103633318063704,0.008876892219784393,81.24437559932139,80.2586326979472,4,take_profit,0.9975999694749694,0.006103633318063704
2026-03-29 23:01:00,2026-03-30 00:01:00,long,81.2,81.31,0.0013546798029555607,0.006103633318063704,0.0013537630521137944,0.003319607154918166,81.69713063362101,80.70589442815249,60,timeout_1h,0.9974206349206349,0.006103633318063704
2026-03-30 00:20:00,2026-03-30 00:25:00,long,82.68,82.17688856304986,-0.0060850439882698115,0.006103633318063704,-0.006103633318063735,-0.002785685807959667,83.18619163531756,82.17688856304986,5,stop_loss,0.9752442002442002,0.006103633318063704
2026-03-30 00:26:00,2026-03-30 00:35:00,long,82.41,81.90853152492669,-0.0060850439882697005,0.006103633318063704,-0.006103633318063623,0.0,82.91453861473776,81.90853152492669,9,stop_loss,0.9887248168498168,0.006103633318063704
2026-03-30 00:36:00,2026-03-30 00:51:00,long,82.01,81.510965542522,-0.0060850439882698115,0.006103633318063704,-0.006103633318063735,0.0076526337630631784,82.51208969536033,81.510965542522,15,stop_loss,0.9564789377289378,0.006103633318063704
2026-03-30 00:52:00,2026-03-30 01:01:00,long,81.59,82.08951833001402,0.006122298443608454,0.006103633318063704,0.006103633318063704,0.014358971456595478,82.08951833001402,81.09352126099706,9,take_profit,0.9301778083028083,0.006103633318063704
2026-03-30 01:02:00,2026-03-30 01:31:00,long,82.17,82.6730692631113,0.006122298443608454,0.006103633318063704,0.006103633318063704,0.007879306174324712,82.6730692631113,81.66999193548388,29,take_profit,0.9375114468864469,0.006103633318063704
2026-03-30 02:46:00,2026-03-30 03:14:00,long,83.51,83.00183797653959,-0.0060850439882698115,0.006103633318063704,-0.006103633318063735,0.0029891813971434484,84.02127314302575,83.00183797653959,28,stop_loss,0.9039758852258852,0.006103633318063704
2026-03-30 14:59:00,2026-03-30 15:16:00,long,84.33,83.8168482404692,-0.0060850439882699225,0.006103633318063704,-0.006103633318063847,0.004141772680114271,84.8462934277495,83.8168482404692,17,stop_loss,0.9017361111111111,0.006103633318063704
2026-03-31 00:46:00,2026-03-31 01:23:00,long,82.78,83.28680386516191,0.006122298443608454,0.006103633318063704,0.006103633318063704,0.01985473665953355,83.28680386516191,82.27628005865103,37,take_profit,0.9069291819291819,0.006103633318063704
2026-03-31 01:27:00,2026-03-31 01:32:00,long,83.58,84.0917017039168,0.006122298443608454,0.006103633318063704,0.006103633318063704,0.010236965960350545,84.0917017039168,83.07141202346041,5,take_profit,0.9130570818070818,0.006103633318063704
2026-03-31 01:33:00,2026-03-31 01:42:00,long,84.25,83.73733504398827,-0.0060850439882698115,0.006103633318063704,-0.006103633318063735,0.002252653747648784,84.76580364387401,83.73733504398827,9,stop_loss,0.9662583943833943,0.006103633318063704
2026-03-31 01:43:00,2026-03-31 02:43:00,long,83.75,83.83,0.0009552238805969893,0.006103633318063704,0.0009547679445901652,0.00274250455087155,84.2627424946522,83.2403775659824,60,timeout_1h,0.9615422771672771,0.006103633318063704
2026-03-31 09:54:00,2026-03-31 09:56:00,long,81.01,80.51705058651027,-0.0060850439882698115,0.006103633318063704,-0.006103633318063735,-0.002100711306979617,81.50596739691673,80.51705058651027,2,stop_loss,0.931753663003663,0.006103633318063704
2026-03-31 09:57:00,2026-03-31 10:16:00,long,80.35,80.84192667994394,0.006122298443608454,0.006103633318063704,0.006103633318063704,0.006079800351898731,80.84192667994394,79.86106671554252,19,take_profit,0.9673496642246642,0.006103633318063704
2026-03-31 10:17:00,2026-03-31 11:09:00,long,80.73,80.23875439882698,-0.0060850439882698115,0.006103633318063704,-0.006103633318063735,0.0011142062434033359,81.22425315335252,80.23875439882698,52,stop_loss,0.923756105006105,0.006103633318063704
2026-03-31 13:47:00,2026-03-31 14:01:00,long,81.68,82.18006933687394,0.006122298443608454,0.006103633318063704,0.006103633318063704,0.009867900016229962,82.18006933687394,81.18297360703812,14,take_profit,0.9026594932844932,0.006103633318063704
2026-03-31 14:03:00,2026-03-31 14:18:00,long,81.8,82.30080401268717,0.006122298443608454,0.006103633318063704,0.006103633318063704,0.008399830263938977,82.30080401268717,81.30224340175953,15,take_profit,0.9202152014652014,0.006103633318063704
2026-03-31 14:19:00,2026-03-31 14:35:00,long,82.34,81.83895747800587,-0.0060850439882698115,0.006103633318063704,-0.006103633318063735,-0.0003644093572060794,82.84411005384672,81.83895747800587,16,stop_loss,0.9370840964590964,0.006103633318063704
2026-03-31 14:36:00,2026-03-31 14:48:00,long,81.7,81.20285190615836,-0.0060850439882698115,0.006103633318063704,-0.006103633318063735,-0.00012240651217935083,82.20019178284281,81.20285190615836,12,stop_loss,0.9465277777777777,0.006103633318063704
2026-03-31 14:49:00,2026-03-31 14:51:00,long,80.99,80.49717228739003,-0.0060850439882697005,0.006103633318063704,-0.006103633318063623,0.007258443628513956,81.48584495094785,80.49717228739003,2,stop_loss,0.9520413614163614,0.006103633318063704
2026-03-31 14:52:00,2026-03-31 15:06:00,long,80.57,81.06327358560152,0.006122298443608454,0.006103633318063704,0.006103633318063704,0.012457762100307806,81.06327358560152,80.07972800586509,14,take_profit,0.9735882173382173,0.006103633318063704
2026-03-31 15:07:00,2026-03-31 15:14:00,long,81.03,81.5260898428856,0.006122298443608454,0.006103633318063704,0.006103633318063704,0.006764677416778535,81.5260898428856,80.5369288856305,7,take_profit,0.9651862026862027,0.006103633318063704
2026-03-31 15:15:00,2026-03-31 15:29:00,long,81.47,80.97425146627566,-0.0060850439882698115,0.006103633318063704,-0.006103633318063735,0.0013492795668620708,81.96878365420078,80.97425146627566,14,stop_loss,0.9511637667887668,0.006103633318063704
2026-03-31 15:30:00,2026-03-31 16:30:00,long,80.95,81.15,0.002470660901791266,0.006103633318063704,0.00246761383695612,0.005052071616660384,81.4456000590101,80.45741568914956,60,timeout_1h,0.9511294261294261,0.006103633318063704
2026-03-31 16:40:00,2026-03-31 16:41:00,long,82.18,82.68313048609575,0.006122298443608454,0.006103633318063704,0.006103633318063704,0.01305627831156557,82.68313048609575,81.67993108504399,1,take_profit,0.922882326007326,0.006103633318063704
2026-03-31 16:42:00,2026-03-31 16:46:00,long,82.62,82.11725366568915,-0.0060850439882699225,0.006103633318063704,-0.006103633318063847,0.00771645979821093,83.12582429741093,82.11725366568915,4,stop_loss,0.9832532051282051,0.006103633318063704
2026-03-31 16:47:00,2026-03-31 17:03:00,long,82.07,82.57245703326694,0.006122298443608454,0.006103633318063704,0.006103633318063704,0.014395700125209302,82.57245703326694,81.5706004398827,16,take_profit,0.9831158424908425,0.006103633318063704
2026-03-31 17:04:00,2026-03-31 17:14:00,long,82.47,82.97490595264439,0.006122298443608454,0.006103633318063704,0.006103633318063704,0.009533650921565334,82.97490595264439,81.96816642228738,10,take_profit,0.9421436202686203,0.006103633318063704
2026-03-31 17:15:00,2026-03-31 17:36:00,long,83.15,82.64402859237538,-0.0060850439882697005,0.006103633318063704,-0.006103633318063623,0.0013220361278925817,83.65906911558605,82.64402859237538,21,stop_loss,0.9630876068376069,0.006103633318063704
2026-03-31 17:37:00,2026-03-31 18:37:00,long,82.59,82.8,0.002542680711950629,0.006103633318063704,0.0025394535685884004,0.004349408813827784,83.09564062845763,82.0874362170088,60,timeout_1h,0.9511332417582418,0.006103633318063704
2026-04-01 12:46:00,2026-04-01 13:02:00,long,83.16,82.65396774193547,-0.0060850439882698115,0.006103633318063704,-0.006103633318063735,0.002522069432709939,83.66913033857047,82.65396774193547,16,stop_loss,0.9262477106227106,0.006103633318063704
2026-04-01 13:43:00,2026-04-01 14:15:00,long,82.45,82.95478350667553,0.006122298443608454,0.006103633318063704,0.006103633318063704,0.009896291242120008,82.95478350667553,81.94828812316716,32,take_profit,0.9112713675213675,0.006103633318063704
2026-04-01 15:29:00,2026-04-01 16:14:00,long,83.52,83.0117771260997,-0.0060850439882698115,0.006103633318063704,-0.006103633318063735,0.009414357800255868,84.03133436601017,83.0117771260997,45,stop_loss,0.912129884004884,0.006103633318063704
2026-04-01 16:24:00,2026-04-01 16:28:00,long,83.88,84.39353839344987,0.006122298443608454,0.006103633318063704,0.006103633318063704,0.030410326938619683,84.39353839344987,83.36958651026393,4,take_profit,0.906146978021978,0.006103633318063704
2026-04-01 16:29:00,2026-04-01 16:36:00,long,84.31,84.82617098178063,0.006122298443608454,0.006103633318063704,0.006103633318063704,0.025297051037754526,84.82617098178063,83.79696994134898,7,take_profit,0.9305631868131868,0.006103633318063704
2026-04-01 16:37:00,2026-04-01 17:00:00,long,84.91,85.42984436084679,0.006122298443608454,0.006103633318063704,0.006103633318063704,0.01820566096106672,85.42984436084679,84.39331891495601,23,take_profit,0.9500343406593407,0.006103633318063704
2026-04-01 17:01:00,2026-04-01 17:03:00,long,85.61,86.13412996975732,0.006122298443608454,0.006103633318063704,0.006103633318063704,0.009995434217944453,86.13412996975732,85.08905938416422,2,take_profit,0.9350999694749694,0.006103633318063704
2026-04-01 17:04:00,2026-04-01 17:09:00,long,86.47,85.94382624633431,-0.0060850439882698115,0.006103633318063704,-0.006103633318063735,-0.0006941231190309275,86.99939514641882,85.94382624633431,5,stop_loss,0.9802007020757021,0.006103633318063704
2026-04-01 17:10:00,2026-04-01 17:21:00,long,85.93,85.40711217008798,-0.0060850439882698115,0.006103633318063704,-0.006103633318063735,0.0015117160853219392,86.45608910525928,85.40711217008798,11,stop_loss,0.9863934676434677,0.006103633318063704
2026-04-01 17:22:00,2026-04-01 17:25:00,long,85.5,84.97972873900294,-0.0060850439882697005,0.006103633318063704,-0.006103633318063623,-0.0032802278709486207,86.02345651692852,84.97972873900294,3,stop_loss,0.9754693223443224,0.006103633318063704
2026-04-01 17:26:00,2026-04-01 18:02:00,long,84.64,84.12496187683284,-0.0060850439882698115,0.006103633318063704,-0.006103633318063735,0.004126634400545649,85.15819134026702,84.12496187683284,36,stop_loss,0.9834554334554334,0.006103633318063704
2026-04-01 18:03:00,2026-04-01 19:03:00,long,83.99,83.7,-0.0034527919990474665,0.006103633318063704,-0.003458766642106076,0.0034468447984527155,84.50421184627866,83.47891715542521,60,timeout_1h,0.9317612942612943,0.006103633318063704
2026-04-01 20:09:00,2026-04-01 20:31:00,long,83.05,82.5446370967742,-0.0060850439882697005,0.006103633318063704,-0.006103633318063623,0.001684312236492466,83.55845688574168,82.5446370967742,22,stop_loss,0.9177693833943834,0.006103633318063704
2026-04-01 21:39:00,2026-04-01 21:51:00,long,82.24,81.73956598240468,-0.0060850439882698115,0.006103633318063704,-0.006103633318063735,-0.0006081615464463309,82.74349782400236,81.73956598240468,12,stop_loss,0.9190972222222222,0.006103633318063704
2026-04-01 21:52:00,2026-04-01 22:17:00,long,81.52,81.02394721407624,-0.0060850439882698115,0.006103633318063704,-0.006103633318063735,0.004650601944554528,82.01908976912296,81.02394721407624,25,stop_loss,0.9502785409035409,0.006103633318063704
2026-04-01 22:21:00,2026-04-01 23:21:00,long,81.0,81.22,0.002716049382716079,0.006103633318063704,0.0027123675857129957,0.0052946008066013205,81.49590617393228,80.50711143695014,60,timeout_1h,0.9200740231990232,0.006103633318063704
2026-04-02 01:06:00,2026-04-02 01:08:00,long,80.6,81.09345725455483,0.006122298443608454,0.006103633318063704,0.006103633318063704,0.008278295252530833,81.09345725455483,80.10954545454545,2,take_profit,0.9674717643467643,0.006103633318063704
2026-04-02 01:09:00,2026-04-02 01:15:00,long,81.09,80.59656378299121,-0.0060850439882697005,0.006103633318063704,-0.006103633318063623,0.0022172958086473095,81.58645718079221,80.59656378299121,6,stop_loss,0.9740117521367522,0.006103633318063704
2026-04-02 01:16:00,2026-04-02 01:18:00,long,80.43,79.94057991202347,-0.0060850439882698115,0.006103633318063704,-0.006103633318063735,-0.0031131337016166998,80.92241646381943,79.94057991202347,2,stop_loss,0.9891216422466422,0.006103633318063704
2026-04-02 01:19:00,2026-04-02 01:26:00,long,79.92,79.43368328445747,-0.0060850439882699225,0.006103633318063704,-0.006103633318063847,0.003247972874062773,80.40929409161319,79.43368328445747,7,stop_loss,0.9825282356532357,0.006103633318063704
2026-04-02 01:27:00,2026-04-02 01:32:00,long,79.81,79.3243526392962,-0.0060850439882697005,0.006103633318063704,-0.006103633318063623,0.0010018786060329986,80.2986206387844,79.3243526392962,5,stop_loss,0.9862217643467643,0.006103633318063704
2026-04-02 01:33:00,2026-04-02 02:04:00,long,79.37,78.88703005865104,-0.0060850439882697005,0.006103633318063704,-0.006103633318063623,0.0025166742866590637,79.8559268274692,78.88703005865104,31,stop_loss,0.9817918192918192,0.006103633318063704
2026-04-02 02:05:00,2026-04-02 02:21:00,long,78.92,78.43976832844575,-0.0060850439882698115,0.006103633318063704,-0.006103633318063735,0.004298906607874507,79.40317179316958,78.43976832844575,16,stop_loss,0.9285103785103785,0.006103633318063704
2026-04-02 02:22:00,2026-04-02 03:22:00,long,78.68,78.95,0.003431621759023784,0.006103633318063704,0.0034257471807926662,0.0034257471807926662,79.16170244154311,78.20122873900294,60,timeout_1h,0.9353594322344322,0.006103633318063704
2026-04-02 03:44:00,2026-04-02 04:44:00,long,78.87,78.93,0.0007607455306199995,0.006103633318063704,0.0007604563104115124,0.0031647599045570326,79.3528656782474,78.39007258064517,60,timeout_1h,0.9197268009768009,0.006103633318063704
2026-04-02 13:16:00,2026-04-02 13:33:00,long,77.59,77.11786143695015,-0.0060850439882698115,0.006103633318063704,-0.006103633318063735,0.006679536716347901,78.06502913623959,77.11786143695015,17,stop_loss,0.9034798534798535,0.006103633318063704
2026-04-02 13:36:00,2026-04-02 13:49:00,long,76.79,77.2601312974847,0.006122298443608454,0.006103633318063704,0.006103633318063704,0.033801707302588566,77.2601312974847,76.32272947214076,13,take_profit,0.9616147741147741,0.006103633318063704
2026-04-02 13:50:00,2026-04-02 13:58:00,long,77.31,77.78331489267538,0.006122298443608454,0.006103633318063704,0.006103633318063704,0.027430437054069397,77.78331489267538,76.83956524926687,8,take_profit,0.9093978937728938,0.006103633318063704
2026-04-02 13:59:00,2026-04-02 14:16:00,long,77.69,78.16564136608393,0.006122298443608454,0.006103633318063704,0.006103633318063704,0.022527201424123417,78.16564136608393,77.21725293255132,17,take_profit,0.9128815628815629,0.006103633318063704
2026-04-02 14:23:00,2026-04-02 14:33:00,long,78.36,78.83974330604116,0.006122298443608454,0.006103633318063704,0.006103633318063704,0.013940157310112822,78.83974330604116,77.88317595307917,10,take_profit,0.9263125763125764,0.006103633318063704
2026-04-02 14:34:00,2026-04-02 14:36:00,long,78.98,79.4635391310762,0.006122298443608454,0.006103633318063704,0.006103633318063704,0.006059094527949454,79.4635391310762,78.49940322580646,2,take_profit,0.9573489010989011,0.006103633318063704
2026-04-02 14:37:00,2026-04-02 14:49:00,long,79.25,78.76776026392962,-0.0060850439882698115,0.006103633318063704,-0.006103633318063735,0.002646337629062792,79.73519215165597,78.76776026392962,12,stop_loss,0.9759691697191697,0.006103633318063704
2026-04-02 14:50:00,2026-04-02 14:56:00,long,78.84,79.3226820092941,0.006122298443608454,0.006103633318063704,0.006103633318063704,0.005439264564544944,79.3226820092941,78.3602551319648,6,take_profit,0.9730006105006105,0.006103633318063704
2026-04-02 14:57:00,2026-04-02 15:16:00,long,79.24,78.75782111436949,-0.0060850439882698115,0.006103633318063704,-0.006103633318063735,0.0002523659319389631,79.72513092867153,78.75782111436949,19,stop_loss,0.9447229853479854,0.006103633318063704
2026-04-02 15:20:00,2026-04-02 15:37:00,long,78.55,79.03090654274544,0.006122298443608454,0.006103633318063704,0.006103633318063704,0.007735756032734755,79.03090654274544,78.0720197947214,17,take_profit,0.9114201770451771,0.006103633318063704
2026-04-02 15:38:00,2026-04-02 16:37:00,long,79.03,79.51384524599838,0.006122298443608454,0.006103633318063704,0.006103633318063704,0.005174492520033144,79.51384524599838,78.54909897360704,59,take_profit,0.9130265567765568,0.006103633318063704
2026-04-02 16:41:00,2026-04-02 17:02:00,long,79.43,78.94666495601173,-0.0060850439882699225,0.006103633318063704,-0.006103633318063847,0.003518917794790967,79.91629416537583,78.94666495601173,21,stop_loss,0.9040407509157509,0.006103633318063704
2026-04-03 12:51:00,2026-04-03 13:51:00,long,79.29,79.27,-0.000252238617732492,0.006103633318063704,-0.0002522704352431456,0.002267574667780339,79.77543704359373,78.80751686217009,60,timeout_1h,0.9179906898656899,0.006103633318063704
2026-04-04 15:05:00,2026-04-04 15:06:00,long,80.7,81.19406948439921,0.006122298443608454,0.006103633318063704,0.006103633318063704,0.00753043494384297,81.19406948439921,80.20893695014662,1,take_profit,0.9524801587301587,0.006103633318063704
2026-04-04 15:07:00,2026-04-04 15:25:00,long,81.31,80.81522507331378,-0.0060850439882698115,0.006103633318063704,-0.006103633318063735,-0.00036902638957439575,81.8078040864498,80.81522507331378,18,stop_loss,0.9649954212454213,0.006103633318063704
2026-04-04 15:26:00,2026-04-04 16:26:00,long,80.83,81.14,0.0038352096993690132,0.006103633318063704,0.0038278740325481445,0.0039511102148472805,81.32486538319687,80.33814589442815,60,timeout_1h,0.9051739926739927,0.006103633318063704
2026-04-05 15:27:00,2026-04-05 16:27:00,long,79.84,79.61,-0.0028807615230461714,0.006103633318063704,-0.002884918902721791,0.0036256837867706124,80.3288043077377,79.35417008797654,60,timeout_1h,0.9002022283272283,0.006103633318063704
2026-04-05 22:46:00,2026-04-05 23:08:00,long,80.38,80.87211034889724,0.006122298443608454,0.006103633318063704,0.006103633318063704,0.01958793764388436,80.87211034889724,79.89088416422287,22,take_profit,0.9072535103785104,0.006103633318063704
2026-04-05 23:09:00,2026-04-05 23:15:00,long,80.73,81.22425315335252,0.006122298443608454,0.006103633318063704,0.006103633318063704,0.02398842232715107,81.22425315335252,80.23875439882698,6,take_profit,0.9066353785103786,0.006103633318063704
2026-04-05 23:16:00,2026-04-06 00:00:00,long,81.63,82.12976322195175,0.006122298443608454,0.006103633318063704,0.006103633318063704,0.012901834270810637,82.12976322195175,81.13327785923754,44,take_profit,0.9457379426129426,0.006103633318063704
2026-04-06 00:01:00,2026-04-06 00:02:00,long,82.69,82.18682771260997,-0.0060850439882698115,0.006103633318063704,-0.006103633318063735,0.002295102777097488,83.19625285830197,82.18682771260997,1,stop_loss,0.9121565934065934,0.006103633318063704
2026-04-06 00:03:00,2026-04-06 00:30:00,long,82.3,82.80386516190897,0.006122298443608454,0.006103633318063704,0.006103633318063704,0.007022670828148853,82.80386516190897,81.7992008797654,27,take_profit,0.9811011904761905,0.006103633318063704
2026-04-06 00:31:00,2026-04-06 00:54:00,long,82.86,82.35579325513196,-0.0060850439882699225,0.006103633318063704,-0.006103633318063847,-0.00012069277668394206,83.36729364903739,82.35579325513196,23,stop_loss,0.9295863858363859,0.006103633318063704
2026-04-06 02:12:00,2026-04-06 03:12:00,long,82.65,82.26,-0.004718693284936459,0.006103633318063704,-0.004729861464755142,0.0004838514670419553,83.15600796636424,82.14707111436951,60,timeout_1h,0.93935057997558,0.006103633318063704
2026-04-06 09:25:00,2026-04-06 10:25:00,long,82.57,82.51,-0.0007266561705218111,0.006103633318063704,-0.0007269203130851904,0.0018149923307817677,83.07551818248875,82.06755791788855,60,timeout_1h,0.9012553418803418,0.006103633318063704
2026-04-06 14:40:00,2026-04-06 15:40:00,long,81.95,82.04,0.001098230628431951,0.006103633318063704,0.0010976280143411505,0.0032892762798936016,82.45172235745372,81.45133064516129,60,timeout_1h,0.9240728021978022,0.006103633318063704
2026-04-06 23:02:00,2026-04-07 00:02:00,long,79.86,79.93,0.0008765339343852485,0.006103633318063704,0.0008761500028524819,0.0037495357014793104,80.34892675370656,79.37404838709678,60,timeout_1h,0.9378434065934066,0.006103633318063704
2026-04-07 17:37:00,2026-04-07 17:40:00,long,80.5,80.01015395894429,-0.0060850439882697005,0.006103633318063704,-0.006103633318063623,-0.0024875634718017465,80.99284502471048,80.01015395894429,3,stop_loss,0.9807844932844932,0.006103633318063704
2026-04-07 17:41:00,2026-04-07 18:41:00,long,80.12,79.76,-0.004493260109835195,0.006103633318063704,-0.0045033851440345616,0.0004991265389369735,80.61051855130191,79.63246627565982,60,timeout_1h,0.9913003663003663,0.006103633318063704
2026-04-07 19:17:00,2026-04-07 19:45:00,long,80.76,81.25443682230582,0.006122298443608454,0.006103633318063704,0.006103633318063704,0.016456223013745733,81.25443682230582,80.26857184750733,28,take_profit,0.9313453907203907,0.006103633318063704
2026-04-07 19:46:00,2026-04-07 20:01:00,long,81.52,82.01908976912296,0.006122298443608454,0.006103633318063704,0.006103633318063704,0.008793412792385515,82.01908976912296,81.02394721407624,15,take_profit,0.9746527777777778,0.006103633318063704
2026-04-07 20:02:00,2026-04-07 21:02:00,long,82.04,81.98,-0.0007313505607021709,0.006103633318063704,-0.0007316181279884344,0.0024348685026749934,82.54227336431364,81.54078299120235,60,timeout_1h,0.9509004884004884,0.006103633318063704
2026-04-07 21:12:00,2026-04-07 21:17:00,long,83.11,82.60427199413489,-0.0060850439882699225,0.006103633318063704,-0.006103633318063847,0.004801353600203199,83.6188242236483,82.60427199413489,5,stop_loss,0.9680937118437118,0.006103633318063704
2026-04-07 21:18:00,2026-04-07 21:45:00,long,82.49,82.99502839861326,0.006122298443608454,0.006103633318063704,0.006103633318063704,0.013007530140704378,82.99502839861326,81.98804472140762,27,take_profit,0.9559943528693529,0.006103633318063704
2026-04-07 21:46:00,2026-04-07 22:06:00,long,82.99,83.49808954783506,0.006122298443608454,0.006103633318063704,0.006103633318063704,0.02051353983310303,83.49808954783506,82.48500219941349,20,take_profit,0.9038041819291819,0.006103633318063704
2026-04-07 22:07:00,2026-04-07 22:32:00,long,83.42,83.93072213616581,0.006122298443608454,0.006103633318063704,0.006103633318063704,0.026264374952682943,83.93072213616581,82.91238563049853,25,take_profit,0.9517742673992674,0.006103633318063704
2026-04-07 22:33:00,2026-04-07 22:36:00,long,84.02,84.53439551523198,0.006122298443608454,0.006103633318063704,0.006103633318063704,0.03416335981940994,84.53439551523198,83.50873460410557,3,take_profit,0.9416094322344323,0.006103633318063704
2026-04-07 22:37:00,2026-04-07 22:41:00,long,84.71,84.19453592375366,-0.0060850439882698115,0.006103633318063704,-0.006103633318063735,0.02598456711718648,85.22861990115807,84.19453592375366,4,stop_loss,0.9719703907203907,0.006103633318063704
2026-04-07 22:42:00,2026-04-07 22:52:00,long,83.95,84.46396695434093,0.006122298443608454,0.006103633318063704,0.006103633318063704,0.03499684203709615,84.46396695434093,83.43916055718475,10,take_profit,0.9913919413919414,0.006103633318063704
2026-04-07 22:53:00,2026-04-07 22:59:00,long,84.55,85.0676403334071,0.006122298443608454,0.006103633318063704,0.006103633318063704,0.02787515021605661,85.0676403334071,84.03550953079178,6,take_profit,0.9520032051282051,0.006103633318063704
2026-04-07 23:00:00,2026-04-07 23:21:00,long,85.53,86.05364018588183,0.006122298443608454,0.006103633318063704,0.006103633318063704,0.016351033967955605,86.05364018588183,85.00954618768328,21,take_profit,0.9776442307692308,0.006103633318063704
2026-04-07 23:22:00,2026-04-07 23:29:00,long,86.01,86.53657888913477,0.006122298443608454,0.006103633318063704,0.006103633318063704,0.010754656997257668,86.53657888913477,85.48662536656892,7,take_profit,0.9747290903540904,0.006103633318063704
2026-04-07 23:30:00,2026-04-07 23:36:00,long,86.64,86.1127917888563,-0.0060850439882699225,0.006103633318063704,-0.006103633318063847,-0.0008082674650528441,87.17043593715424,86.1127917888563,6,stop_loss,0.9863324175824176,0.006103633318063704
2026-04-07 23:37:00,2026-04-07 23:54:00,long,86.13,85.60589516129032,-0.0060850439882698115,0.006103633318063704,-0.006103633318063735,0.0006963788582257252,86.657313564948,85.60589516129032,17,stop_loss,0.9919223137973138,0.006103633318063704
2026-04-07 23:55:00,2026-04-08 00:22:00,long,85.58,85.05924193548387,-0.0060850439882698115,0.006103633318063704,-0.006103633318063735,0.0031499763548137752,86.10394630080401,85.05924193548387,27,stop_loss,0.9862103174603175,0.006103633318063704
2026-04-08 00:23:00,2026-04-08 00:35:00,long,85.0,84.48277126099707,-0.0060850439882698115,0.006103633318063704,-0.006103633318063735,0.0008231904974764724,85.52039536770671,84.48277126099707,12,stop_loss,0.939556623931624,0.006103633318063704
2026-04-08 00:36:00,2026-04-08 01:36:00,long,84.48,84.57,0.0010653409090908283,0.006103633318063704,0.0010647738361794492,0.005430304927173693,84.99721177251605,83.96593548387096,60,timeout_1h,0.912099358974359,0.006103633318063704
2026-04-08 14:20:00,2026-04-08 14:32:00,long,83.54,83.03165542521995,-0.0060850439882697005,0.006103633318063704,-0.006103633318063623,0.0005983366420354336,84.05145681197905,83.03165542521995,12,stop_loss,0.9049412393162393,0.006103633318063704
2026-04-08 14:36:00,2026-04-08 15:35:00,long,82.78,83.28680386516191,0.006122298443608454,0.006103633318063704,0.006103633318063704,0.0057817554462430785,83.28680386516191,82.27628005865103,59,take_profit,0.9183608058608058,0.006103633318063704
2026-04-08 17:37:00,2026-04-08 18:19:00,long,83.84,83.32982991202346,-0.0060850439882699225,0.006103633318063704,-0.006103633318063847,0.0016684546833152882,84.35329350151214,83.32982991202346,42,stop_loss,0.9046016483516484,0.006103633318063704
2026-04-09 15:17:00,2026-04-09 15:33:00,long,82.45,82.95478350667553,0.006122298443608454,0.006103633318063704,0.006103633318063704,0.020290029156766847,82.95478350667553,81.94828812316716,16,take_profit,0.9025412087912088,0.006103633318063704
2026-04-09 15:34:00,2026-04-09 15:48:00,long,83.23,83.73955889946154,0.006122298443608454,0.006103633318063704,0.006103633318063704,0.01087421840437109,83.73955889946154,82.72354178885631,14,take_profit,0.9050633394383394,0.006103633318063704
2026-04-09 15:49:00,2026-04-09 16:00:00,long,83.43,83.94078335915026,0.006122298443608454,0.006103633318063704,0.006103633318063704,0.008474121248391626,83.94078335915026,82.92232478005866,11,take_profit,0.949793956043956,0.006103633318063704
2026-04-09 16:01:00,2026-04-09 16:33:00,long,83.89,83.37952565982404,-0.0060850439882699225,0.006103633318063704,-0.006103633318063847,0.002975661304171663,84.40359961643432,83.37952565982404,32,stop_loss,0.9584516178266178,0.006103633318063704
2026-04-09 17:01:00,2026-04-09 17:38:00,long,83.94,84.45390573135649,0.006122298443608454,0.006103633318063704,0.006103633318063704,0.008068387386476654,84.45390573135649,83.42922140762462,37,take_profit,0.9099168192918193,0.006103633318063704
2026-04-09 17:39:00,2026-04-09 18:14:00,long,84.45,83.93611803519062,-0.0060850439882698115,0.006103633318063704,-0.006103633318063735,0.00201100203811246,84.96702810356274,83.93611803519062,35,stop_loss,0.9203869047619048,0.006103633318063704
2026-04-09 22:18:00,2026-04-09 22:25:00,long,85.53,85.00954618768328,-0.0060850439882698115,0.006103633318063704,-0.006103633318063735,-0.0017553102628743897,86.05364018588183,85.00954618768328,7,stop_loss,0.9681394993894994,0.006103633318063704
2026-04-09 22:26:00,2026-04-09 22:40:00,long,84.94,84.42313636363636,-0.0060850439882698115,0.006103633318063704,-0.006103633318063735,0.000706131605191405,85.4600280298001,84.42313636363636,14,stop_loss,0.9662889194139194,0.006103633318063704
2026-04-09 22:41:00,2026-04-09 23:00:00,long,84.39,83.87648313782991,-0.0060850439882698115,0.006103633318063704,-0.006103633318063735,0.001539281577980818,84.90666076565611,83.87648313782991,19,stop_loss,0.9119734432234432,0.006103633318063704
2026-04-09 23:17:00,2026-04-09 23:33:00,long,83.68,83.1708035190616,-0.0060850439882698115,0.006103633318063704,-0.006103633318063735,0.0005973358997276068,84.19231393376116,83.1708035190616,16,stop_loss,0.9106570512820513,0.006103633318063704
2026-04-10 14:21:00,2026-04-10 15:21:00,long,84.94,85.12,0.0021191429244173943,0.006103633318063704,0.002116900708209309,0.003525682345291329,85.4600280298001,84.42313636363636,60,timeout_1h,0.9045367826617826,0.006103633318063704
2026-04-10 15:27:00,2026-04-10 15:48:00,long,84.93,84.41319721407625,-0.0060850439882698115,0.006103633318063704,-0.006103633318063735,-0.000353294474616286,85.44996680681567,84.41319721407625,21,stop_loss,0.907802960927961,0.006103633318063704
2026-04-11 18:40:00,2026-04-11 19:30:00,long,85.45,85.97315040200634,0.006122298443608454,0.006103633318063704,0.006103633318063704,0.007926373239482356,85.97315040200634,84.93003299120235,50,take_profit,0.921001221001221,0.006103633318063704
2026-04-12 01:36:00,2026-04-12 01:43:00,long,83.4,82.8925073313783,-0.0060850439882699225,0.006103633318063704,-0.006103633318063847,0.002155947655068113,83.91059969019695,82.8925073313783,7,stop_loss,0.9293803418803419,0.006103633318063704
2026-04-12 01:44:00,2026-04-12 01:45:00,long,82.79,82.28621920821115,-0.0060850439882698115,0.006103633318063704,-0.006103633318063735,0.0003622969667065451,83.29686508814635,82.28621920821115,1,stop_loss,0.9721802503052503,0.006103633318063704
2026-04-12 01:46:00,2026-04-12 02:04:00,long,82.46,81.95822727272727,-0.0060850439882697005,0.006103633318063704,-0.006103633318063623,0.00435625083866719,82.96484472965994,81.95822727272727,18,stop_loss,0.9851915445665446,0.006103633318063704
2026-04-12 02:05:00,2026-04-12 02:13:00,long,82.07,82.57245703326694,0.006122298443608454,0.006103633318063704,0.006103633318063704,0.009097036475800992,82.57245703326694,81.5706004398827,8,take_profit,0.9552884615384616,0.006103633318063704
2026-04-12 02:14:00,2026-04-12 03:14:00,long,82.52,82.6,0.0009694619486184664,0.006103633318063704,0.0009689923238812569,0.0036288899143701553,83.02521206756657,82.01786217008797,60,timeout_1h,0.9320322039072039,0.006103633318063704
2026-04-12 22:07:00,2026-04-12 22:18:00,long,82.25,81.74950513196481,-0.0060850439882698115,0.006103633318063704,-0.006103633318063735,-0.00012158793862636566,82.7535590469868,81.74950513196481,11,stop_loss,0.9052999084249084,0.006103633318063704
2026-04-12 22:20:00,2026-04-12 23:20:00,long,81.65,81.47,-0.002204531537048471,0.006103633318063704,-0.0022069650939238058,0.003789503954224728,82.14988566792064,81.15315615835777,60,timeout_1h,0.923324938949939,0.006103633318063704
2026-04-13 13:49:00,2026-04-13 13:53:00,long,83.52,83.0117771260997,-0.0060850439882698115,0.006103633318063704,-0.006103633318063735,0.001435750426104194,84.03133436601017,83.0117771260997,4,stop_loss,0.9545673076923077,0.006103633318063704
2026-04-13 13:54:00,2026-04-13 14:23:00,long,83.31,82.80305498533724,-0.0060850439882698115,0.006103633318063704,-0.006103633318063735,0.003953284573614921,83.82004868333702,82.80305498533724,29,stop_loss,0.980334249084249,0.006103633318063704
2026-04-13 14:24:00,2026-04-13 14:46:00,long,83.01,83.51821199380394,0.006122298443608454,0.006103633318063704,0.006103633318063704,0.00863625374939626,83.51821199380394,82.50488049853372,22,take_profit,0.9180364774114774,0.006103633318063704
2026-04-13 14:52:00,2026-04-13 14:58:00,long,83.19,83.69931400752378,0.006122298443608454,0.006103633318063704,0.006103633318063704,0.006470187920544191,83.69931400752378,82.68378519061584,6,take_profit,0.9148656898656898,0.006103633318063704
2026-04-13 14:59:00,2026-04-13 15:04:00,long,83.73,83.22049926686218,-0.0060850439882698115,0.006103633318063704,-0.006103633318063735,-0.001075461655907695,84.24262004868334,83.22049926686218,5,stop_loss,0.9053571428571429,0.006103633318063704
2026-04-13 22:15:00,2026-04-13 22:16:00,long,84.98,85.50027292173785,0.006122298443608454,0.006103633318063704,0.006103633318063704,0.016571741123344398,85.50027292173785,84.46289296187683,1,take_profit,0.9292773199023199,0.006103633318063704
2026-04-13 22:17:00,2026-04-13 22:30:00,long,85.39,85.91278306409973,0.006122298443608454,0.006103633318063704,0.006103633318063704,0.011758677890495116,85.91278306409973,84.87039809384164,13,take_profit,0.973519536019536,0.006103633318063704
2026-04-13 22:31:00,2026-04-13 22:55:00,long,85.93,86.45608910525928,0.006122298443608454,0.006103633318063704,0.006103633318063704,0.009497407501836842,86.45608910525928,85.40711217008798,24,take_profit,0.9679181929181929,0.006103633318063704
2026-04-13 22:56:00,2026-04-13 23:56:00,long,86.28,86.66,0.004404265183124645,0.006103633318063704,0.004394594790807653,0.005432597306012926,86.80823190971454,85.75498240469209,60,timeout_1h,0.9508241758241758,0.006103633318063704
2026-04-14 13:50:00,2026-04-14 14:30:00,long,86.95,87.48233384967176,0.006122298443608454,0.006103633318063704,0.006103633318063704,0.006305552563276647,87.48233384967176,86.42090542521994,40,take_profit,0.9136637667887668,0.006103633318063704
2026-04-14 14:31:00,2026-04-14 14:34:00,long,87.45,86.91786290322581,-0.0060850439882698115,0.006103633318063704,-0.006103633318063735,0.00011434452016344166,87.98539499889357,86.91786290322581,3,stop_loss,0.9195131257631257,0.006103633318063704
2026-04-14 14:35:00,2026-04-14 14:38:00,long,87.09,86.56005351906158,-0.0060850439882698115,0.006103633318063704,-0.006103633318063735,-0.0009190121267151638,87.62319097145387,86.56005351906158,3,stop_loss,0.9500839438339438,0.006103633318063704
2026-04-14 14:39:00,2026-04-14 14:59:00,long,86.56,86.03327859237537,-0.0060850439882698115,0.006103633318063704,-0.006103633318063735,-0.0012716029688719134,87.08994615327875,86.03327859237537,20,stop_loss,0.9648008241758241,0.006103633318063704
2026-04-14 15:00:00,2026-04-14 15:09:00,long,85.8,85.27790322580644,-0.0060850439882699225,0.006103633318063704,-0.006103633318063847,0.004187026354216453,86.32529320646161,85.27790322580644,9,stop_loss,0.9524114774114774,0.006103633318063704
2026-04-14 15:10:00,2026-04-14 15:41:00,long,85.5,86.02345651692852,0.006122298443608454,0.006103633318063704,0.006103633318063704,0.007689656905418571,86.02345651692852,84.97972873900294,31,take_profit,0.9198565323565323,0.006103633318063704
2026-04-15 14:17:00,2026-04-15 15:17:00,long,84.05,84.2,0.0017846519928614857,0.006103633318063704,0.0017830613936565222,0.004510928826784017,84.56457918418529,83.53855205278592,60,timeout_1h,0.9049297924297924,0.006103633318063704
2026-04-16 13:53:00,2026-04-16 13:54:00,long,84.43,83.91623973607038,-0.0060850439882699225,0.006103633318063704,-0.006103633318063847,0.013411965748554647,84.94690565759387,83.91623973607038,1,stop_loss,0.9591956654456655,0.006103633318063704
2026-04-16 13:55:00,2026-04-16 14:45:00,long,84.39,84.90666076565611,0.006122298443608454,0.006103633318063704,0.006103633318063704,0.013885843260088168,84.90666076565611,83.87648313782991,50,take_profit,0.9736568986568986,0.006103633318063704
2026-04-16 14:46:00,2026-04-16 14:50:00,long,84.92,85.43990558383123,0.006122298443608454,0.006103633318063704,0.006103633318063704,0.024658146272577296,85.43990558383123,84.40325806451612,4,take_profit,0.9150755494505495,0.006103633318063704
2026-04-16 14:51:00,2026-04-16 15:09:00,long,85.57,86.09388507781956,0.006122298443608454,0.006103633318063704,0.006103633318063704,0.017033028677669117,86.09388507781956,85.04930278592374,18,take_profit,0.9364697802197802,0.006103633318063704
2026-04-16 15:10:00,2026-04-16 15:37:00,long,86.13,86.657313564948,0.006122298443608454,0.006103633318063704,0.006103633318063704,0.010510000306550442,86.657313564948,85.60589516129032,27,take_profit,0.9508508852258852,0.006103633318063704
2026-04-16 15:38:00,2026-04-16 16:24:00,long,86.83,86.30163563049852,-0.0060850439882699225,0.006103633318063704,-0.006103633318063847,0.0013810567277384009,87.36159917385852,86.30163563049852,46,stop_loss,0.9510340354090354,0.006103633318063704
2026-04-16 16:34:00,2026-04-16 16:52:00,long,86.36,85.83449560117302,-0.0060850439882698115,0.006103633318063704,-0.006103633318063735,0.0019665689720408473,86.88872169359003,85.83449560117302,18,stop_loss,0.9220047313797314,0.006103633318063704
2026-04-16 16:55:00,2026-04-16 17:43:00,long,85.77,86.2951095375083,0.006122298443608454,0.006103633318063704,0.006103633318063704,0.010553881665828213,86.2951095375083,85.2480857771261,48,take_profit,0.9114621489621489,0.006103633318063704
2026-04-16 17:53:00,2026-04-16 18:18:00,long,86.68,87.21068082909198,0.006122298443608454,0.006103633318063704,0.006103633318063704,0.024276079602254273,87.21068082909198,86.15254838709679,25,take_profit,0.908058608058608,0.006103633318063704
2026-04-16 18:19:00,2026-04-16 18:45:00,long,87.52,88.05582355978461,0.006122298443608454,0.006103633318063704,0.006103633318063704,0.016656665195099864,88.05582355978461,86.98743695014662,26,take_profit,0.9084325396825397,0.006103633318063704
2026-04-16 18:46:00,2026-04-16 18:53:00,long,88.26,88.80035406063288,0.006122298443608454,0.006103633318063704,0.006103633318063704,0.018077177828880815,88.80035406063288,87.7229340175953,7,take_profit,0.9189293345543346,0.006103633318063704
2026-04-16 18:54:00,2026-04-16 19:25:00,long,88.76,89.30341520985469,0.006122298443608454,0.006103633318063704,0.006103633318063704,0.014206850055992117,89.30341520985469,88.21989149560117,31,take_profit,0.9661134004884004,0.006103633318063704
2026-04-16 19:26:00,2026-04-16 19:32:00,long,89.07,89.6153131223722,0.006122298443608454,0.006103633318063704,0.006103633318063704,0.01393634239762845,89.6153131223722,88.5280051319648,6,take_profit,0.9246375152625153,0.006103633318063704
2026-04-16 19:33:00,2026-04-16 19:42:00,long,89.35,89.89702736593641,0.006122298443608454,0.006103633318063704,0.006103633318063704,0.010797678235969544,89.89702736593641,88.80630131964809,9,take_profit,0.9497557997557997,0.006103633318063704
2026-04-16 19:43:00,2026-04-16 20:00:00,long,89.87,90.4202109611271,0.006122298443608454,0.006103633318063704,0.006103633318063704,0.004994738171124423,90.4202109611271,89.32313709677419,17,take_profit,0.914041514041514,0.006103633318063704
2026-04-16 20:01:00,2026-04-16 20:20:00,long,90.21,89.66106818181818,-0.0060850439882697005,0.006103633318063704,-0.006103633318063623,0.0012186341728592604,90.76229254259792,89.66106818181818,19,stop_loss,0.9011561355311355,0.006103633318063704
2026-04-16 21:25:00,2026-04-16 22:25:00,long,88.92,89.03,0.0012370670265406947,0.006103633318063704,0.001236302489583967,0.00527173000376531,89.46439477760566,88.37891788856305,60,timeout_1h,0.9000496031746031,0.006103633318063704
2026-04-17 09:31:00,2026-04-17 09:34:00,long,88.86,88.31928299120234,-0.0060850439882698115,0.006103633318063704,-0.006103633318063735,-0.0023660649875455017,89.40402743969905,88.31928299120234,3,stop_loss,0.9213942307692308,0.006103633318063704
2026-04-17 09:35:00,2026-04-17 10:28:00,long,88.37,87.8322646627566,-0.0060850439882698115,0.006103633318063704,-0.006103633318063735,0.0031634869903038225,88.91102751346169,87.8322646627566,53,stop_loss,0.9596802503052503,0.006103633318063704
2026-04-17 13:11:00,2026-04-17 13:20:00,long,89.5,90.04794571070296,0.006122298443608454,0.006103633318063704,0.006103633318063704,0.009563066318992812,90.04794571070296,88.95538856304985,9,take_profit,0.9354624542124542,0.006103633318063704
2026-04-17 13:21:00,2026-04-17 13:28:00,long,89.99,89.4424068914956,-0.0060850439882698115,0.006103633318063704,-0.006103633318063735,0.004103138553945433,90.54094563694032,89.4424068914956,7,stop_loss,0.9425518925518925,0.006103633318063704
2026-04-17 13:29:00,2026-04-17 13:30:00,long,89.53,88.9852060117302,-0.0060850439882699225,0.006103633318063704,-0.006103633318063847,0.006679307922253649,90.07812937965626,88.9852060117302,1,stop_loss,0.9719169719169719,0.006103633318063704
2026-04-17 13:31:00,2026-04-17 13:35:00,long,88.89,89.43421110865236,0.006122298443608454,0.006103633318063704,0.006103633318063704,0.01385342231473469,89.43421110865236,88.34910043988269,4,take_profit,0.9837797619047619,0.006103633318063704
2026-04-17 13:36:00,2026-04-17 13:51:00,long,89.46,90.0077008187652,0.006122298443608454,0.006103633318063704,0.006103633318063704,0.008348687663845413,90.0077008187652,88.91563196480938,15,take_profit,0.9787011599511599,0.006103633318063704
2026-04-17 13:52:00,2026-04-17 14:41:00,long,89.94,90.49063952201814,0.006122298443608454,0.006103633318063704,0.006103633318063704,0.0075321578964308595,90.49063952201814,89.39271114369501,49,take_profit,0.9796894078144078,0.006103633318063704
2026-04-17 14:42:00,2026-04-17 14:43:00,long,90.53,89.97912096774193,-0.0060850439882698115,0.006103633318063704,-0.006103633318063735,-0.0022116563255968223,91.08425167809987,89.97912096774193,1,stop_loss,0.9343177655677656,0.006103633318063704
2026-04-17 14:44:00,2026-04-17 15:03:00,long,90.09,89.54179838709678,-0.0060850439882698115,0.006103633318063704,-0.006103633318063735,0.002660460498403464,90.6415578667847,89.54179838709678,19,stop_loss,0.9489201770451771,0.006103633318063704
2026-04-17 15:04:00,2026-04-17 16:04:00,long,89.63,90.07,0.004909070623675182,0.006103633318063704,0.0048970604263812115,0.005673931893231894,90.17874160950062,89.08459750733137,60,timeout_1h,0.9270489926739927,0.006103633318063704
2026-04-17 17:25:00,2026-04-17 17:31:00,long,89.17,89.71592535221657,0.006122298443608454,0.006103633318063704,0.006103633318063704,0.007708243495225815,89.71592535221657,88.62739662756599,6,take_profit,0.9024801587301587,0.006103633318063704
2026-04-19 22:15:00,2026-04-19 22:20:00,long,83.78,83.27019501466276,-0.0060850439882698115,0.006103633318063704,-0.006103633318063735,0.0009544262237277732,84.29292616360551,83.27019501466276,5,stop_loss,0.9086996336996337,0.006103633318063704
2026-04-19 22:21:00,2026-04-19 22:32:00,long,83.03,83.53833443977281,0.006122298443608454,0.006103633318063704,0.006103633318063704,0.009946753468677372,83.53833443977281,82.52475879765396,11,take_profit,0.9643124236874236,0.006103633318063704
2026-04-19 22:33:00,2026-04-19 23:33:00,long,83.56,83.48,-0.0009573958831976537,0.006103633318063704,-0.0009578544793649888,0.0035838050542515427,84.07157925794793,83.05153372434017,60,timeout_1h,0.952342796092796,0.006103633318063704
2026-04-20 07:24:00,2026-04-20 07:31:00,long,85.46,84.93997214076245,-0.0060850439882699225,0.006103633318063704,-0.006103633318063847,-0.0008194322963640801,85.98321162499077,84.93997214076245,7,stop_loss,0.9439293345543346,0.006103633318063704
2026-04-20 07:32:00,2026-04-20 07:50:00,long,85.12,84.60204105571847,-0.0060850439882699225,0.006103633318063704,-0.006103633318063847,-0.0009402915596417441,85.64113004351995,84.60204105571847,18,stop_loss,0.911626221001221,0.006103633318063704
2026-04-20 14:24:00,2026-04-20 14:41:00,long,85.57,85.04930278592374,-0.0060850439882698115,0.006103633318063704,-0.006103633318063735,0.0009344703401656639,86.09388507781956,85.04930278592374,17,stop_loss,0.900873778998779,0.006103633318063704
2026-04-20 14:52:00,2026-04-20 15:07:00,long,84.88,84.36350146627565,-0.0060850439882698115,0.006103633318063704,-0.006103633318063735,0.0098476762996486,85.39966069189349,84.36350146627565,15,stop_loss,0.9112370268620269,0.006103633318063704
2026-04-20 15:18:00,2026-04-20 15:26:00,long,85.01,85.53045659069116,0.006122298443608454,0.006103633318063704,0.006103633318063704,0.009483182934111082,85.53045659069116,84.4927104105572,8,take_profit,0.904441391941392,0.006103633318063704
2026-04-20 15:31:00,2026-04-20 16:31:00,long,85.51,85.54,0.000350836159513479,0.006103633318063704,0.00035077463089862256,0.0036187513955145845,86.03351773991297,84.98966788856305,60,timeout_1h,0.9283806471306472,0.006103633318063704
2026-04-21 15:01:00,2026-04-21 16:01:00,long,85.76,86.08,0.003731343283581934,0.006103633318063704,0.0037243990909822727,0.004769391929183481,86.28504831452386,85.23814662756598,60,timeout_1h,0.9029304029304029,0.006103633318063704
2026-04-21 17:20:00,2026-04-21 17:40:00,long,84.96,85.48015047576897,0.006122298443608454,0.006103633318063704,0.006103633318063704,0.0072710534950420685,85.48015047576897,84.4430146627566,20,take_profit,0.9220657814407814,0.006103633318063704
2026-04-21 17:46:00,2026-04-21 18:28:00,long,85.45,84.93003299120235,-0.0060850439882697005,0.006103633318063704,-0.006103633318063623,0.0005849663811146777,85.97315040200634,84.93003299120235,42,stop_loss,0.906177503052503,0.006103633318063704
2026-04-21 19:43:00,2026-04-21 20:09:00,long,84.35,84.86641587371837,0.006122298443608454,0.006103633318063704,0.006103633318063704,0.01599469591881403,84.86641587371837,83.83672653958943,26,take_profit,0.930940934065934,0.006103633318063704
2026-04-21 20:11:00,2026-04-21 21:11:00,long,85.22,85.18,-0.0004693733865288596,0.006103633318063704,-0.00046948357669842147,0.005733356839025399,85.74174227336431,84.70143255131964,60,timeout_1h,0.9226686507936508,0.006103633318063704
2026-04-22 05:26:00,2026-04-22 06:26:00,long,88.0,88.0,0.0,0.006103633318063704,0.0,0.0030634845539348975,88.53876226303754,87.46451612903226,60,timeout_1h,0.9173878205128205,0.006103633318063704
2026-04-22 09:12:00,2026-04-22 10:12:00,long,88.41,88.2,-0.002375296912113911,0.006103633318063704,-0.0023781224049673243,0.0013563922052447562,88.95127240539942,87.87202126099706,60,timeout_1h,0.9053113553113553,0.006103633318063704
2026-04-23 00:20:00,2026-04-23 01:20:00,long,86.71,86.18236583577712,-0.0060850439882698115,0.006103633318063704,-0.006103633318063735,0.003568759903464908,87.24086449804528,86.18236583577712,60,stop_loss,0.9193833943833943,0.006103633318063704
2026-04-23 17:56:00,2026-04-23 18:56:00,long,85.28,85.33,0.000586303939962507,0.006103633318063704,0.0005861321309590828,0.0035116505711363295,85.80210961127094,84.76106744868035,60,timeout_1h,0.9039644383394383,0.006103633318063704
2026-04-27 05:16:00,2026-04-27 05:23:00,long,86.46,85.93388709677419,-0.0060850439882698115,0.006103633318063704,-0.006103633318063735,-0.00011566711018614111,86.98933392343439,85.93388709677419,7,stop_loss,0.9090239621489622,0.006103633318063704
2026-04-27 05:24:00,2026-04-27 05:48:00,long,86.27,85.74504325513196,-0.0060850439882698115,0.006103633318063704,-0.006103633318063735,-0.00023185717701826046,86.7981706867301,85.74504325513196,24,stop_loss,0.9408119658119658,0.006103633318063704
2026-04-27 14:37:00,2026-04-27 14:56:00,long,85.67,85.14869428152493,-0.0060850439882698115,0.006103633318063704,-0.006103633318063735,-0.00011673378872777,86.19449730766394,85.14869428152493,19,stop_loss,0.9023160866910866,0.006103633318063704
2026-04-27 15:19:00,2026-04-27 15:22:00,long,84.15,83.6379435483871,-0.0060850439882698115,0.006103633318063704,-0.006103633318063735,0.0020181641562369737,84.66519141402966,83.6379435483871,3,stop_loss,0.9196123321123321,0.006103633318063704
2026-04-27 15:23:00,2026-04-27 16:18:00,long,83.78,84.29292616360551,0.006122298443608454,0.006103633318063704,0.006103633318063704,0.006424769274163213,84.29292616360551,83.27019501466276,55,take_profit,0.954872557997558,0.006103633318063704
2026-04-29 18:09:00,2026-04-29 18:55:00,long,81.6,82.09957955299845,0.006122298443608454,0.006103633318063704,0.006103633318063704,0.007690937012742873,82.09957955299845,81.10346041055718,46,take_profit,0.9350083943833943,0.006103633318063704
2026-04-29 18:56:00,2026-04-29 19:56:00,long,82.11,82.21,0.0012178784557299593,0.006103633318063704,0.001217137443344486,0.001703577924783829,82.61270192520469,81.61035703812317,60,timeout_1h,0.917906746031746,0.006103633318063704
2026-05-04 01:33:00,2026-05-04 01:55:00,long,84.2,84.71549752895183,0.006122298443608454,0.006103633318063704,0.006103633318063704,0.012041226823484949,84.71549752895183,83.68763929618768,22,take_profit,0.9309485653235653,0.006103633318063704
2026-05-04 01:56:00,2026-05-04 02:00:00,long,84.45,84.96702810356274,0.006122298443608454,0.006103633318063704,0.006103633318063704,0.01247368491405478,84.96702810356274,83.93611803519062,4,take_profit,0.9366758241758242,0.006103633318063704
2026-05-04 02:01:00,2026-05-04 02:36:00,long,84.84,85.35941579995574,0.006122298443608454,0.006103633318063704,0.006103633318063704,0.00786619847138228,85.35941579995574,84.32374486803519,35,take_profit,0.9677846459096459,0.006103633318063704
2026-05-04 02:37:00,2026-05-04 03:37:00,long,85.4,85.26,-0.0016393442622950616,0.006103633318063704,-0.0016406894574598886,0.0016380020042383698,85.92284428708417,84.88033724340177,60,timeout_1h,0.9067994505494505,0.006103633318063704
2026-05-04 10:07:00,2026-05-04 10:19:00,long,83.91,83.39940395894428,-0.0060850439882698115,0.006103633318063704,-0.006103633318063735,0.002499554952521172,84.42372206240319,83.39940395894428,12,stop_loss,0.9403693528693529,0.006103633318063704
2026-05-04 10:20:00,2026-05-04 10:33:00,long,83.39,83.90053846721251,0.006122298443608454,0.006103633318063704,0.006103633318063704,0.008715952735605144,83.90053846721251,82.88256818181819,13,take_profit,0.9260378510378511,0.006103633318063704
2026-05-04 10:35:00,2026-05-04 11:35:00,long,84.07,83.85,-0.0026168668966337627,0.006103633318063704,-0.0026202968779876256,0.000594565687293697,84.58470163015416,83.55843035190615,60,timeout_1h,0.906456043956044,0.006103633318063704
2026-05-04 14:57:00,2026-05-04 15:19:00,long,84.99,84.47283211143694,-0.0060850439882698115,0.006103633318063704,-0.006103633318063735,0.0012934330687936716,85.51033414472228,84.47283211143694,22,stop_loss,0.9132516788766789,0.006103633318063704
2026-05-04 15:22:00,2026-05-04 16:22:00,long,84.27,84.64,0.004390649104070388,0.006103633318063704,0.004381038325727396,0.004381038325727396,84.78592608984287,83.7572133431085,60,timeout_1h,0.9464705433455434,0.006103633318063704
2026-05-06 08:57:00,2026-05-06 09:56:00,long,88.91,89.45433355462123,0.006122298443608454,0.006103633318063704,0.006103633318063704,0.005719748672786909,89.45433355462123,88.36897873900293,59,take_profit,0.9124923687423687,0.006103633318063704
2026-05-06 13:08:00,2026-05-06 13:46:00,long,88.74,88.20001319648094,-0.0060850439882697005,0.006103633318063704,-0.006103633318063623,0.0032626456348163694,89.28329276388581,88.20001319648094,38,stop_loss,0.9447344322344322,0.006103633318063704
2026-05-06 13:47:00,2026-05-06 14:05:00,long,88.22,87.68317741935483,-0.0060850439882698115,0.006103633318063704,-0.006103633318063735,0.0063277047290956415,88.76010916869514,87.68317741935483,18,stop_loss,0.9005876068376069,0.006103633318063704
2026-05-06 14:08:00,2026-05-06 14:26:00,long,87.91,88.44821125617761,0.006122298443608454,0.006103633318063704,0.006103633318063704,0.009847835542801968,88.44821125617761,87.37506378299119,18,take_profit,0.9099893162393162,0.006103633318063704
2026-05-06 14:27:00,2026-05-06 15:27:00,long,88.43,88.75,0.003618681442949079,0.006103633318063704,0.003612149767881288,0.005750706494906621,88.9713948513683,87.89189956011731,60,timeout_1h,0.9063835470085471,0.006103633318063704
2026-05-08 17:31:00,2026-05-08 18:17:00,long,91.49,92.05012908460573,0.006122298443608454,0.006103633318063704,0.006103633318063704,0.00924774038739916,92.05012908460573,90.93327932551318,46,take_profit,0.957123778998779,0.006103633318063704
2026-05-08 18:22:00,2026-05-08 19:22:00,long,92.22,92.54,0.003469963131641718,0.006103633318063704,0.00346395670029403,0.005515018033575118,92.78459836246957,91.65883724340176,60,timeout_1h,0.9172733516483517,0.006103633318063704
2026-05-09 02:00:00,2026-05-09 03:00:00,long,93.48,93.43,-0.0005348737697903339,0.006103633318063704,-0.0005350168657929459,0.0026707990877372595,94.05231245850852,92.91117008797654,60,timeout_1h,0.907093253968254,0.006103633318063704
2026-05-10 19:25:00,2026-05-10 20:13:00,long,96.67,96.08175879765396,-0.0060850439882698115,0.006103633318063704,-0.006103633318063735,0.0016537471469257575,97.26184259054364,96.08175879765396,48,stop_loss,0.9095238095238095,0.006103633318063704
2026-05-10 20:47:00,2026-05-10 20:49:00,long,94.5,93.9249633431085,-0.0060850439882698115,0.006103633318063704,-0.006103633318063735,0.010526412986987603,95.078557202921,93.9249633431085,2,stop_loss,0.9325206043956044,0.006103633318063704
2026-05-10 20:50:00,2026-05-10 20:52:00,long,94.02,94.59561849966806,0.006122298443608454,0.006103633318063704,0.006103633318063704,0.015618721890700118,94.59561849966806,93.44788416422287,2,take_profit,0.9724587912087912,0.006103633318063704
2026-05-10 20:53:00,2026-05-10 21:02:00,long,94.15,94.72641439846574,0.006122298443608454,0.006103633318063704,0.006103633318063704,0.014236992383523144,94.72641439846574,93.5770931085044,9,take_profit,0.9918383699633699,0.006103633318063704
2026-05-10 21:03:00,2026-05-10 21:30:00,long,94.88,95.46088367632956,0.006122298443608454,0.006103633318063704,0.006103633318063704,0.0067227143948767375,95.46088367632956,94.30265102639295,27,take_profit,0.9644039987789987,0.006103633318063704
2026-05-10 21:31:00,2026-05-10 22:27:00,long,95.27,95.85327137272257,0.006122298443608454,0.006103633318063704,0.006103633318063704,0.007112256735020971,95.85327137272257,94.69027785923753,56,take_profit,0.9370077838827838,0.006103633318063704
2026-05-10 22:28:00,2026-05-10 23:00:00,long,95.81,96.39657741388213,0.006122298443608454,0.006103633318063704,0.006103633318063704,0.006450292859511131,96.39657741388213,95.22699193548387,32,take_profit,0.9225618131868132,0.006103633318063704
2026-05-11 14:33:00,2026-05-11 14:53:00,long,94.41,94.98800619606106,0.006122298443608454,0.006103633318063704,0.006103633318063704,0.020132797025107074,94.98800619606106,93.83551099706744,20,take_profit,0.9197077228327228,0.006103633318063704
2026-05-11 15:27:00,2026-05-11 16:07:00,long,96.29,96.87951611713507,0.006122298443608454,0.006103633318063704,0.006103633318063704,0.016684218113787373,96.87951611713507,95.70407111436951,40,take_profit,0.9054906898656898,0.006103633318063704
2026-05-11 16:09:00,2026-05-11 17:02:00,long,97.47,96.87689076246335,-0.0060850439882697005,0.006103633318063704,-0.006103633318063623,0.004504051016861238,98.06674042929852,96.87689076246335,53,stop_loss,0.9335775335775336,0.006103633318063704
2026-05-12 01:42:00,2026-05-12 02:02:00,long,95.84,96.42676108283544,0.006122298443608454,0.006103633318063704,0.006103633318063704,0.008416071287200625,96.42676108283544,95.25680938416423,20,take_profit,0.9397474053724054,0.006103633318063704
2026-05-12 12:40:00,2026-05-12 13:19:00,long,95.47,94.88906085043988,-0.0060850439882698115,0.006103633318063704,-0.006103633318063735,-0.0006286672461872648,96.05449583241129,94.88906085043988,39,stop_loss,0.9079708485958486,0.006103633318063704
2026-05-13 12:38:00,2026-05-13 12:44:00,long,92.37,92.93551670723612,0.006122298443608454,0.006103633318063704,0.006103633318063704,0.010874938938272115,92.93551670723612,91.80792448680353,6,take_profit,0.9820016788766789,0.006103633318063704
2026-05-13 12:45:00,2026-05-13 13:45:00,long,93.01,92.44403005865102,-0.0060850439882699225,0.006103633318063704,-0.006103633318063847,0.003970175288415254,93.57943497824003,92.44403005865102,60,stop_loss,0.9816124847374847,0.006103633318063704
2026-05-13 13:48:00,2026-05-13 14:00:00,long,92.11,91.54950659824047,-0.0060850439882698115,0.006103633318063704,-0.006103633318063735,0.002710469486150394,92.67392490964077,91.54950659824047,12,stop_loss,0.9158386752136752,0.006103633318063704
2026-05-13 14:01:00,2026-05-13 14:27:00,long,91.7,92.2614147672789,0.006122298443608454,0.006103633318063704,0.006103633318063704,0.005871496698384434,92.2614147672789,91.14200146627566,26,take_profit,0.9705204517704518,0.006103633318063704
2026-05-14 16:53:00,2026-05-14 16:59:00,long,92.39,92.95563915320498,0.006122298443608454,0.006103633318063704,0.006103633318063704,0.011942688611987514,92.95563915320498,91.82780278592375,6,take_profit,0.9039300976800977,0.006103633318063704
2026-05-14 17:01:00,2026-05-14 17:17:00,long,93.13,92.56329985337243,-0.0060850439882698115,0.006103633318063704,-0.006103633318063735,0.003965069761074914,93.70016965405325,92.56329985337243,16,stop_loss,0.9012973137973138,0.006103633318063704
2026-05-14 17:48:00,2026-05-14 18:48:00,long,93.18,93.3,0.0012878300064389503,0.006103633318063704,0.0012870014646472398,0.004176712899170733,93.75047576897545,92.61299560117303,60,timeout_1h,0.9019612332112332,0.006103633318063704
2026-05-15 05:38:00,2026-05-15 06:04:00,long,90.39,90.94339455631777,0.006122298443608454,0.006103633318063704,0.006103633318063704,0.005846357174023015,90.94339455631777,89.8399728739003,26,take_profit,0.9032089438339438,0.006103633318063704
2026-05-15 13:39:00,2026-05-15 13:51:00,long,89.26,88.71684897360704,-0.0060850439882698115,0.006103633318063704,-0.006103633318063735,0.002908604802545734,89.8064763590765,88.71684897360704,12,stop_loss,0.9460393772893773,0.006103633318063704
2026-05-15 13:52:00,2026-05-15 13:54:00,long,88.87,89.41408866268348,0.006122298443608454,0.006103633318063704,0.006103633318063704,0.0065051822043443635,89.41408866268348,88.32922214076247,2,take_profit,0.9692727411477412,0.006103633318063704
2026-05-15 13:55:00,2026-05-15 14:00:00,long,89.08,88.53794428152493,-0.0060850439882697005,0.006103633318063704,-0.006103633318063623,0.004144967565561245,89.62537434535663,88.53794428152493,5,stop_loss,0.9715544871794872,0.006103633318063704
2026-05-15 14:01:00,2026-05-15 14:13:00,long,88.76,89.30341520985469,0.006122298443608454,0.006103633318063704,0.006103633318063704,0.007743711890335011,89.30341520985469,88.21989149560117,12,take_profit,0.9471535409035409,0.006103633318063704
2026-05-15 14:14:00,2026-05-15 14:50:00,long,89.31,88.76654472140763,-0.0060850439882698115,0.006103633318063704,-0.006103633318063735,0.001566346258933485,89.85678247399868,88.76654472140763,36,stop_loss,0.927190170940171,0.006103633318063704
2026-05-16 07:16:00,2026-05-16 07:39:00,long,86.95,87.48233384967176,0.006122298443608454,0.006103633318063704,0.006103633318063704,0.008018370566951592,87.48233384967176,86.42090542521994,23,take_profit,0.9387629731379732,0.006103633318063704
2026-05-16 09:18:00,2026-05-16 10:08:00,long,86.12,85.59595601173021,-0.0060850439882698115,0.006103633318063704,-0.006103633318063735,0.0010445077256712992,86.64725234196356,85.59595601173021,50,stop_loss,0.9628586691086691,0.006103633318063704
2026-05-17 23:41:00,2026-05-17 23:42:00,long,83.7,84.21243637973004,0.006122298443608454,0.006103633318063704,0.006103633318063704,0.017997170576336232,84.21243637973004,83.19068181818182,1,take_profit,0.9563377594627595,0.006103633318063704
2026-05-17 23:43:00,2026-05-17 23:49:00,long,84.23,84.74568119790514,0.006122298443608454,0.006103633318063704,0.006103633318063704,0.011684995744493474,84.74568119790514,83.71745674486803,6,take_profit,0.9947954822954823,0.006103633318063704
2026-05-17 23:50:00,2026-05-17 23:53:00,long,84.67,85.18837500922032,0.006122298443608454,0.006103633318063704,0.006103633318063704,0.0064748004175801035,85.18837500922032,84.1547793255132,3,take_profit,0.9944139194139194,0.006103633318063704
2026-05-17 23:54:00,2026-05-18 00:06:00,long,85.14,84.62191935483871,-0.0060850439882698115,0.006103633318063704,-0.006103633318063735,0.0007044734352638377,85.66125248948883,84.62191935483871,12,stop_loss,0.989217032967033,0.006103633318063704
2026-05-18 00:07:00,2026-05-18 00:57:00,long,84.76,85.27892601608026,0.006122298443608454,0.006103633318063704,0.006103633318063704,0.006233480930919724,85.27892601608026,84.24423167155426,50,take_profit,0.9763125763125763,0.006103633318063704
2026-05-18 11:42:00,2026-05-18 12:41:00,long,85.12,85.64113004351995,0.006122298443608454,0.006103633318063704,0.006103633318063704,0.0062071991767946475,85.64113004351995,84.60204105571847,59,take_profit,0.9301205738705739,0.006103633318063704
2026-05-18 13:43:00,2026-05-18 14:02:00,long,84.86,84.34362316715543,-0.0060850439882697005,0.006103633318063704,-0.006103633318063623,0.00023565453154881464,85.3795382459246,84.34362316715543,19,stop_loss,0.9031478937728937,0.006103633318063704
2026-05-18 14:18:00,2026-05-18 15:02:00,long,84.14,83.62800439882697,-0.0060850439882699225,0.006103633318063704,-0.006103633318063847,0.002611277448198987,84.65513019104522,83.62800439882697,44,stop_loss,0.9315094627594628,0.006103633318063704
2026-05-18 19:02:00,2026-05-18 19:52:00,long,84.62,85.13806889429816,0.006122298443608454,0.006103633318063704,0.006103633318063704,0.0065960192031459496,85.13806889429816,84.10508357771262,50,take_profit,0.9262896825396826,0.006103633318063704
2026-05-18 19:53:00,2026-05-18 20:53:00,long,85.03,84.89,-0.0016464777137480402,0.006103633318063704,-0.0016478346478246595,0.003521957150792331,85.55057903666003,84.51258870967742,60,timeout_1h,0.9123740842490843,0.006103633318063704
2026-05-20 14:17:00,2026-05-20 14:30:00,long,85.01,85.53045659069116,0.006122298443608454,0.006103633318063704,0.006103633318063704,0.013901281040379878,85.53045659069116,84.4927104105572,13,take_profit,0.9192574786324786,0.006103633318063704
2026-05-20 14:40:00,2026-05-20 14:53:00,long,85.42,85.94296673305304,0.006122298443608454,0.006103633318063704,0.006103633318063704,0.009089912256327081,85.94296673305304,84.90021554252199,13,take_profit,0.9003663003663004,0.006103633318063704
2026-05-20 14:54:00,2026-05-20 15:05:00,long,86.0,85.47668621700879,-0.0060850439882699225,0.006103633318063704,-0.006103633318063847,0.0023228814161397287,86.52651766615033,85.47668621700879,11,stop_loss,0.9115003052503052,0.006103633318063704
2026-05-20 15:16:00,2026-05-20 16:16:00,long,86.12,86.14,0.00023223409196471145,0.006103633318063704,0.00023220712980225088,0.003361737357145464,86.64725234196356,85.59595601173021,60,timeout_1h,0.9343902625152625,0.006103633318063704
2026-05-20 16:46:00,2026-05-20 17:46:00,long,86.69,86.79,0.0011535355865730512,0.006103633318063704,0.0011528707756045973,0.002764660210424076,87.22074205207642,86.16248753665688,60,timeout_1h,0.9134577228327229,0.006103633318063704
2026-05-21 14:38:00,2026-05-21 14:48:00,long,86.32,85.79473900293254,-0.0060850439882698115,0.006103633318063704,-0.006103633318063735,0.005430086706274419,86.84847680165227,85.79473900293254,10,stop_loss,0.9147359584859585,0.006103633318063704
2026-05-21 14:49:00,2026-05-21 15:13:00,long,85.86,86.38566054436822,0.006122298443608454,0.006103633318063704,0.006103633318063704,0.010773344859738862,86.38566054436822,85.33753812316715,24,take_profit,0.902457264957265,0.006103633318063704
2026-05-21 17:17:00,2026-05-21 17:24:00,long,86.98,87.51251751862507,0.006122298443608454,0.006103633318063704,0.006103633318063704,0.010407825407061476,87.51251751862507,86.45072287390029,7,take_profit,0.900267094017094,0.006103633318063704
2026-05-21 17:25:00,2026-05-21 18:25:00,long,87.7,87.63,-0.0007981755986318229,0.006103633318063704,-0.0007984943103781929,0.00216413319841649,88.23692557350446,87.16634164222874,60,timeout_1h,0.9469246031746031,0.006103633318063704
2026-05-22 18:46:00,2026-05-22 18:56:00,long,84.93,85.44996680681567,0.006122298443608454,0.006103633318063704,0.006103633318063704,0.006572022246224211,85.44996680681567,84.41319721407625,10,take_profit,0.9663003663003663,0.006103633318063704
2026-05-22 18:57:00,2026-05-22 19:29:00,long,85.4,84.88033724340177,-0.0060850439882697005,0.006103633318063704,-0.006103633318063623,0.0010533092436180705,85.92284428708417,84.88033724340177,32,stop_loss,0.93807615995116,0.006103633318063704
2026-05-22 19:31:00,2026-05-22 20:06:00,long,84.32,84.83623220476505,0.006122298443608454,0.006103633318063704,0.006103633318063704,0.007443763324888922,84.83623220476505,83.80690909090909,35,take_profit,0.9610576923076923,0.006103633318063704
2026-05-22 20:07:00,2026-05-22 21:07:00,long,84.95,84.9,-0.0005885815185402432,0.006103633318063704,-0.0005887548006393235,0.0008236748127029346,85.47008925278455,84.43307551319648,60,timeout_1h,0.9053533272283272,0.006103633318063704
2026-05-23 07:47:00,2026-05-23 07:49:00,long,82.83,82.32597580645161,-0.0060850439882698115,0.006103633318063704,-0.006103633318063735,0.0022912280147199433,83.33710998008408,82.32597580645161,2,stop_loss,0.9545138888888889,0.006103633318063704
2026-05-23 07:50:00,2026-05-23 07:51:00,long,81.47,81.96878365420078,0.006122298443608454,0.006103633318063704,0.006103633318063704,0.009771666858288454,81.96878365420078,80.97425146627566,1,take_profit,0.9780296092796092,0.006103633318063704
2026-05-23 07:52:00,2026-05-23 08:52:00,long,81.86,82.0,0.0017102369899828496,0.006103633318063704,0.0017087761999961218,0.004996050116581887,82.36117135059379,81.36187829912024,60,timeout_1h,0.9972413003663003,0.006103633318063704
2026-05-23 20:38:00,2026-05-23 20:55:00,long,86.34,86.86859924762116,0.006122298443608454,0.006103633318063704,0.006103633318063704,0.011744521869263315,86.86859924762116,85.81461730205278,17,take_profit,0.9585775335775336,0.006103633318063704
2026-05-23 20:56:00,2026-05-23 21:00:00,long,86.86,87.39178284281184,0.006122298443608454,0.006103633318063704,0.006103633318063704,0.005739884889918988,87.39178284281184,86.33145307917889,4,take_profit,0.963373778998779,0.006103633318063704
2026-05-23 21:01:00,2026-05-23 21:03:00,long,87.31,86.77871480938417,-0.0060850439882698115,0.006103633318063704,-0.006103633318063735,-0.0035568851681326325,87.84453787711146,86.77871480938417,2,stop_loss,0.9759043040293041,0.006103633318063704
2026-05-23 21:04:00,2026-05-23 21:29:00,long,86.83,86.30163563049852,-0.0060850439882699225,0.006103633318063704,-0.006103633318063847,0.0012660414880923062,87.36159917385852,86.30163563049852,25,stop_loss,0.985855463980464,0.006103633318063704
2026-05-23 21:30:00,2026-05-23 21:36:00,long,86.0,86.52651766615033,0.006122298443608454,0.006103633318063704,0.006103633318063704,0.006143878365139751,86.52651766615033,85.47668621700879,6,take_profit,0.9487103174603174,0.006103633318063704
2026-05-23 21:37:00,2026-05-23 22:31:00,long,86.41,85.8841913489736,-0.0060850439882698115,0.006103633318063704,-0.006103633318063735,0.0012721912315500831,86.93902780851221,85.8841913489736,54,stop_loss,0.911996336996337,0.006103633318063704
2026-05-24 14:17:00,2026-05-24 15:15:00,long,84.81,85.32923213100244,0.006122298443608454,0.006103633318063704,0.006103633318063704,0.005878220546994819,85.32923213100244,84.29392741935484,58,take_profit,0.9529113247863248,0.006103633318063704
2026-05-24 22:10:00,2026-05-24 23:10:00,long,84.9,85.07,0.002002355712602988,0.006103633318063704,0.002000353670491259,0.0043485994366565285,85.41978313786237,84.3833797653959,60,timeout_1h,0.9240422771672772,0.006103633318063704
2026-05-26 10:32:00,2026-05-26 11:32:00,long,85.47,85.45,-0.00023400023400022008,0.006103633318063704,-0.00023402761632670667,0.0031540239919044563,85.99327284797522,84.94991129032258,60,timeout_1h,0.9031936813186813,0.006103633318063704
2026-05-26 14:40:00,2026-05-26 15:31:00,long,85.07,84.55234530791788,-0.0060850439882699225,0.006103633318063704,-0.006103633318063847,0.004105818425527591,85.59082392859776,84.55234530791788,51,stop_loss,0.9204670329670329,0.006103633318063704
2026-05-27 12:23:00,2026-05-27 13:08:00,long,84.19,83.67770014662756,-0.0060850439882698115,0.006103633318063704,-0.006103633318063735,0.0018986596424047078,84.7054363059674,83.67770014662756,45,stop_loss,0.9249732905982906,0.006103633318063704
2026-05-27 21:47:00,2026-05-27 22:04:00,long,82.29,82.79380393892454,0.006122298443608454,0.006103633318063704,0.006103633318063704,0.00738546852362778,82.79380393892454,81.78926173020528,17,take_profit,0.945127442002442,0.006103633318063704
2026-05-27 22:05:00,2026-05-27 22:12:00,long,82.9,82.39554985337244,-0.0060850439882697005,0.006103633318063704,-0.006103633318063623,-0.0006033182686775115,83.40753854097515,82.39554985337244,7,stop_loss,0.9532661782661783,0.006103633318063704
2026-05-27 22:13:00,2026-05-27 23:13:00,long,82.33,82.49,0.0019433985181585012,0.006103633318063704,0.0019415125623055453,0.005088452946837538,82.83404883086229,81.82901832844574,60,timeout_1h,0.9168345543345543,0.006103633318063704
2026-05-28 03:19:00,2026-05-28 03:23:00,long,81.03,81.5260898428856,0.006122298443608454,0.006103633318063704,0.006103633318063704,0.007622362943840343,81.5260898428856,80.5369288856305,4,take_profit,0.9215850122100122,0.006103633318063704
2026-05-28 03:24:00,2026-05-28 03:35:00,long,81.65,81.15315615835777,-0.0060850439882698115,0.006103633318063704,-0.006103633318063735,-0.0009802721039852596,82.14988566792064,81.15315615835777,11,stop_loss,0.9270375457875458,0.006103633318063704
2026-05-28 04:03:00,2026-05-28 04:10:00,long,80.3,80.79162056502176,0.006122298443608454,0.006103633318063704,0.006103633318063704,0.007567804867032373,80.79162056502176,79.81137096774194,7,take_profit,0.9492635836385837,0.006103633318063704
2026-05-28 04:11:00,2026-05-28 04:20:00,long,80.72,80.22881524926686,-0.0060850439882698115,0.006103633318063704,-0.006103633318063735,0.0023510497743947237,81.21419193036807,80.22881524926686,9,stop_loss,0.9147206959706959,0.006103633318063704
2026-05-28 14:11:00,2026-05-28 14:13:00,long,80.25,80.74131445009958,0.006122298443608454,0.006103633318063704,0.006103633318063704,0.0158242886646943,80.74131445009958,79.76167521994135,2,take_profit,0.9153464590964591,0.006103633318063704
2026-05-28 14:14:00,2026-05-28 14:19:00,long,81.08,81.57639595780778,0.006122298443608454,0.006103633318063704,0.006103633318063704,0.005534729091020078,81.57639595780778,80.58662463343109,5,take_profit,0.9503663003663003,0.006103633318063704
2026-05-28 14:20:00,2026-05-28 14:35:00,long,81.34,80.84504252199413,-0.0060850439882699225,0.006103633318063704,-0.006103633318063847,-0.001230163766894632,81.83798775540312,80.84504252199413,15,stop_loss,0.9703563797313798,0.006103633318063704
2026-05-28 14:36:00,2026-05-28 15:36:00,long,80.91,81.04,0.0016067235199606067,0.006103633318063704,0.0016054341206798094,0.004070310892435568,81.40535516707236,80.41765909090908,60,timeout_1h,0.9463484432234432,0.006103633318063704
2026-05-29 14:27:00,2026-05-29 14:51:00,long,80.57,81.06327358560152,0.006122298443608454,0.006103633318063704,0.006103633318063704,0.020880149391734385,81.06327358560152,80.07972800586509,24,take_profit,0.9063911782661783,0.006103633318063704
2026-05-29 14:52:00,2026-05-29 15:08:00,long,81.43,81.92853876226305,0.006122298443608454,0.006103633318063704,0.006103633318063704,0.0210227075107721,81.92853876226305,80.9344948680352,16,take_profit,0.923458485958486,0.006103633318063704
2026-05-29 15:09:00,2026-05-29 15:28:00,long,82.05,82.55233458729808,0.006122298443608454,0.006103633318063704,0.006103633318063704,0.013437645453712187,82.55233458729808,81.55072214076246,19,take_profit,0.9337301587301587,0.006103633318063704
2026-05-29 15:29:00,2026-05-29 15:34:00,long,82.6,83.10570185144205,0.006122298443608454,0.006103633318063704,0.006103633318063704,0.006756782462879907,83.10570185144205,82.09737536656891,5,take_profit,0.9593788156288157,0.006103633318063704
2026-05-29 15:35:00,2026-05-29 15:42:00,long,83.08,82.57445454545454,-0.0060850439882698115,0.006103633318063704,-0.006103633318063735,0.0009624639819005275,83.58864055469499,82.57445454545454,7,stop_loss,0.9654456654456655,0.006103633318063704
2026-05-29 15:43:00,2026-05-29 16:12:00,long,82.31,82.81392638489342,0.006122298443608454,0.006103633318063704,0.006103633318063704,0.008227511625803914,82.81392638489342,81.80914002932552,29,take_profit,0.967002442002442,0.006103633318063704
2026-05-29 16:26:00,2026-05-29 16:32:00,long,82.25,82.7535590469868,0.006122298443608454,0.006103633318063704,0.006103633318063704,0.01052195714549066,82.7535590469868,81.74950513196481,6,take_profit,0.9058340964590964,0.006103633318063704
2026-05-29 16:36:00,2026-05-29 17:36:00,long,82.92,83.11,0.002291365171249282,0.006103633318063704,0.0022887439973560252,0.0026496462569125514,83.42766098694402,82.41542815249267,60,timeout_1h,0.9010569291819291,0.006103633318063704
